Date,Open,High,Low,Close,Volume
2010-01-04,6.3836114340813985,6.415614667749794,6.352206406624995,6.400959014892578,493729600
2010-01-05,6.418608106236527,6.448218524320706,6.378229573631049,6.412027835845947,601904800
2010-01-06,6.4120270106369,6.437450379991876,6.30345495918553,6.310035228729248,552160000
2010-01-07,6.333362158003256,6.3408397342927,6.25260593142333,6.298367500305176,477131200
2010-01-08,6.28999473430469,6.340841468304788,6.252907543112988,6.340242862701416,447610800
2010-01-11,6.364769556807789,6.370751620073476,6.234662875472427,6.284313201904297,462229600
2010-01-12,6.256793684379384,6.274142062674857,6.173944525715691,6.212826728820801,594459600
2010-01-13,6.217315320529277,6.3088380876888435,6.104555830704177,6.3004631996154785,605892000
2010-01-14,6.284313204871239,6.294781416254468,6.251711359394519,6.263974189758301,432894000
2010-01-15,6.308838785815504,6.3288786987800725,6.157496171486407,6.159290790557861,594067600
2010-01-19,6.23107309689834,6.436253057069773,6.198472052938847,6.431766510009766,730007600
2010-01-20,6.427880960704439,6.4470231704701915,6.26607008650243,6.33276891708374,612152800
2010-01-21,6.343233557680792,6.3800220408090045,6.197573143978454,6.223295211791992,608154400
2010-01-22,6.18471411436789,6.2062487443882,5.896983647489865,5.914629936218262,881767600
2010-01-25,6.056998260755768,6.122499842458639,5.987607939446843,6.073747634887695,1065699600
2010-01-26,6.159887916907873,6.391986751411984,6.059092559420352,6.159588813781738,1867110000
2010-01-27,6.186806948500637,6.29836962909058,5.967868232784848,6.21761417388916,1722568400
2010-01-28,6.129380020445659,6.146428098361098,5.9430427837290445,5.960689067840576,1173502400
2010-01-29,6.014228453730677,6.047727206104738,5.690306947287805,5.744443416595459,1245952400
2010-02-01,5.753714980178916,5.8622870175083985,5.721711744779524,5.824301719665527,749876400
2010-02-02,5.859596329438228,5.871859159870132,5.783924826017855,5.858100414276123,698342400
2010-02-03,5.837462128570411,5.987907811311903,5.815029792703085,5.958895206451416,615328000
2010-02-04,5.88412070655222,5.933172819580394,5.729787489931005,5.744144439697266,757652000
2010-02-05,5.761491826323333,5.862287185362351,5.708252267725189,5.84613561630249,850306800
2010-02-08,5.853017291796521,5.918519301391321,5.802469644930454,5.806058883666992,478270800
2010-02-09,5.874849917057479,5.907152260900157,5.8249008854362385,5.867970943450928,632886800
2010-02-10,5.858997687205293,5.88023441257806,5.81024546562418,5.835967540740967,370361600
2010-02-11,5.828790402296702,5.97445048147563,5.804264336628151,5.942147731781006,550345600
2010-02-12,5.925397110300065,6.030978532339806,5.847333179825555,5.993292331695557,655468800
2010-02-16,6.039951803224887,6.092293664806821,6.027389868259502,6.083620071411133,543737600
2010-02-17,6.107248347933426,6.110837586259954,6.007648981055815,6.058197021484375,436396800
2010-02-18,6.030676100941764,6.098272590151526,6.009440583510012,6.069559097290039,422825200
2010-02-19,6.037558492774495,6.077637117382451,6.015125756234615,6.031875133514404,415469600
2010-02-22,6.051914766680642,6.056700017585901,5.957699274226511,5.994487762451172,390563600
2010-02-23,5.981927248209139,6.0217071766033845,5.853615165368803,5.893992900848389,575094800
2010-02-24,5.928986624059701,6.0249967491504295,5.917321599918911,6.001667499542236,460566400
2010-02-25,5.903563197435648,6.067467735780884,5.888907541929462,6.041745662689209,665126000
2010-02-26,6.053111566521824,6.136559356775945,6.04174604505698,6.1201090812683105,507460800
2010-03-01,6.153905202105415,6.2660664664975645,6.144932508609062,6.250813007354736,550093600
2010-03-02,6.278927838196081,6.3058467188072465,6.213425854336245,6.246625900268555,566546400
2010-03-03,6.249318765133386,6.27713456168702,6.219409246358365,6.260982990264893,372052800
2010-03-04,6.259488808093046,6.308540135554312,6.240046700753109,6.3022589683532715,366041200
2010-03-05,6.428775648805852,6.571145542408631,6.41950345187903,6.548713207244873,899620400
2010-03-08,6.5804180863693595,6.582810512317471,6.527777128114303,6.552602291107178,429889600
2010-03-09,6.529571996544022,6.729667226588115,6.5170100626556815,6.670446395874023,920259200
2010-03-10,6.694671527543378,6.744022339457235,6.675828432181859,6.724879741668701,596218000
2010-03-11,6.697064924420288,6.744620323181152,6.679417840576331,6.744620323181152,405700400
2010-03-12,6.800551830450371,6.811319543295451,6.752098719994023,6.777522087097168,416323600
2010-03-15,6.741034646343361,6.744623086532371,6.587597879663725,6.694973945617676,493502800
2010-03-16,6.705140919248978,6.72906837203263,6.655191892342553,6.713216304779053,446908000
2010-03-17,6.726675498771764,6.773035287628042,6.677923284123544,6.703346252441406,450956800
2010-03-18,6.702747630729637,6.729666914965301,6.6581828575083435,6.719198703765869,342109600
2010-03-19,6.72338624388319,6.736845486856345,6.616907514737708,6.647415637969971,559445600
2010-03-22,6.59417647529988,6.759576920139032,6.58460517467817,6.722189426422119,456419600
2010-03-23,6.748808071301029,6.842724856615765,6.702746988032144,6.830162525177002,602431200
2010-03-24,6.808626526185915,6.885195314556841,6.804737786949678,6.86037015914917,597780400
2010-03-25,6.906733153614286,6.908229068993572,6.767054750596289,6.779018878936768,542284400
2010-03-26,6.847812105820011,6.937540676121717,6.835847976977055,6.9061360359191895,640875200
2010-03-29,6.96894310998228,6.994963880985294,6.927667681945577,6.950697422027588,540744400
2010-03-30,7.07661581183818,7.102936879417907,7.0063277952881915,7.054183483123779,527310000
2010-03-31,7.043419749160303,7.0769185061524205,7.012612521411764,7.028763294219971,430659600
2010-04-01,7.100848432055254,7.140328467621606,6.961469498433496,7.057778358459473,603145200
2010-04-05,7.0281653059217275,7.133745922823967,7.021883740416707,7.133147716522217,684507600
2010-04-06,7.12447414179449,7.185489587374595,7.08858256227561,7.164553165435791,447017200
2010-04-07,7.164853107910993,7.23573936908542,7.138233322153078,7.196258544921875,628502000
2010-04-08,7.191472597329194,7.2243731496641725,7.119689428839531,7.176816940307617,572989200
2010-04-09,7.221082755190254,7.234841500720501,7.1920701476479225,7.231849670410156,334182800
2010-04-12,7.244112386435404,7.27013396192997,7.2324477625718595,7.246804714202881,333026400
2010-04-13,7.233944138152103,7.26205903821241,7.211511000464077,7.2509918212890625,306210800
2010-04-14,7.336236940775224,7.3520890140044015,7.300046644814237,7.348499774932861,404076400
2010-04-15,7.3511873476932665,7.448393856869761,7.343111963466141,7.445104122161865,376784800
2010-04-16,7.434635858262052,7.5115041633448625,7.314399596755565,7.399641990661621,750545600
2010-04-19,7.388573618792508,7.414295682050416,7.231248611441935,7.389770030975342,566924400
2010-04-20,7.433740497775382,7.454976424731426,7.26684491267264,7.3155975341796875,738326400
2010-04-21,7.740610544863647,7.783980092910899,7.648787894326935,7.753172874450684,982391200
2010-04-22,7.723858810859708,7.978389455542393,7.6628426019124385,7.970014572143555,793424800
2010-04-23,8.015482014569164,8.140803451444139,7.985871997803697,8.100425720214844,796955600
2010-04-26,8.131830053198263,8.149177236588994,8.021462991577705,8.06064510345459,479068800
2010-04-27,7.993946520831813,8.010995000887993,7.792057087819471,7.83751916885376,709343600
2010-04-28,7.873709758325794,7.896141294957363,7.669128010435406,7.824358940124512,758402400
2010-04-29,7.866829839393643,8.075599027165739,7.836621621986638,8.03492259979248,558840800
2010-04-30,8.05496326406382,8.092649468018488,7.806415297359787,7.809106826782227,542463600
2010-05-03,7.891355873553101,8.012191132740183,7.862641975286179,7.966428756713867,454342000
2010-05-04,7.86294621213263,7.874909543725473,7.679300805910901,7.737025737762451,723819600
2010-05-05,7.568032593668312,7.720870679035775,7.439420660645589,7.656564712524414,883103200
2010-05-06,7.591960872843394,7.724161258745666,5.959493162984438,7.365246295928955,1285860800
2010-05-07,7.289276919591063,7.374818031210971,6.73594802859363,7.054485321044922,1676018400
2010-05-10,7.484885530404795,7.616487730803058,7.4334405837241295,7.596746921539307,984306400
2010-05-11,7.532439789026962,7.773212587782284,7.492361571867014,7.672417640686035,848906800
2010-05-12,7.753774638812707,7.870123807729553,7.737624660472342,7.839017868041992,654379600
2010-05-13,7.87281775581314,7.926057352610225,7.668834066332703,7.727457523345947,599712400
2010-05-14,7.631739035499147,7.671219842121855,7.462450691005343,7.591660022735596,759362800
2010-05-17,7.617983680314363,7.662250151098553,7.408914955782522,7.603626728057861,762834800
2010-05-18,7.686176103737452,7.733134094553985,7.485182804802204,7.5479936599731445,782678400
2010-05-19,7.4624529078233435,7.564743792275469,7.323373532790362,7.427757740020752,1025726800
2010-05-20,7.234541285094867,7.293464209704062,7.064954181974367,7.11131477355957,1282915200
2010-05-21,6.963558348799819,7.312903566954233,6.9195913929454305,7.2477006912231445,1223891200
2010-05-24,7.396054158906663,7.504327114670497,7.365546433044228,7.380500793457031,754238800
2010-05-25,7.158869798710002,7.380500042437802,7.093368205261228,7.334439754486084,1048006400
2010-05-26,7.479801449573694,7.541116403793462,7.290472729645426,7.30124044418335,850654000
2010-05-27,7.49535151252874,7.593754429723237,7.450786351366025,7.577602863311768,666282400
2010-05-28,7.758260710303837,7.75855941415602,7.577605578911502,7.683187007904053,815614800
2010-06-01,7.7672316999373505,7.954166768821738,7.745397570160581,7.801328659057617,876472800
2010-06-02,7.912293008326273,7.920069689810586,7.7863733842635865,7.894647121429443,688548000
2010-06-03,7.931435355962301,7.942502572018869,7.788766745251698,7.8698225021362305,650106800
2010-06-04,7.722966385537215,7.833332664756656,7.615890640668938,7.655670166015625,758304400
2010-06-07,7.725358842544676,7.751080916393975,7.493857781880941,7.505523204803467,886942000
2010-06-08,7.574313942344747,7.591063716718781,7.347299870329625,7.457367420196533,1000770400
2010-06-09,7.521374737160158,7.534236571841136,7.252786500053209,7.274021625518799,854630000
2010-06-10,7.323077317429925,7.506721947618128,7.244115645284133,7.4926652908325195,776356000
2010-06-11,7.424467055171235,7.59285851827943,7.3987449854362115,7.582390308380127,545759200
2010-06-14,7.65566863867813,7.751079739705983,7.597344727613022,7.605420112609863,602960400
2010-06-15,7.646099839310546,7.772019500112259,7.641912394212625,7.767233848571777,585074000
2010-06-16,7.809403302936885,8.00830247847683,7.795345856096943,7.993348121643066,783678000
2010-06-17,8.093543166704654,8.16233606890135,8.060642630179116,8.131528854370117,872855200
2010-06-18,8.142893413976664,8.225145548332007,8.118068262090318,8.197328567504883,784621600
2010-06-21,8.305603652807381,8.345084464058925,8.037613659673491,8.080683708190918,776490400
2010-06-22,8.140204797821662,8.25416029643172,8.120464789666084,8.190752029418945,717262000
2010-06-23,8.212587557129883,8.214980382607449,8.012790623120056,8.104613304138184,768457200
2010-06-24,8.105506845205221,8.17130871981357,8.018769353717088,8.04568862915039,714277200
2010-06-25,8.077394289719429,8.083675055844122,7.950277461590443,7.976897239685059,549942400
2010-06-28,7.983778737224344,8.068125044280665,7.911696859862335,8.024755477905273,584948000
2010-06-29,7.899731618051127,7.90780780296846,7.606019493511044,7.661950588226318,1133344800
2010-06-30,7.678101931217242,7.715788134720479,7.477708383372747,7.523170471191406,739452000
2010-07-01,7.606017420524231,7.620972574930969,7.274619185602234,7.431943416595459,1022896000
2010-07-02,7.492062787407321,7.5052241248512885,7.27402177960632,7.385884761810303,693842800
2010-07-06,7.507318778630972,7.5611557585277405,7.362556021180684,7.4364333152771,615235600
2010-07-07,7.492062638700768,7.739715253156861,7.469930603099656,7.73672342300415,654556000
2010-07-08,7.850680541090705,7.863242874609038,7.623666419600625,7.719377040863037,738144400
2010-07-09,7.683485608316987,7.773513670275563,7.631741955346757,7.765139579772949,433322400
2010-07-12,7.732536388394788,7.831836232493419,7.622768333981747,7.695448398590088,562878400
2010-07-13,7.6664379524893675,7.668829979303478,7.3706308916471475,7.531245708465576,1190924000
2010-07-14,7.458866018936064,7.650884696389172,7.447499297847674,7.5590620040893555,812047600
2010-07-15,7.424466986917546,7.685876722905424,7.3966507962544465,7.52077579498291,824866000
2010-07-16,7.572521135245844,7.626059407418218,7.429852509851336,7.474417686462402,1039858400
2010-07-19,7.47381918293376,7.47381918293376,7.166348308651847,7.345207214355469,1024478000
2010-07-20,7.265047252333582,7.564143126290452,7.178608464094067,7.533934116363525,1074950800
2010-07-21,7.928744522497677,7.930539141582672,7.597047481024804,7.604225158691406,1185671200
2010-07-22,7.707111462437504,7.776501777884406,7.636225232292135,7.747190475463867,645318800
2010-07-23,7.689466823110679,7.78786976338175,7.665239867148544,7.774709224700928,533388800
2010-07-26,7.776503269858596,7.7794943011562845,7.708010649824622,7.754968643188477,420551600
2010-07-27,7.80252561102896,7.920070357244954,7.785477130290203,7.89853572845459,584771600
2010-07-28,7.886273989106918,7.955664334297016,7.783983090525314,7.80521821975708,519985200
2010-07-29,7.797740702951076,7.855765124017551,7.659857727452926,7.719975471496582,643806800
2010-07-30,7.653575585285505,7.767530285301903,7.623963975684945,7.694252014160156,448210000
2010-08-02,7.789664828462058,7.853970013106941,7.7651391672799805,7.831837177276611,428055600
2010-08-03,7.806714203787792,7.8740104278291785,7.759157992485628,7.834230899810791,417653600
2010-08-04,7.861446044373093,7.904515292689545,7.78577495805127,7.865633487701416,420375200
2010-08-05,7.828246095902637,7.871615645854022,7.7929527289483485,7.8273491859436035,289097200
2010-08-06,7.7699246177450645,7.821070864241277,7.705618629474025,7.7791972160339355,444897600
2010-08-09,7.820771698438506,7.840812014548972,7.763644977155496,7.828847885131836,303128000
2010-08-10,7.772016356114668,7.789962542131741,7.703223441722388,7.758855819702148,451920000
2010-08-11,7.63892180692063,7.647595400599341,7.47172670799843,7.483091831207275,620054400
2010-08-12,7.378407306963192,7.570128049494575,7.361358825319549,7.530946731567383,534920400
2010-08-13,7.526759311071929,7.53363828478429,7.45019049535104,7.4504899978637695,354869200
2010-08-16,7.405027585419268,7.477708463817441,7.376313678690063,7.406822204589844,318430000
2010-08-17,7.479799503962139,7.615888620838505,7.453478430827067,7.5363287925720215,422640400
2010-08-18,7.547997330458533,7.617088186602002,7.524667276257059,7.56923246383667,339696000
2010-08-19,7.562349470081312,7.581492068485762,7.437925775145045,7.473817348480225,426706000
2010-08-20,7.459165674444604,7.5946558570139135,7.447500247983265,7.4666428565979,384230000
2010-08-23,7.5309453106753805,7.537226076830644,7.335336663110691,7.351786136627197,414041600
2010-08-24,7.258171184096274,7.268040391080274,7.137934101097717,7.176218509674072,602565600
2010-08-25,7.119687165814112,7.297649913853765,7.094563304430487,7.264748573303223,596867600
2010-08-26,7.3413173138668455,7.350290406677477,7.186684608459473,7.186684608459473,466505200
2010-08-27,7.230654373264573,7.256376447796628,7.045513100851045,7.2267656326293945,548391200
2010-08-30,7.201039620819913,7.350289245638849,7.198646796448378,7.253082752227783,383289200
2010-08-31,7.233643411275186,7.314699160788522,7.1887795395128835,7.271030902862549,420786800
2010-09-01,7.401737964953883,7.521077359177025,7.366145878352445,7.487279891967773,697037600
2010-09-02,7.515093679467334,7.542311668395996,7.434636924025697,7.542311668395996,415427600
2010-09-03,7.629648009155512,7.740014279995637,7.612001322027109,7.739715576171875,520788800
2010-09-07,7.676006730626009,7.7624455352519615,7.664342108332683,7.711001396179199,342557600
2010-09-08,7.769921429396197,7.907805148973834,7.749582420685844,7.863838195800781,526551200
2010-09-09,7.927245905544075,7.971511559414424,7.86383765655312,7.868323802947998,438575200
2010-09-10,7.871915900579639,7.91109801487135,7.818377633402759,7.878496170043945,387542400
2010-09-13,7.950578388107915,8.024156170772704,7.948784567756597,7.987068176269531,388780000
2010-09-14,7.962244273974723,8.050776430532173,7.941606551257833,8.017577171325684,408150400
2010-09-15,8.020863034837939,8.086963609547034,8.010992235050237,8.08217716217041,429368800
2010-09-16,8.082778135409319,8.275096248148172,8.060644504764703,8.27210521697998,652103200
2010-09-17,8.305606089920161,8.313682275474783,8.185669303454816,8.23621654510498,634477200
2010-09-20,8.257453321373232,8.4877580340912,8.25057434589253,8.471307754516602,658677600
2010-09-21,8.490148649628532,8.594532862367732,8.458145009233784,8.487456321716309,668074400
2010-09-22,8.455748260620018,8.613371966713885,8.446775169531458,8.60649299621582,585289600
2010-09-23,8.564024264838617,8.756343194108819,8.554154260403692,8.64148998260498,786116800
2010-09-24,8.736605571030477,8.779376134377125,8.690245768968566,8.743185043334961,649488000
2010-09-27,8.79283203740245,8.815263572834677,8.704000409655029,8.708486557006836,482834800
2010-09-28,8.726734899394494,8.726734899394494,8.225151160664064,8.579878807067871,1035042400
2010-09-29,8.590942522821871,8.668109534747062,8.554154035016179,8.59512996673584,469644000
2010-09-30,8.64388393069192,8.673793447599923,8.41208417631326,8.486858367919922,673391600
2010-10-01,8.558640116242547,8.571501151684625,8.415073806429092,8.450068473815918,448142800
2010-10-04,8.422552756605297,8.46143457121864,8.307998239591015,8.334020614624023,435302000
2010-10-05,8.43451610210952,8.657341952267927,8.429131446894308,8.642088890075684,501967200
2010-10-06,8.661526002980695,8.73330913140468,8.532017188926183,8.649561882019043,670868800
2010-10-07,8.68396090050751,8.688148344083382,8.581371328254834,8.65046215057373,408399600
2010-10-08,8.724938797696119,8.80838658824795,8.6737941505902,8.795525550842285,658403200
2010-10-11,8.815561746805805,8.890335110883852,8.81137430424037,8.834104537963867,427753200
2010-10-12,8.835602918497598,8.957934099476212,8.748266403674831,8.929220199584961,558544000
2010-10-13,8.97887305705557,9.031513624386857,8.966908928719615,8.977078437805176,630092400
2010-10-14,9.023435396650664,9.046764640888613,8.984851494249591,9.041979789733887,435296400
2010-10-15,9.195418670059707,9.421535915392402,9.119747551061517,9.413759231567383,922194000
2010-10-18,9.525320342335148,9.541171611213228,9.400297622143844,9.511262893676758,1093010800
2010-10-19,9.074581613744206,9.384743982568963,8.97348714843071,9.256731033325195,1232784000
2010-10-20,9.242074496780251,9.399100036285434,9.178367530714931,9.287836074829102,721624400
2010-10-21,9.342569408995017,9.413754341995398,9.1762720961727,9.2576265335083,551460000
2010-10-22,9.244166846138873,9.273179445563226,9.161318088332163,9.196311950683594,372778000
2010-10-25,9.24476931519853,9.319841421056232,9.225327208375964,9.23729133605957,392462000
2010-10-26,9.1783659241934,9.264206505484328,9.141875350978157,9.213659286499023,392929600
2010-10-27,9.201700797401184,9.268997030224005,9.140385830749858,9.207084655761719,399002800
2010-10-28,9.210668977063236,9.212164891942306,8.999807275622759,9.12961483001709,551051200
2010-10-29,9.09940954104915,9.148760376147298,8.998912452793581,9.002202987670898,430511200
2010-11-01,9.039285420217803,9.140379853973977,9.038687214124458,9.097908020019531,423889200
2010-11-02,9.182255060656244,9.27766615359437,9.182255060656244,9.252840995788574,433930000
2010-11-03,9.312961564705425,9.35812574309568,9.228018662219164,9.355732917785645,508348400
2010-11-04,9.434993114254418,9.57646611317576,9.422430781570117,9.519338607788086,642488000
2010-11-05,9.510962851945996,9.558219549435316,9.473874862267083,9.48523998260498,361253200
2010-11-08,9.48733239135011,9.564199885683164,9.474171855923277,9.529804229736328,281758400
2010-11-09,9.60248712067848,9.609965099173525,9.406579738105798,9.453836441040039,383544000
2010-11-10,9.470585360683602,9.534293136706063,9.378164479545195,9.512160301208496,384227200
2010-11-11,9.421533655999795,9.523227130438876,9.399101318913132,9.470885276794434,361284000
2010-11-12,9.451444241706449,9.466398602340327,9.081462785188558,9.213064193725586,795846800
2010-11-15,9.225924452698969,9.288136307433998,9.16042206414223,9.183452606201172,403606000
2010-11-16,9.143972634464824,9.200202431686165,8.952550603770193,9.020445823669434,657650000
2010-11-17,9.008778977358181,9.09222674245398,8.905889910826149,8.987842559814453,479449600
2010-11-18,9.128416877487508,9.26211316076988,9.113163818202889,9.225025177001953,494491200
2010-11-19,9.211266102687764,9.224127134392596,9.129612967410162,9.174178123474121,384843200
2010-11-22,9.172684454862516,9.372481346130371,9.148458300094875,9.372481346130371,393075200
2010-11-23,9.28544419405395,9.324327602501771,9.169095867208853,9.233999252319336,519447600
2010-11-24,9.331802013547058,9.433495462986086,9.324325634587217,9.415549278259277,413725200
2010-11-26,9.383848336222096,9.502290799608696,9.359920880469872,9.421534538269043,237585600
2010-11-29,9.436487943682819,9.495708770046557,9.313260640554509,9.47746467590332,445785200
2010-11-30,9.377865839370848,9.402392299024001,9.298007290598202,9.306382179260254,501858000
2010-12-01,9.429606408022149,9.50378237173078,9.421531024501919,9.463404655456543,461750800
2010-12-02,9.497203630742401,9.54117059090886,9.418242005241636,9.515748023986816,462837200
2010-12-03,9.481655332207994,9.530706668087614,9.461615813702139,9.494516372680664,342092800
2010-12-06,9.530404975373823,9.640772043838249,9.523824705907021,9.575569152832031,448481600
2010-12-07,9.684740802069587,9.690422565105028,9.51485417049362,9.517545700073242,391454000
2010-12-08,9.560016214135787,9.601591159026734,9.48464460479368,9.60129165649414,321935600
2010-12-09,9.634790059510616,9.6458556784217,9.54177017475161,9.56390380859375,294151200
2010-12-10,9.56061541023484,9.602489063319686,9.52920997075283,9.587833404541016,262511200
2010-12-13,9.701787864480751,9.722425583812484,9.600992093174948,9.621030807495117,439815600
2010-12-14,9.622824881068832,9.647051835045836,9.541170925317957,9.579754829406738,351008000
2010-12-15,9.571082491987719,9.66081185208317,9.54685633148842,9.5818510055542,417312000
2010-12-16,9.603681452426372,9.64914432518509,9.574071443385094,9.608467102050781,322030800
2010-12-17,9.619833624445821,9.624619274370973,9.577959986273955,9.589325904846191,386929200
2010-12-20,9.618933534534085,9.66828513783338,9.518138603294103,9.637178421020508,385610400
2010-12-21,9.660812324768033,9.70238647240698,9.632398718197871,9.696703910827637,256354000
2010-12-22,9.701484922402432,9.742162140305949,9.677257973630853,9.725412368774414,265921600
2010-12-23,9.72063035624741,9.725116504166495,9.665895677737398,9.678756713867188,223157200
2010-12-27,9.656326631371474,9.733792368723035,9.616546302419833,9.711060523986816,249816000
2010-12-28,9.747844680228974,9.770277010578592,9.722422117927602,9.734684944152832,175924000
2010-12-29,9.757118753279086,9.76399852465854,9.723620001135085,9.729303359985352,163139200
2010-12-30,9.734989583167593,9.73588649356534,9.662309491355082,9.680554389953613,157494400
2010-12-31,9.6593143873098,9.675166453267638,9.610262274505871,9.647649765014648,193508000
2011-01-03,9.739774111864326,9.877956600351084,9.715846653709976,9.857318878173828,445138400
2011-01-04,9.943157642895155,9.94495226182154,9.814845185015239,9.908761978149414,309080800
2011-01-05,9.856714644096407,9.999981400210716,9.855218729622733,9.989811897277832,255519600
2011-01-06,10.011350007533457,10.027202072914152,9.956914839246872,9.98173999786377,300428800
2011-01-07,9.989513950911094,10.060100673391775,9.927002611446959,10.053221702575684,311931200
2011-01-10,10.134278871545082,10.265881047979047,10.08462935160275,10.242551803588867,448560000
2011-01-11,10.31523455366986,10.317626580364706,10.153423332175443,10.218327522277832,444108000
2011-01-12,10.266480547954217,10.301773120020954,10.229093055963265,10.301473617553711,302590400
2011-01-13,10.323612162366015,10.367878648091635,10.284430831617662,10.339164733886719,296780400
2011-01-14,10.345442109661567,10.422907829284668,10.302073350666031,10.422907829284668,308840000
2011-01-18,9.855821691958365,10.311644542998547,9.75053977151162,10.188715934753418,1880998000
2011-01-19,10.419018190227435,10.426496167713085,10.075956089492044,10.134578704833984,1135612800
2011-01-20,10.06249734764784,10.118428441408406,9.873767643521083,9.950336456298828,764789200
2011-01-21,9.982933336320016,10.016133374390444,9.76937855801077,9.77207088470459,754401200
2011-01-24,9.77655939441439,10.093003273010254,9.772072448764204,10.093003273010254,574683200
2011-01-25,10.059508286313774,10.212346427169214,10.006866921895396,10.211149215698242,546868000
2011-01-26,10.257807859118683,10.336769501352059,10.214140392152183,10.284427642822266,506875600
2011-01-27,10.282336840405927,10.30955483925605,10.25392322712232,10.265288352966309,285026000
2011-01-28,10.29399554275389,10.300874514289161,9.975757052219562,10.052623748779297,592057200
2011-01-31,10.043652465102875,10.170469788344302,9.998788595729568,10.148934364318848,377246800
2011-02-01,10.20815852886645,10.33826482078846,10.19858722691134,10.319721221923828,426633200
2011-02-02,10.30237735895368,10.326304024212487,10.275458063521803,10.29848861694336,258955200
2011-02-03,10.282931104949492,10.29609164408264,10.125905538868063,10.272163391113281,393797600
2011-02-04,10.27814371536446,10.369667670140373,10.274255774251417,10.363685607910156,321840400
2011-02-07,10.405261768295093,10.565577073912143,10.39778458838812,10.524601936340332,485021600
2011-02-08,10.578434533169242,10.633467896288067,10.532672965140053,10.623896598815918,381040800
2011-02-09,10.623600279733367,10.737556569157812,10.614029778785993,10.712431907653809,482745200
2011-02-10,10.689399663419985,10.767463560991478,10.408547097305947,10.604156494140625,928550000
2011-02-11,10.610439196239374,10.701662838826449,10.574248123473978,10.673249244689941,367572800
2011-02-14,10.671456299531476,10.75191224402609,10.669063474554497,10.742939949035645,310416400
2011-02-15,10.743240849446954,10.76657089774269,10.694189524736025,10.764476776123047,284174800
2011-02-16,10.79139430189498,10.914024200086656,10.782422005869883,10.861084938049316,481157600
2011-02-17,10.685218665814132,10.775545443299348,10.663383731159781,10.716623306274414,530583200
2011-02-18,10.728886786164576,10.752515542911661,10.454016897215327,10.485123634338379,816057200
2011-02-22,10.233579008517134,10.330785527432797,10.101079918207468,10.12769889831543,872555600
2011-02-23,10.132488664303569,10.308057064735182,10.127702214064577,10.247640609741211,671854400
2011-02-24,10.289509854543327,10.323307306236607,10.120520200057475,10.255412101745605,499900800
2011-02-25,10.326601279147745,10.421415002403215,10.312843329817433,10.413339614868164,380018800
2011-02-28,10.50545947221819,10.619414986039619,10.501870234133838,10.56438159942627,403074000
2011-03-01,10.631977442859903,10.639454622952494,10.398981259220522,10.447733879089355,456136800
2011-03-02,10.467170812620815,10.598474257177733,10.420511535151807,10.53177547454834,602590800
2011-03-03,10.683420396464115,10.761184811992777,10.645434699390583,10.754305839538574,500788400
2011-03-04,10.769561775369898,10.776142045307807,10.700171435189594,10.767468452453613,453266800
2011-03-07,10.809341388124857,10.817417573360151,10.507553865459307,10.628687858581543,546123200
2011-03-08,10.615224524980905,10.689699996056792,10.535664700733733,10.640647888183594,356316800
2011-03-09,10.60864515885718,10.610739279992647,10.48631557921007,10.542245864868164,453306000
2011-03-10,10.4420507903388,10.461492896696095,10.315832440990938,10.368772506713867,507539200
2011-03-11,10.328688556488837,10.537757190421585,10.318819354099308,10.527886390686035,471080400
2011-03-14,10.563485114154794,10.662187575560639,10.507554810878535,10.574851036071777,435957200
2011-03-15,10.232083815704389,10.403765014757868,10.172264788514392,10.331683158874512,721081200
2011-03-16,10.229096780536594,10.25900630581593,9.758318664274336,9.870479583740234,1162011200
2011-03-17,10.074460405935323,10.157609479516017,9.88991816568108,10.00895881652832,659422400
2011-03-18,10.083433630645496,10.115437269471657,9.87017826865674,9.890217781066895,753214000
2011-03-21,10.049334184779516,10.161494239259076,10.02749926186669,10.148334503173828,409402000
2011-03-22,10.245843893016824,10.247638511986517,10.143552209090965,10.20516586303711,325922800
2011-03-23,10.147736808819952,10.175851699457539,10.048137480604195,10.145045280456543,372996400
2011-03-24,10.224602940296052,10.348727895975847,10.135173135630232,10.317920684814453,404712000
2011-03-25,10.41064232211966,10.529981653625933,10.379236898597757,10.514429092407227,448910000
2011-03-28,10.562584021521229,10.597578683704043,10.481528282165527,10.481528282165527,309355200
2011-03-29,10.398378242457305,10.497079849243164,10.35052335359489,10.497079849243164,352900800
2011-03-30,10.48751053004918,10.494689803007525,10.391799935599387,10.42739200592041,329406000
2011-03-31,10.35950115463797,10.462390258677226,10.35052885737597,10.423807144165039,274019200
2011-04-01,10.501573076077644,10.51592923185485,10.267977855740432,10.3056640625,418661600
2011-04-04,10.298186916311998,10.306860509645945,10.12142052177831,10.20486831665039,460084800
2011-04-05,10.079247016529676,10.236571286024569,10.049636202894302,10.136075019836426,482731200
2011-04-06,10.205764218226523,10.285921464415843,10.083732532077198,10.110651016235352,402539200
2011-04-07,10.11244719255495,10.182136238824036,10.050534030517044,10.111849784851074,373447200
2011-04-08,10.166881546333746,10.17376051923428,9.988321364011068,10.021520614624023,377535200
2011-04-11,9.991614193128669,10.039768619539174,9.870780470558472,9.894109725952148,398946800
2011-04-12,9.884834885942595,9.981742721994445,9.876161292783738,9.941963195800781,425639200
2011-04-13,10.020327770920423,10.053826535941747,9.945553556448607,10.05352783203125,346220000
2011-04-14,10.013743233754859,10.04963480946504,9.931791374932416,9.942558288574219,301800800
2011-04-15,9.968877882268504,9.97904738764789,9.774465659701555,9.794205665588379,453605600
2011-04-18,9.753531432092203,9.93687728049824,9.575868144514384,9.925511360168457,609898800
2011-04-19,9.962896689419205,10.108855009589865,9.921321757646009,10.105266571044922,419378400
2011-04-20,10.274258355202521,10.341255871664702,10.214140611369926,10.241357803344727,700666400
2011-04-21,10.61792146356558,10.621810205036631,10.42410735537502,10.489310264587402,753810400
2011-04-25,10.478540652283668,10.580532834589622,10.477343440953565,10.558399200439453,266546000
2011-04-26,10.576644765664657,10.617620703750585,10.448930501802568,10.480934143066406,338800000
2011-04-27,10.535370758409215,10.538661293208598,10.381635694704478,10.472859382629395,356213200
2011-04-28,10.354418355001151,10.460895914735687,10.334378837071844,10.37116813659668,360959200
2011-04-29,10.372061961643299,10.586513731544278,10.368771427614801,10.472259521484375,1006345200
2011-05-02,10.460595424457523,10.482429558114845,10.33377886587079,10.357108116149902,442713600
2011-05-03,10.408251894756257,10.465079894718778,10.337365647701688,10.414532661437988,313348000
2011-05-04,10.416328974275329,10.523106817269404,10.375053532401095,10.455511093139648,389250400
2011-05-05,10.42051817497107,10.496788303868964,10.350230909602269,10.37116813659668,335969200
2011-05-06,10.459101238795016,10.46837303922626,10.355015714839398,10.368474960327148,280134400
2011-05-09,10.40436325496497,10.444443076611876,10.364583734474614,10.396587371826172,204747200
2011-05-10,10.435168828429646,10.459097076372645,10.368470833971438,10.451918601989746,282091600
2011-05-11,10.439060961573205,10.468372276158702,10.32600234930907,10.38552188873291,336000000
2011-05-12,10.352319528599867,10.382229038304892,10.237167636699931,10.365777969360352,322000000
2011-05-13,10.338563893688212,10.356209782924575,10.179743702500705,10.184229850769043,326116000
2011-05-16,10.145346395272595,10.205763629238719,9.947941527261026,9.968878746032715,449775200
2011-05-17,9.929997959139182,10.053823471069336,9.89201225765175,10.053823471069336,452334400
2011-05-18,10.063696354830215,10.200682444816504,10.049638901808947,10.165389060974121,334776400
2011-05-19,10.231484176792199,10.24135417912205,10.129492022922102,10.185124397277832,261170000
2011-05-20,10.156109855192732,10.197684776135269,10.020320277174683,10.026302337646484,337968400
2011-05-23,9.86927858019843,10.049035136292176,9.852828310344018,10.001777648925781,383600000
2011-05-24,10.034685388797234,10.04664951947756,9.910260825742675,9.935684204101562,321927200
2011-05-25,9.972769002070327,10.126206145611732,9.955421815449192,10.072966575622559,294224000
2011-05-26,10.04873936074389,10.07625605309946,10.002678272260143,10.019726753234863,222560800
2011-05-27,10.013748177647221,10.098392405674769,9.999092516874956,10.091812133789062,203599200
2011-05-31,10.202175935920089,10.403467178344727,10.19918410554092,10.403467178344727,417754400
2011-06-01,10.43457587567623,10.53208033297831,10.308357508583889,10.334078788757324,554682800
2011-06-02,10.36368875272468,10.407955227987546,10.297887645571647,10.351724624633789,338783200
2011-06-03,10.26438750757157,10.328692690743395,10.229392836940548,10.272163391113281,313250000
2011-06-06,10.33975923140543,10.380136957642662,10.103772043292848,10.110651016235352,461941200
2011-06-07,10.114537074473374,10.116032190453149,9.92700304783699,9.931190490722656,529785200
2011-06-08,9.92342161348265,10.013748406319186,9.88962414149015,9.937179565429688,333723600
2011-06-09,9.967383978009277,9.979946309711226,9.892609791415623,9.914743423461914,275088800
2011-06-10,9.886627463703752,9.919827511546679,9.735882682013898,9.74754810333252,433955200
2011-06-13,9.786431414695008,9.819631467633753,9.722724435390429,9.768486022949219,329473200
2011-06-14,9.870178573672957,9.967385107123675,9.84954085430424,9.943158149719238,334569200
2011-06-15,9.86270354237704,9.879153820954475,9.717043062385038,9.772974967956543,399196000
2011-06-16,9.777455503074329,9.830694250953428,9.521130168077244,9.725412368774414,510591200
2011-06-17,9.839970248537707,9.847746930867023,9.551939889236564,9.578858375549316,615020000
2011-06-20,9.492120103838554,9.502289610697042,9.286940139851074,9.43110466003418,640645600
2011-06-21,9.47178228319446,9.744557172814952,9.427515814875793,9.729602813720703,493382400
2011-06-22,9.725415388093827,9.837278371061895,9.642266308094236,9.64914608001709,390583200
2011-06-23,9.539376062716455,9.920724154243834,9.514851204248862,9.906966209411621,559759200
2011-06-24,9.911156788875894,9.964395563677286,9.723323963652506,9.76101016998291,439807200
2011-06-27,9.79809322159993,9.986822861816295,9.787923717449027,9.931190490722656,339813600
2011-06-28,9.979345753227117,10.070570198767852,9.973064987689275,10.02750015258789,294299600
2011-06-29,10.050829683362348,10.060699685470274,9.926405200566466,9.991010665893555,352545200
2011-06-30,10.010755451288036,10.053526811971983,9.955123850286405,10.039767265319824,322954800
2011-07-01,10.048140823384852,10.273958530852784,9.99579896537127,10.266780853271484,435313200
2011-07-05,10.25900267953471,10.463285727219828,10.244048321517772,10.451321601867676,355054000
2011-07-06,10.436966308950208,10.5910016519653,10.369968793684714,10.521012306213379,444626000
2011-07-07,10.60805137896502,10.70764995467193,10.588011064128905,10.683722496032715,399663600
2011-07-08,10.568268565842734,10.76746726777044,10.534171605862069,10.758792877197266,489633200
2011-07-11,10.657999180126154,10.760589574754343,10.552716457526273,10.58800983428955,442674400
2011-07-12,10.573951959243296,10.698077777964302,10.427095896975658,10.580533027648926,451609200
2011-07-13,10.717521048415058,10.767470891284322,10.659197113310553,10.708250045776367,391638800
2011-07-14,10.797674531825136,10.815620719001977,10.657996968994864,10.700767517089844,430533600
2011-07-15,10.80246236334762,10.9170160859382,10.742643324690512,10.914623260498047,484467200
2011-07-18,10.929874584447324,11.20564126298042,10.925388437125807,11.180218696594238,572653200
2011-07-19,11.305844766880352,11.32528607997512,11.165867632067467,11.271449089050293,819145600
2011-07-20,11.84780232847559,11.852288476048507,11.54511635303145,11.57203483581543,941340400
2011-07-21,11.573533532304298,11.666551831894495,11.482309053235795,11.58370304107666,526534400
2011-07-22,11.614505246624475,11.815797233733107,11.597456769810641,11.763455390930176,516728800
2011-07-25,11.67522448648691,11.9638530604421,11.653391152712091,11.918989181518555,589806000
2011-07-26,11.963853301410019,12.098447336911647,11.954282798286295,12.065845489501953,476582400
2011-07-27,11.981497788861855,12.042812731726443,11.729060341047536,11.742220878601074,659324400
2011-07-28,11.71320838036264,11.873822356935626,11.60882339217195,11.719189643859863,594034000
2011-07-29,11.594170481172553,11.818791777417907,11.485299319942992,11.679113388061523,632584400
2011-08-01,11.897455106545115,11.948899261174706,11.735643864417018,11.86664867401123,612836000
2011-08-02,11.8935660070605,11.901043187225474,11.615406438985648,11.632155418395996,639539600
2011-08-03,11.694066875861974,11.770935189185948,11.432657904755006,11.741623878479004,732508000
2011-08-04,11.647109035833962,11.70423573898216,11.286398635149707,11.286996841430664,871407600
2011-08-05,11.378820525415565,11.470344497231826,10.844335545067457,11.174836158752441,1204590800
2011-08-08,10.818014701333627,10.999865437574016,10.558698239789363,10.56438159942627,1143833600
2011-08-09,10.806347923691336,11.204445782488008,10.6179169551752,11.18649959564209,1082583600
2011-08-10,11.100958719238184,11.205642422742452,10.842241290565763,10.877833366394043,878656800
2011-08-11,11.082118561743533,11.229573654278393,10.908642687002654,11.177231788635254,741969200
2011-08-12,11.307934403360143,11.354892403142573,11.193081980522953,11.275632858276367,528976000
2011-08-15,11.354590885370845,11.51430874422404,11.308529807178727,11.467649459838867,460544000
2011-08-16,11.411122100524377,11.466454984720817,11.24781497692196,11.38001537322998,498750000
2011-08-17,11.43474959632226,11.500849387893732,11.305838949426523,11.37881851196289,442061200
2011-08-18,11.091688149888673,11.145825425160213,10.808443433563285,10.948420524597168,851435200
2011-08-19,10.83237182144477,10.97683586122068,10.647829553119571,10.648726463317871,775888400
2011-08-22,10.902358894929181,10.913426110368857,10.620610128394596,10.660987854003906,535315200
2011-08-23,10.77643795798234,11.175432710013526,10.677736330498178,11.174236297607422,656835200
2011-08-24,11.170353743253182,11.334557842885731,11.08451310226597,11.251409530639648,626267600
2011-08-25,10.919409224523356,11.229572442374497,10.917016399014582,11.177828788757324,871346000
2011-08-26,11.10155786955118,11.479316783316053,11.09049145171137,11.472737312316895,641477200
2011-08-29,11.610321097018307,11.709621753840844,11.604938038537917,11.663859367370605,405269200
2011-08-30,11.612412269642231,11.719788292975942,11.551396830544604,11.66445541381836,417922400
2011-08-31,11.681804466025135,11.726967843250325,11.421291614817887,11.510123252868652,522586400
2011-09-01,11.539733864879524,11.585195945126493,11.387194457120685,11.396466255187988,343725200
2011-09-02,11.208337196333952,11.305843251342177,11.12130095231891,11.187700271606445,438939200
2011-09-06,10.987904134515725,11.375533161839423,10.961284344552176,11.357887268066406,509698000
2011-09-07,11.53195841464049,11.533154827336501,11.425479282042236,11.483205795288086,350576800
2011-09-08,11.437441641427087,11.623181089747954,11.434750112613699,11.489484786987305,416158400
2011-09-09,11.483206084558912,11.545118446453696,11.216710341186083,11.290288925170898,564813200
2011-09-12,11.15629117957494,11.391978039883314,11.123389837612596,11.363863945007324,467832400
2011-09-13,11.429666520353516,11.551398714620527,11.3731372194965,11.503843307495117,440560400
2011-09-14,11.575623986444786,11.730854914319849,11.53793779136083,11.643817901611328,534724400
2011-09-15,11.707528584871294,11.774227400359782,11.661766993350987,11.753290176391602,417818800
2011-09-16,11.830455325620179,11.978806495666504,11.815201464202687,11.978806495666504,698513200
2011-09-19,11.874121049631707,12.359554612219675,11.820284886167792,12.311698913574219,823860800
2011-09-20,12.41997447813843,12.647587599105037,12.298541785118259,12.366137504577637,775754000
2011-09-21,12.551278547254878,12.609602470386406,12.32276930436762,12.326956748962402,605976000
2011-09-22,11.994659707010536,12.257565395166484,11.865150833808414,12.018287658691406,968480800
2011-09-23,11.9722273724312,12.165444020891012,11.959366335856815,12.092464447021484,546277200
2011-09-26,11.959662241869474,12.082890319239333,11.703636385572016,12.058663368225098,812876400
2011-09-27,12.22496587446145,12.240518443098784,11.905830328770335,11.94172191619873,632497600
2011-09-28,11.969535595506395,12.075715225765972,11.859468023315163,11.87442398071289,429637600
2011-09-29,12.021278165878792,12.029951757246161,11.551397135640267,11.681803703308105,651086800
2011-09-30,11.578612848743505,11.631553692624896,11.400949619106363,11.405137062072754,547640800
2011-10-03,11.376728037321342,11.444622464573785,11.161378533177254,11.204148292541504,669099200
2011-10-04,11.203253429192042,11.419499883075996,10.595191310022416,11.141340255737305,1233677200
2011-10-05,11.002557796611702,11.36027640795756,10.776440588697737,11.313319206237793,786469600
2011-10-06,11.166161568697198,11.508627077148905,11.120399986213908,11.286996841430664,812582400
2011-10-07,11.239438957794933,11.298061567207577,11.021397992398617,11.060579299926758,535458000
2011-10-10,11.338444514880194,11.629165649414062,11.312123432176117,11.629165649414062,442514800
2011-10-11,11.741624491786544,12.058966169154123,11.70962165033216,11.972526550292969,605687600
2011-10-12,12.183390550951012,12.240517263306689,11.968041047136925,12.029356002807617,622286000
2011-10-13,12.112797847289896,12.215987205505371,12.049090891868378,12.215987205505371,426185200
2011-10-14,12.467232529872144,12.621865272521973,12.420572436019034,12.621865272521973,573367200
2011-10-17,12.614086537415247,12.762438488778942,12.4406099242194,12.561744689941406,686044800
2011-10-18,12.614687579021547,12.705912857992042,12.442109423470262,12.629044532775879,881602400
2011-10-19,12.004231984458825,12.21569274485553,11.898052350477972,11.922578811645508,1104059600
2011-10-20,11.963848701486178,11.974316909465198,11.79067241888216,11.823572158813477,549270400
2011-10-21,11.907022267726711,11.938128191987198,11.687185878157623,11.750594139099121,621244400
2011-10-24,11.849599476129884,12.158265982647874,11.826270225894705,12.136432647705078,502138000
2011-10-25,12.1142969891693,12.159759867958833,11.885489076198807,11.8971529006958,430427200
2011-10-26,12.016498278456408,12.040127837785505,11.758976334922432,11.981803894042969,456304800
2011-10-27,12.18996657072554,12.233037417700524,12.020379503463998,12.1041259765625,494664800
2011-10-28,12.053583077103536,12.153780656228085,12.038927419083246,12.111907005310059,322842800
2011-10-31,12.036234308914276,12.2429102081246,11.995257573674703,12.106821060180664,385501200
2011-11-01,11.886384879261204,11.94889543326753,11.761063470125404,11.859465599060059,531790000
2011-11-02,11.966542041485384,11.977010250350625,11.817591097947608,11.886384010314941,327350800
2011-11-03,11.93603569064932,12.065544557389599,11.825071218943686,12.05567455291748,441386400
2011-11-04,12.02456945774905,12.066741806208228,11.938728845661783,11.971031188964844,302229200
2011-11-07,11.961161824231638,11.963853353537111,11.848103217280892,11.955777168273926,270275600
2011-11-08,12.029954067649674,12.203131217831555,12.010512759950466,12.150190353393555,400442000
2011-11-09,11.873227715835398,11.990473773560787,11.791275835513044,11.822680473327637,558684000
2011-11-10,11.875023998777253,11.880407857101513,11.429968760061067,11.521791458129883,744752400
2011-11-11,11.563362841364873,11.625874205594062,11.373436722001783,11.503843307495117,653786000
2011-11-14,11.470938698100689,11.522683132223907,11.311819851000383,11.343523979187012,432905200
2011-11-15,11.389588936624454,11.649802318629407,11.349211204590942,11.62976360321045,430810800
2011-11-16,11.64232345079695,11.698852746654094,11.494868397071619,11.508328437805176,349210400
2011-11-17,11.484700252702833,11.50264644336107,11.23106714745341,11.28819465637207,479900400
2011-11-18,11.333360881343102,11.365363731368666,11.21252556328426,11.214320182800293,371938000
2011-11-21,11.07852726939782,11.116812474572834,10.944233542149867,11.036953926086426,447980400
2011-11-22,11.09706937420995,11.303745226141878,11.094676549380608,11.261273384094238,409021200
2011-11-23,11.201455785001182,11.24123610634694,10.97324526298919,10.97653579711914,428271200
2011-11-25,11.019308059817364,11.100961239299291,10.86676861771837,10.874246597290039,254760800
2011-11-28,11.13684802025087,11.2675532710018,11.076430795369225,11.24960708618164,346413200
2011-11-29,11.241235037164314,11.330664877719782,11.072544862629004,11.162273406982422,375855200
2011-11-30,11.40424604623862,11.433856067366051,11.314815380388618,11.431463241577148,405938400
2011-12-01,11.441630275985908,11.634846124600019,11.388092008551505,11.602843284606934,387181200
2011-12-02,11.659668733113712,11.773325512579147,11.622282044450776,11.655780792236328,379055600
2011-12-05,11.769140581918524,11.856477106485423,11.676420999194656,11.754783630371094,357210000
2011-12-06,11.739827928656757,11.803236992066683,11.646211446503486,11.693168640136719,283598000
2011-12-07,11.662665644774279,11.692874673101667,11.567851913046866,11.637541770935059,304746400
2011-12-08,11.708127541868462,11.829261550093157,11.67163774785802,11.68449878692627,376356400
2011-12-09,11.750000532531727,11.785592615546163,11.695564548461672,11.773030281066895,296993200
2011-12-12,11.715003854592782,11.781403156714074,11.648305848657385,11.719789505004883,301067200
2011-12-13,11.754487100113856,11.826271072451515,11.578020198078834,11.629165649414062,338928800
2011-12-14,11.56605443005931,11.586393445629353,11.296269759972885,11.371342658996582,406887600
2011-12-15,11.465259258838344,11.477522089265698,11.31511266471368,11.333955764770508,256200000
2011-12-16,11.376427744687746,11.489785050144034,11.352798993723027,11.396167755126953,421478400
2011-12-19,11.439536516124003,11.510721467877408,11.38001538911234,11.43175983428955,235530400
2011-12-20,11.597759702783712,11.847206979066423,11.582805341485722,11.842720031738281,337215200
2011-12-21,11.864850367944548,11.883096058599023,11.724873294821995,11.857672691345215,262948000
2011-12-22,11.874120149224067,11.937828707111935,11.847202468869856,11.920480728149414,202358800
2011-12-23,11.95458061314194,12.071228449099616,11.9485985499636,12.063451766967773,269399200
2011-12-27,12.056571986404931,12.23573037389746,12.054178362620538,12.159161567687988,265076000
2011-12-28,12.169930304122703,12.210606737085996,12.003931642108377,12.042814254760742,228662000
2011-12-29,12.06554404055424,12.13284104744861,11.979106030500276,12.116988182067871,215978000
2011-12-30,12.068837339685246,12.151687733957077,12.068239931916265,12.1134033203125,179662000
2012-01-03,12.245003098318556,12.337722676322402,12.233038972638083,12.299736976623535,302220800
2012-01-04,12.262948009649527,12.40292588774574,12.241413381535732,12.365837097167969,260022000
2012-01-05,12.411000011281255,12.518673939573317,12.342805298730687,12.503121376037598,271269600
2012-01-06,12.555163186758254,12.64429351085476,12.53871291627477,12.633825302124023,318292800
2012-01-09,12.72654753501421,12.793843742954293,12.602421732058982,12.613787651062012,394024400
2012-01-10,12.738811263125324,12.741503591005689,12.606909559841455,12.658952713012695,258196400
2012-01-11,12.64220409673022,12.647289250449877,12.541409114025395,12.63831615447998,215084800
2012-01-12,12.630236490838042,12.648780084223526,12.52465509402577,12.603616714477539,212587200
2012-01-13,12.553074168691898,12.575505709946345,12.521967436911718,12.556363105773926,226021600
2012-01-17,12.68766534826522,12.74120441464517,12.650577355045474,12.702620506286621,242897200
2012-01-18,12.770213418930696,12.845286299029233,12.750473413350566,12.834519386291504,276791200
2012-01-19,12.865630257043048,12.902119251287948,12.756759084707516,12.79384708404541,261738400
2012-01-20,12.786067070760458,12.786365774555708,12.554566038729032,12.571016311645508,413974400
2012-01-23,12.641904436554807,12.814782877803466,12.630838018365782,12.783676147460938,306062400
2012-01-24,12.71458209322955,12.71458209322955,12.54858346637676,12.574305534362793,547638000
2012-01-25,13.592133676386993,13.592432380235735,13.271801752180934,13.359436988830566,958314000
2012-01-26,13.410284008591447,13.423144247820712,13.254156135936272,13.298721313476562,323985200
2012-01-27,13.290046448058666,13.413872768954473,13.272998764754222,13.377981185913086,299709200
2012-01-30,13.33101884945657,13.575979098301111,13.321448348878157,13.549359321594238,379341200
2012-01-31,13.626527916072378,13.70578825521997,13.551155518591155,13.65314769744873,391683600
2012-02-01,13.710875089019746,13.728222274399137,13.62533397746936,13.644474983215332,270046000
2012-02-02,13.635801783698216,13.673786689795486,13.578375570111044,13.612472534179688,186796400
2012-02-03,13.677674300596962,13.758429752316015,13.62563115294963,13.748858451843262,286599600
2012-02-06,13.709977236980336,13.907380537271937,13.704594178590096,13.877171516418457,249412800
2012-02-07,13.915455930256215,14.050049953166031,13.89541561965669,14.02253246307373,316223600
2012-02-08,14.07248056823338,14.260611247860542,14.048552317549333,14.257322311401367,407890000
2012-02-09,14.379356327762538,14.857611560409644,14.373374263788325,14.750535011291504,884214800
2012-02-10,14.684436726773564,14.883633887097478,14.612353247731528,14.758013725280762,631302000
2012-02-13,14.94075596192085,15.069367907845821,14.867776397791733,15.03257942199707,517216000
2012-02-14,15.094191387887738,15.240747915160561,15.014632358417682,15.237757682800293,460398400
2012-02-15,15.381323872151526,15.741135718263815,14.861793365969062,14.885124206542969,1506120000
2012-02-16,14.700586887820599,15.101076911014689,14.554926416361987,15.020918846130371,944552000
2012-02-17,15.047834731560298,15.187214410659907,14.963788738740181,15.018224716186523,535805200
2012-02-21,15.160599085408135,15.398979187011719,15.07804818480926,15.398979187011719,605595200
2012-02-22,15.346029786372588,15.418111633726063,15.226091445053104,15.344833374023438,483302400
2012-02-23,15.405855564510068,15.488107751585694,15.238959961957823,15.445036888122559,568027600
2012-02-24,15.543134931285561,15.639742436871975,15.512328510109311,15.625086784362793,415072000
2012-02-27,15.592189481139965,15.807240261214462,15.441744983847114,15.725288391113281,547582000
2012-02-28,15.791078069093357,16.013904571533203,15.727968545767606,16.013904571533203,600387200
2012-02-29,16.197862644117894,16.37881648976722,16.022592158720855,16.22418212890625,952011200
2012-03-01,16.395556866082533,16.39675487568339,16.11440637560763,16.28489112854004,683270000
2012-03-02,16.278024083777282,16.354591325728688,16.226578321655843,16.30613899230957,431712400
2012-03-05,16.313314605443885,16.37492747183971,15.732468140825837,15.946622848510742,809124400
2012-03-06,15.662478099595004,15.962470993694582,15.439950131681634,15.859881401062012,810238800
2012-03-07,16.05548546827581,16.0847967705728,15.651705107663384,15.872737884521484,798520800
2012-03-08,15.992382538020355,16.24063259909942,15.915515013606552,16.210723876953125,516457200
2012-03-09,16.277114202213173,16.38269558022902,16.24421366599434,16.305828094482422,418919200
2012-03-12,16.419792020148734,16.510120391845703,16.360570382619066,16.510120391845703,407282400
2012-03-13,16.675818002625963,16.994055804605022,16.62227813319564,16.991662979125977,690855200
2012-03-14,17.2892596404505,17.787852125510508,17.209997718796735,17.634117126464844,1418844000
2012-03-15,17.9341213568433,17.94608548837843,17.304225006318493,17.513891220092773,1159718000
2012-03-16,17.488746342184992,17.622741265902903,17.28775395660813,17.514169692993164,825487600
2012-03-19,17.897022693494808,17.998714551772515,17.618264996502564,17.978675842285156,901236000
2012-03-20,17.931120780584987,18.152151993160835,17.690946968593718,18.124038696289062,816662000
2012-03-21,18.02773778947581,18.234413758722702,17.98795905079144,18.020559310913086,644042000
2012-03-22,17.879374845196384,18.080368927551493,17.81207864643917,17.926034927368164,623870800
2012-03-23,17.960439174602325,17.99962050023222,17.778288899191438,17.827640533447266,430488800
2012-03-26,17.939499736837455,18.15963650495414,17.804011173930746,18.154550552368164,595742000
2012-03-27,18.130621871533315,18.43270889223676,18.12703263340939,18.37887191772461,607129600
2012-03-28,18.49551810108389,18.587341578101636,18.254147828113187,18.472787857055664,655460400
2012-03-29,18.328028685730395,18.44108731226224,18.162030783417343,18.240692138671875,608238400
2012-03-30,18.208083626849366,18.2616218881939,17.88416252999481,17.93231773376465,731038000
2012-04-02,18.000512446701514,18.50718118261423,17.957142891007628,18.502994537353516,598351600
2012-04-03,18.762312971240778,18.90917144224071,18.619046933281005,18.822731018066406,834559600
2012-04-04,18.67407658527212,18.71923996074658,18.454240173266477,18.672880172729492,572980800
2012-04-05,18.75274697882077,18.982453486429957,18.645670409639767,18.953142166137695,641298000
2012-04-09,18.72731857570356,19.137379843177364,18.702494210231436,19.02940559387207,597536800
2012-04-10,19.14006298841564,19.261795131751033,18.723422432279218,18.796401977539062,889725200
2012-04-11,19.028508854078936,19.04854756809768,18.643869372452812,18.729412078857422,696614800
2012-04-12,18.693514585350098,18.88284324272477,18.558920594115634,18.626815795898438,614336800
2012-04-13,18.666895318701705,18.68454280040327,18.050757327497937,18.102201461791992,859644800
2012-04-16,18.24666933860331,18.253248809329477,17.295244966259453,17.35147476196289,1050786800
2012-04-17,17.315878353851616,18.244869357927335,17.105613281513822,18.235897064208984,1025528000
2012-04-18,18.356142110347083,18.5514529125366,18.026836264709598,18.195228576660156,954531200
2012-04-19,17.952357253809527,18.087249973852686,17.482775709339464,17.570112228393555,834719200
2012-04-20,17.687955999765613,17.784863816676975,17.06105021451226,17.137619018554688,1030985200
2012-04-23,17.06673066312531,17.247983135889925,16.648294639753694,17.09933090209961,966529200
2012-04-24,16.827459586464588,16.979400815666075,16.59984724519571,16.757770538330078,1076149200
2012-04-25,18.41356402324981,18.48415076698841,18.125234985491566,18.244873046875,905777600
2012-04-26,18.372590120409463,18.38515325290457,18.009487637732104,18.176084518432617,536068400
2012-04-27,18.09741621517543,18.130615458067897,17.960728108324282,18.03550148010254,406722400
2012-04-30,17.879971114478707,17.89791729718369,17.43730819183203,17.46661949157715,506144800
2012-05-01,17.494134937562603,17.84886232238132,17.384366928136163,17.411285400390625,610999200
2012-05-02,17.35476605549874,17.56891915117918,17.3134906132427,17.526447296142578,427389200
2012-05-03,17.661636221490287,17.68855470409788,17.356557423026832,17.402019500732422,390549600
2012-05-04,17.260259006375694,17.29854263212649,16.904034556979212,16.90642738342285,529992400
2012-05-07,16.794259258554337,17.1313409522765,16.786183073423313,17.03293800354004,460118400
2012-05-08,17.03591999216556,17.093346177120672,16.71140158762423,16.994047164916992,497252000
2012-05-09,16.860056402731253,17.167528007711788,16.774814013816634,17.02396011352539,480704000
2012-05-10,17.185478459386456,17.22436107793431,17.00183467953231,17.064044952392578,333200000
2012-05-11,16.898946858564997,17.182191642769755,16.87950554689157,16.950092315673828,399546000
2012-05-14,16.82625879472186,16.974011742044883,16.677608138705814,16.696151733398438,352626400
2012-05-15,16.79275752182323,16.8456967666992,16.50263314467106,16.54510498046875,476336000
2012-05-16,16.57142590455316,16.656369575404444,16.182301213420207,16.333045959472656,560896000
2012-05-17,16.310022688405578,16.37552508906303,15.855695724487305,15.855695724487305,717220000
2012-05-18,15.970550453718817,16.253196220478397,15.618215630280188,15.863473892211914,732292400
2012-05-21,15.986703075170627,16.795459062450345,15.973242231452117,16.787681579589844,631106000
2012-05-22,17.03502323162239,17.164532855356576,16.527458534791492,16.658761978149414,694870400
2012-05-23,16.674619304705086,17.132238373288153,16.546906642732914,17.06524085998535,584897600
2012-05-24,17.22406028303289,17.242904182273804,16.786182821719564,16.90851402282715,496230000
2012-05-25,16.88668119634307,16.92436740039238,16.703633234954914,16.817888259887695,328507200
2012-05-29,17.07541317431683,17.16813278136085,16.908218858269247,17.11638832092285,380508800
2012-05-30,17.02455871863394,17.34728337650167,16.945597097491508,17.322757720947266,529429600
2012-05-31,17.369723903995048,17.392455751389758,17.09216406991121,17.27969741821289,491674400
2012-06-01,17.023365226833473,17.127750230076643,16.764946493192873,16.779003143310547,520987600
2012-06-04,16.794250045559462,16.973707061613478,16.405425712102826,16.877696990966797,556995600
2012-06-05,16.787379282972505,16.942909738732176,16.699445345851792,16.83403778076172,388214400
2012-06-06,16.981795987808713,17.16364596445606,16.913900750798785,17.0921630859375,401455600
2012-06-07,17.26652855576228,17.267424667085738,17.063441936040125,17.099931716918945,379766800
2012-06-08,17.096345188732908,17.364934234333813,17.01857996487501,17.35715675354004,347516400
2012-06-11,17.578491914005234,17.60182116649122,17.06733609180235,17.08348846435547,591264800
2012-06-12,17.181889534398177,17.246492628106495,16.949790253290978,17.23273468017578,435380400
2012-06-13,17.183675329618254,17.302116941679476,17.05984906403159,17.113088607788086,293580000
2012-06-14,17.08557422738262,17.153170729676734,16.966535186301652,17.094247817993164,345573200
2012-06-15,17.078402646582038,17.18667561705485,17.035033078676996,17.172019958496094,335255200
2012-06-18,17.07721059826972,17.583579257660887,17.05956310595426,17.520469665527344,440412000
2012-06-19,17.44928120373119,17.64668452202134,17.440308906480492,17.5692195892334,361404400
2012-06-20,17.593139888908446,17.62424661020235,17.371509691064784,17.519264221191406,358943200
2012-06-21,17.510292917154743,17.59344119226462,17.27101520234638,17.277894973754883,326351200
2012-06-22,17.318873404092386,17.4130881050574,17.210600455133182,17.410396575927734,284471600
2012-06-25,17.266829011664125,17.341603998349136,17.059555726027245,17.07151985168457,304382400
2012-06-26,17.088274848438395,17.182789881495985,16.968636738822923,17.10921287536621,276536400
2012-06-27,17.198035030696957,17.250078175434115,17.10591446349102,17.183080673217773,202997200
2012-06-28,17.09843523985648,17.168124262509153,16.91718276233238,17.020071029663086,282836400
2012-06-29,17.28776920645212,17.467227935791016,17.175608299288758,17.467227935791016,421500800
2012-07-02,17.489054407243042,17.750463307312916,17.455256159029894,17.722049713134766,400092000
2012-07-03,17.79264475565656,17.945782407259628,17.766325270046217,17.92813491821289,241712800
2012-07-05,17.962530726373895,18.374686174949293,17.935313531573872,18.243083953857422,484383200
2012-07-06,18.157834141677682,18.198211861619033,17.99303272852042,18.12164306640625,418930400
2012-07-09,18.104295837451406,18.361518109886493,18.06870376713949,18.36121940612793,379405600
2012-07-10,18.48325622084076,18.540085028527628,18.104600365973997,18.19133949279785,511957600
2012-07-11,18.128824021337017,18.174885105740387,17.86262941758988,18.078277587890625,469322000
2012-07-12,17.95295706015484,18.049564582800564,17.726839869502005,17.912878036499023,428041600
2012-07-13,18.034014477271807,18.160829433237197,17.945780237400584,18.094430923461914,311427200
2012-07-16,18.098921815519606,18.29333333370005,18.095929984401515,18.1524600982666,301260400
2012-07-17,18.26850194090361,18.289738662434285,18.039991942009873,18.153350830078125,293624800
2012-07-18,18.142875142515276,18.195216972898912,18.052248125649857,18.133005142211914,252700000
2012-07-19,18.28316061098575,18.40489280941484,18.1252373272543,18.374086380004883,436861600
2012-07-20,18.335498737281576,18.37767187757676,18.056442316950964,18.07438850402832,397471200
2012-07-23,17.77828683257703,18.122248323510615,17.57819198373929,18.060335159301758,487975600
2012-07-24,18.166508319956684,18.235301235574344,17.90120985532737,17.97329330444336,565132400
2012-07-25,17.181880961026025,17.371506696280342,17.048483402186147,17.197134017944336,877312800
2012-07-26,17.340407935788928,17.35955053899039,17.0592589380011,17.19445037841797,406632800
2012-07-27,17.198334812052735,17.52195719335115,17.096043943081423,17.501916885375977,403936400
2012-07-30,17.674196283738073,17.929025735944347,17.58147512126876,17.7971248626709,379142400
2012-07-31,18.042387239236945,18.295723231927703,18.027134175552636,18.267606735229492,462327600
2012-08-01,18.42164194611544,18.436297602031463,18.035507343078876,18.149463653564453,384501600
2012-08-02,18.030725996808428,18.265515230547116,17.95325946256645,18.17877769470215,332158400
2012-08-03,18.35344634487132,18.483553415895894,18.291533192672322,18.415359497070312,344920800
2012-08-06,18.462911516288102,18.68962767213902,18.402196382500374,18.620237350463867,302103200
2012-08-07,18.626822585376047,18.693521399139424,18.485350369680546,18.571191787719727,290446800
2012-08-08,18.52572141880616,18.660016706793645,18.457228809276277,18.539779663085938,244706000
2012-08-09,18.559016886859556,18.67556563714343,18.557515350353118,18.645526885986328,221642400
2012-08-10,18.584839098596518,18.676453621420855,18.584539112328713,18.674652099609375,194938800
2012-08-13,18.72542222556464,18.923973083496094,18.72121599985791,18.923973083496094,278832400
2012-08-14,18.980143034950363,19.182600118487386,18.930279531990227,18.974735260009766,340169200
2012-08-15,18.96301501126399,19.04411717039552,18.85638033443452,18.948896408081055,257342400
2012-08-16,18.960307740149464,19.127018231843067,18.93897984697035,19.114402770996094,254534000
2012-08-17,19.224352215256882,19.470363456636942,19.18860732121805,19.467960357666016,442761200
2012-08-20,19.52502717179804,19.97980308532715,19.52172251067465,19.97980308532715,613384800
2012-08-21,20.15012054849226,20.27207539142465,19.53464017802923,19.706758499145508,812719600
2012-08-22,19.65750295218033,20.095457369662956,19.467962907586084,20.091552734375,565322800
2012-08-23,20.008641534639374,20.12248552249207,19.859652631110485,19.904109954833984,420128800
2012-08-24,19.810399727748276,20.109879206624043,19.69144950234514,19.92184066772461,437340400
2012-08-27,20.425559261195104,20.451993332303722,20.231814749118328,20.296096801757812,427008400
2012-08-28,20.275080471221926,20.308723853655664,20.145616333679023,20.26967430114746,267416800
2012-08-29,20.283193033502158,20.355884370342444,20.203592386137938,20.229724884033203,202806800
2012-08-30,20.144709489238128,20.172043524969048,19.910712240462345,19.94135093688965,302699600
2012-08-31,20.042887374435676,20.08343846484577,19.74250643152373,19.982511520385742,338321200
2012-09-04,19.998135995113174,20.279892180653725,19.960287981690765,20.2747859954834,367892000
2012-09-05,20.29281103056664,20.316240449664775,20.113483331607085,20.132408142089844,336375200
2012-09-06,20.220711754746286,20.37450686137435,20.149521961830533,20.31382942199707,391196400
2012-09-07,20.3672920466213,20.500362406879574,20.29880695602823,20.439085006713867,329666400
2012-09-10,20.439386967852663,20.524693754162477,19.888188695123716,19.907413482666016,487998000
2012-09-11,19.978610187983843,20.12849909370127,19.719981842172764,19.842838287353516,503983200
2012-09-12,20.030873011576162,20.122489156213494,19.70496112993259,20.119184494018555,712233200
2012-09-13,20.34687099107751,20.591080677173704,20.26877188933143,20.515384674072266,598360000
2012-09-14,20.725058028468307,20.93592439112326,20.662877428960762,20.764707565307617,600474000
2012-09-17,21.00710438400486,21.020621411079766,20.864724818255297,21.020021438598633,398031200
2012-09-18,21.02303363435432,21.09662654750525,20.91910199262551,21.08401107788086,373503200
2012-09-19,21.034450088439474,21.1464909923637,21.013723756451547,21.089719772338867,326874800
2012-09-20,21.001403993261157,21.028439661101572,20.834993385787257,20.987586975097656,336568400
2012-09-21,21.09902519232357,21.178925823417572,21.007409053190948,21.02933692932129,571589200
2012-09-24,20.631936104836363,20.880050477549936,20.5159889770659,20.749984741210938,639766400
2012-09-25,20.67397793637253,20.809751363324853,20.215597439928043,20.23181915283203,518789600
2012-09-26,20.087645680202353,20.206295885786595,19.861159214517276,19.980710983276367,576503200
2012-09-27,19.953971815712016,20.491051470684656,19.835621626654216,20.465518951416016,594090000
2012-09-28,20.388330229730055,20.45922005845251,20.02787333756459,20.038387298583984,535110800
2012-10-01,20.16033497272422,20.328248690693474,19.719977553668354,19.806787490844727,543594800
2012-10-02,19.87948046514567,20.015853924313554,19.54425618249096,19.86446189880371,627992400
2012-10-03,19.971099040778657,20.18136539511566,19.904113857889133,20.169048309326172,424281200
2012-10-04,20.163032353027575,20.253146926543582,19.99181723007408,20.02936363220215,370725600
2012-10-05,19.981311500649372,20.005340887062633,19.563181889121832,19.60253143310547,594006000
2012-10-08,19.431015407483923,19.45144175030663,19.107505001531052,19.169384002685547,637994000
2012-10-09,19.183798238119397,19.239067901933456,18.730223802904717,19.09969139099121,838597200
2012-10-10,19.21653927123051,19.37393902845904,19.13423554665057,19.251684188842773,510356000
2012-10-11,19.419608907248854,19.440635230790388,18.866907119750977,18.866907119750977,546081200
2012-10-12,18.910752196452382,19.085573617401682,18.782791200430818,18.915258407592773,460014800
2012-10-15,18.994556602869263,19.07806186607565,18.739233012239044,19.06694793701172,432502000
2012-10-16,19.085274934942,19.53374323684543,18.95400766396477,19.518423080444336,549771600
2012-10-17,19.490786075785856,19.60853469446523,19.344500261225186,19.362823486328125,389037600
2012-10-18,19.21203976204105,19.286232647103112,18.923974243268542,19.00327491760254,476624400
2012-10-19,18.955507993452684,18.97713427594709,18.3117920136318,18.318401336669922,744086000
2012-10-22,18.395898906030222,19.08557214164265,18.346035413667664,19.045021057128906,546730800
2012-10-23,18.954009544448343,19.041121085330975,18.374277122460423,18.42413902282715,707145600
2012-10-24,18.66684455781049,18.820338080435356,18.34243264014221,18.52836799621582,558527200
2012-10-25,18.62358315048578,18.683660601675555,18.189533591916543,18.309385299682617,656325600
2012-10-26,18.306092269655778,18.44336732758722,17.75249224199794,18.142986297607422,1018432800
2012-10-31,17.86903660123407,18.081706068084586,17.65336406248234,17.882253646850586,510003200
2012-11-01,17.969363013581436,18.11294417586914,17.84770972977055,17.918899536132812,361298000
2012-11-02,17.899371076962815,17.93121133173879,17.264367503315203,17.325944900512695,599373600
2012-11-05,17.527802613071827,17.65546363476871,17.349976499962853,17.56084442138672,529135600
2012-11-06,17.729357023779837,17.744675575413588,17.42477147104709,17.507675170898438,374917200
2012-11-07,17.315759264793595,17.33688161006483,16.76988837374036,16.837783813476562,793648800
2012-11-08,16.91714728720232,16.96542878555532,16.152507589654455,16.22673797607422,1056146000
2012-11-09,16.307307954974025,16.743641559835716,16.10513319163301,16.507671356201172,929913600
2012-11-12,16.721607404519204,16.732169382230477,16.25389099421713,16.380023956298828,515802000
2012-11-13,16.26174762778501,16.610874871692218,16.184800172099475,16.38214683532715,532949200
2012-11-14,16.460590333291748,16.519432176743017,16.179357166304346,16.20047950744629,477170400
2012-11-15,16.22009394202797,16.27953849998058,15.770181777230547,15.860706329345703,789910800
2012-11-16,15.848034991457007,15.992876224625949,15.261126479568714,15.922869682312012,1266893600
2012-11-19,16.316054320713175,17.124448583749878,16.29100950641371,17.0710391998291,823317600
2012-11-20,17.257527030862146,17.258734068434723,16.734589686149945,16.92559814453125,642754000
2012-11-21,17.02637787018742,17.120523538493064,16.79553565671988,16.949430465698242,373002000
2012-11-23,17.114497130706813,17.260244111337357,16.976596700813662,17.245155334472656,272826400
2012-11-26,17.377924435947843,17.80339466192415,17.311840344238966,17.789213180541992,630579600
2012-11-27,17.78981725373857,17.816070723154667,17.50466148351141,17.64588165283203,533330000
2012-11-28,17.419258324192676,17.67665374700766,17.268080554116896,17.59035301208496,520864400
2012-11-29,17.810030703895794,17.9316352715247,17.660059955964947,17.78407859802246,514698800
2012-11-30,17.706535151246676,17.755118014567426,17.582514850870577,17.66097068786621,391319600
2012-12-03,17.913533503097987,17.94189807531735,17.66760407249131,17.688425064086914,364280000
2012-12-04,17.55595186890584,17.55595186890584,17.26415830255686,17.37640953063965,557068400
2012-12-05,17.166999777272185,17.177258790247247,16.25751716596302,16.258121490478516,1044638000
2012-12-06,15.960901427783089,16.696271174058946,15.649793437310894,16.51310920715332,1177212400
2012-12-07,16.698977061814812,16.75329212211308,15.992876443342567,16.090946197509766,787040800
2012-12-10,15.842004994530098,16.249672654183957,15.738805702961116,15.98745059967041,630484400
2012-12-11,16.287701759613892,16.583118301237565,16.21528108272055,16.336585998535156,592345600
2012-12-12,16.52908994310593,16.536030809838376,16.18207561405294,16.264453887939453,487144000
2012-12-13,16.02758038055656,16.223418567037676,15.866141953204384,15.983524322509766,625259600
2012-12-14,15.532706020532355,15.634698258445297,15.255999559400028,15.383036613464355,1009579200
2012-12-17,15.357085416792739,15.691125330580226,15.124736379833411,15.6558198928833,757607200
2012-12-18,15.842003100114844,16.140737601323096,15.698670230676122,16.110563278198242,625685200
2012-12-19,16.037235345756496,16.10452646459523,15.857088659998587,15.88153076171875,449369200
2012-12-20,15.992879897285786,15.998915084348061,15.657331554282836,15.743330955505371,481689600
2012-12-21,15.463905117853116,15.681166984945914,15.396614000840225,15.670907974243164,596268400
2012-12-24,15.701688157739724,15.819370270532458,15.652199626390843,15.696255683898926,175753200
2012-12-26,15.660954032828663,15.674835771477394,15.423174063490174,15.479903221130371,302436400
2012-12-27,15.496199138625414,15.57797473927027,15.228243198580826,15.54206657409668,455120400
2012-12-28,15.398123812094282,15.52455814033145,15.332642445987663,15.376999855041504,354278400
2012-12-31,15.40536643076504,16.1558262053908,15.3591992656381,16.058359146118164,659492400
2013-01-02,16.711649938595144,16.747256728364487,16.343814637466735,16.567110061645508,560518000
2013-01-03,16.532404967637078,16.586418657840014,16.324799464746214,16.35799217224121,352965200
2013-01-04,16.203205363495837,16.253296624055977,15.867052604020849,15.902358055114746,594333600
2013-01-07,15.751474864077776,15.971753518131399,15.546283369629169,15.808808326721191,484156400
2013-01-08,15.969039274014369,16.049909162880468,15.728845293586625,15.85135555267334,458707200
2013-01-09,15.766566722824292,15.842307122911256,15.570125786859684,15.603621482849121,407604400
2013-01-10,15.949127610115255,15.954257117012283,15.555944379752821,15.797045707702637,601146000
2013-01-11,15.72130335691674,15.851660177974333,15.661555809127021,15.700181007385254,350506800
2013-01-14,15.168491102246826,15.313936693445296,15.042661077689552,15.140429496765137,734207600
2013-01-15,15.036323243254733,15.057144233991396,14.586107995337397,14.66275405883789,876772400
2013-01-16,14.925883008543567,15.372477182286298,14.861308924227986,15.27138900756836,690804800
2013-01-17,15.398728354522223,15.412005765480133,15.148878067168981,15.168490409851074,453678400
2013-01-18,15.04296130783509,15.154609843056585,14.978989941166704,15.087621688842773,472922800
2013-01-22,15.225219396201133,15.325400262358063,14.98592950490896,15.231555938720703,461546400
2013-01-23,15.353468128227837,15.539951406334902,15.231560555171223,15.510379791259766,861509600
2013-01-24,13.880609570697057,14.053514014214164,13.586400312497931,13.593945503234863,1460852400
2013-01-25,13.629853327014839,13.766848009669324,13.126227972549518,13.273483276367188,1208026400
2013-01-28,13.21162717726021,13.675721752794024,13.152181797038761,13.573729515075684,785517600
2013-01-29,13.83535387975796,13.886652179614417,13.642835382781584,13.828413009643555,571158000
2013-01-30,13.790085484106969,13.95906748539414,13.714648069105216,13.784955978393555,417155200
2013-01-31,13.789482878569808,13.858885107527923,13.729132623792202,13.744521141052246,319334400
2013-02-01,13.853758326097799,13.86492302067761,13.5290732791633,13.688096046447754,539484400
2013-02-04,13.696842263039299,13.758098191049632,13.33745540456095,13.347111701965332,477117200
2013-02-05,13.399316646480145,13.872766969951854,13.34409589694874,13.815433502197266,573347600
2013-02-06,13.77409576962061,14.07675279074098,13.656713378328556,13.800650596618652,593706400
2013-02-07,14.060152753044287,14.26502136466714,13.783046032824359,14.210997581481934,704580800
2013-02-08,14.386428065958652,14.532416616592842,14.211908005101145,14.41617202758789,633158400
2013-02-11,14.462301457242415,14.718465790654065,14.36366175271033,14.566405296325684,517490400
2013-02-12,14.55366035090569,14.64076881460792,14.196428119822556,14.201284408569336,609053200
2013-02-13,14.180337174023744,14.37549475313194,14.059236351817976,14.174266815185547,475207600
2013-02-14,14.098694904290127,14.314794847281794,14.08351981547092,14.161521911621094,355275200
2013-02-15,14.230117054984863,14.269878323345695,13.959082334943488,13.9663667678833,391745200
2013-02-19,13.994897345401505,14.044369572538603,13.774852024129508,13.961206436157227,435783600
2013-02-20,13.891398001817587,13.891398001817587,13.621575752939131,13.62309455871582,476302400
2013-02-21,13.536592893397534,13.632806887260761,13.440076597216056,13.538414001464844,447182400
2013-02-22,13.635234713826774,13.706558608185224,13.554803658419894,13.682581901550293,330654800
2013-02-25,13.774852924555079,13.813398504261563,13.432491831227262,13.439473152160645,372579200
2013-02-26,13.470429585933145,13.704740662576947,13.283467326062604,13.626738548278809,501499600
2013-02-27,13.610348359399172,13.732057079130895,13.374217784991183,13.493193626403809,587350400
2013-02-28,13.477410542218882,13.59335119472033,13.396980285644531,13.396980285644531,322515200
2013-03-01,13.293785779193511,13.29924991452392,13.050370788201239,13.065242767333984,552448400
2013-03-04,12.984202804740413,12.996343524931419,12.717113444233986,12.748982429504395,582755600
2013-03-05,12.792384011649695,13.208497056416633,12.770227603011584,13.085575103759766,638433600
2013-03-06,13.187861715506893,13.210322052606987,12.881921985732399,12.919254302978516,460250000
2013-03-07,12.884046652746408,13.111984258511676,12.779638871379655,13.068581581115723,468473600
2013-03-08,13.044908941721335,13.215785164704839,13.008790695118446,13.103182792663574,391482000
2013-03-11,13.043390647687273,13.324442712545729,12.903471651409435,13.289841651916504,474236000
2013-03-12,13.220939559593191,13.320491015505425,12.977219914485124,13.003321647644043,465911600
2013-03-13,13.003934352292902,13.187557512085352,12.910149297144015,13.000898361206055,405549200
2013-03-14,13.136868821417572,13.19180436503786,13.064633156614706,13.126853942871094,303875600
2013-03-15,13.29166018063823,13.48287247890355,13.27102095549677,13.465572357177734,643960800
2013-03-18,13.398495055104805,13.884415610706116,13.390907510502863,13.831605911254883,606197200
2013-03-19,13.946334468426787,13.99095202765871,13.61247271317723,13.79427719116211,526775200
2013-03-20,13.883208518042677,13.88958199313127,13.645558295092806,13.721132278442383,308660800
2013-03-21,13.664675037440496,13.900198516044822,13.661032821528645,13.74085521697998,383255600
2013-03-22,13.797008197096186,14.025247286171505,13.752392259601171,14.019481658935547,395105200
2013-03-25,14.103858740158275,14.26350681941561,14.015537815183924,14.070169448852539,501135600
2013-03-26,14.126617697311625,14.138758417389052,13.977594815901965,13.996109008789062,294294000
2013-03-27,13.854070779438267,13.864389584731752,13.680158549223298,13.721132278442383,331237200
2013-03-28,13.652535714256148,13.713237698072378,13.403656608055185,13.435221672058105,442839600
2013-04-01,13.412155368696686,13.46678780684489,12.982384348969479,13.017894744873047,389732000
2013-04-02,12.97813207590389,13.298031919250924,12.94170991864022,13.044600486755371,529519200
2013-04-03,13.092553880618986,13.271929346752746,13.060381787526719,13.111371994018555,363216000
2013-04-04,13.165097892790646,13.202732509029996,12.906809307357646,12.981776237487793,358447600
2013-04-05,12.884043998514393,12.897702713646419,12.737751565421979,12.844588279724121,383695200
2013-04-08,12.894666919323123,12.975097163808861,12.823039102138468,12.935944557189941,300829200
2013-04-09,12.940498946209216,13.0054493734327,12.830930963214488,12.95931625366211,306614000
2013-04-10,12.993308912805064,13.265255383736298,12.92987486272738,13.223673820495605,375928000
2013-04-11,13.163881884544967,13.293481240626633,13.087396965515655,13.18239688873291,328364400
2013-04-12,13.176935238195336,13.176935238195336,13.023359145614105,13.04490852355957,238613200
2013-04-15,12.959926281351875,12.98693898710523,12.733810564149262,12.742916107177734,317520000
2013-04-16,12.795115247844173,12.948084266384795,12.764764258534225,12.93685531616211,305771200
2013-04-17,12.755658967190756,12.765675466541659,12.083078469914987,12.225424766540527,945056000
2013-04-18,12.291895196212227,12.316175826815533,11.829040356679938,11.899151802062988,666299200
2013-04-19,11.77531786954153,12.128301589228863,11.6882094229174,11.85301685333252,609274400
2013-04-22,11.91705598939767,12.207213484308026,11.87547605526396,12.100072860717773,429920400
2013-04-23,12.261543127621325,12.394784695945953,12.104324041998341,12.326495170593262,664238400
2013-04-24,11.94437447172445,12.6032962581509,11.912808599128772,12.306159019470215,969651200
2013-04-25,12.481282653748503,12.56353398995948,12.352897400768509,12.394782066345215,384837600
2013-04-26,12.438184891683843,12.71013050562076,12.390836899433022,12.662479400634766,764097600
2013-04-29,12.761125785067827,13.160850595442135,12.747467876395937,13.054621696472168,640326400
2013-04-30,13.205767573571991,13.513831494206862,13.113803633916895,13.438863754272461,691538400
2013-05-01,13.489852401375718,13.504117342313279,13.184217471153254,13.332937240600586,506909200
2013-05-02,13.408512888947932,13.615203407463188,13.373609529825098,13.522027015686035,421828400
2013-05-03,13.697756461317717,13.756031915859838,13.632198195881687,13.657390594482422,361300800
2013-05-06,13.831297776330302,14.028277258474862,13.788806888638776,13.983055114746094,496641600
2013-05-07,14.112355693912347,14.136029291169434,13.770298553564947,13.9208402633667,483753200
2013-05-08,13.932372825039009,14.124496097816577,13.834339334462285,14.078058242797852,472598000
2013-05-09,14.048116930446804,14.14557720045161,13.918881848400119,13.955238342285156,398487600
2013-05-10,13.991902107512477,14.045062998426145,13.763067649761965,13.839141845703125,334852000
2013-05-13,13.794536605915493,13.98976391661551,13.794231486758779,13.893218994140625,316948800
2013-05-14,13.86602557304205,13.907270493191744,13.508566335105721,13.560811042785645,447118000
2013-05-15,13.417217534950463,13.473432873617439,12.903943575339213,13.102225303649902,741613600
2013-05-16,12.93082989617988,13.377194689989125,12.798234428225122,13.277289390563965,603204000
2013-05-17,13.413856887506334,13.44563088231195,13.168218869943546,13.236960411071777,427904400
2013-05-20,13.195716661784177,13.620084355733312,13.140417489017338,13.532400131225586,451578400
2013-05-21,13.386361754991535,13.610307786496039,13.265681422009362,13.4324951171875,456022000
2013-05-22,13.566615794346475,13.697989954749408,13.38849722743672,13.484125137329102,443038400
2013-05-23,13.319144012914103,13.631080125695126,13.314255581222739,13.508260726928711,353021200
2013-05-24,13.468850190952367,13.615805010775082,13.453879775453855,13.600223541259766,276166800
2013-05-28,13.745345525328121,13.78231225246218,13.46884971126916,13.4868745803833,386145200
2013-05-29,13.442883977288155,13.672024392736242,13.424552352455516,13.5941162109375,330576400
2013-05-30,13.61549897758864,13.885885075201786,13.580669714708538,13.796672821044922,353519600
2013-05-31,13.824781587569184,13.965322398220748,13.733126736328906,13.740154266357422,384302800
2013-06-03,13.770704212738169,13.820503893826984,13.518650537059212,13.77039909362793,372352400
2013-06-04,13.846778886048433,13.883747249269511,13.668661112174318,13.727320671081543,292728800
2013-06-05,13.615502392128965,13.770401767724858,13.556231769715406,13.599004745483398,290589600
2013-06-06,13.609999126461842,13.656743530614758,13.261095473920294,13.395829200744629,416934000
2013-06-07,13.335949214095876,13.541869529230384,13.221989675969443,13.498180389404297,404535600
2013-06-10,13.587391669018679,13.720292249018623,13.345114865379925,13.408967971801758,450153200
2013-06-11,13.312725147710163,13.527199325725594,13.238788452013138,13.369550704956055,286112400
2013-06-12,13.427608072943796,13.481074086841106,13.183191310133262,13.204272270202637,265227200
2013-06-13,13.213742242610977,13.3555027059447,13.099171645485745,13.319451332092285,285832400
2013-06-14,13.302342602819463,13.329534100616904,13.09153303093652,13.13888931274414,271866000
2013-06-17,13.18135855389416,13.31150982736105,13.148362444904997,13.198467254638672,259414400
2013-06-18,13.185025874664309,13.287069480154857,13.143780939269519,13.191441535949707,195025600
2013-06-19,13.180134334535943,13.188078037385944,12.923498153686523,12.923498153686523,310940000
2013-06-20,12.81045521922472,13.01454156022617,12.684275413856977,12.735297203063965,357310800
2013-06-21,12.78570451904303,12.831838682304804,12.468269756474234,12.63325023651123,481118400
2013-06-24,12.446888545203194,12.485384141547794,12.16122684342594,12.298405647277832,480746000
2013-06-25,12.394947937252931,12.458801043978813,12.18505536447724,12.301153182983398,314162800
2013-06-26,12.33995342692101,12.36714492238871,12.088204886179367,12.161835670471191,367724000
2013-06-27,12.197886901152135,12.263267231838343,12.023434654929456,12.030766487121582,337246000
2013-06-28,11.956835171101268,12.229052880111828,11.88076014765744,12.114789009094238,578516400
2013-07-01,12.302990899740166,12.595679362573867,12.258078819711129,12.502494812011719,391053600
2013-07-02,12.52509891572359,12.881640369329068,12.510128500184049,12.785706520080566,469865200
2013-07-03,12.85811730389627,12.922888224639244,12.753935432071314,12.856284141540527,240928800
2013-07-05,12.843755810247355,12.93235618964208,12.68977347098585,12.753015518188477,274024800
2013-07-08,12.835202981667269,12.862393664050778,12.546180117254714,12.680608749389648,298138400
2013-07-09,12.636307880526596,12.938772267205069,12.537930634293298,12.903637886047363,352584400
2013-07-10,12.819621716073225,12.978492523670006,12.778376786790181,12.854145050048828,281405600
2013-07-11,12.921970906314495,13.083896980306395,12.86758872279957,13.054566383361816,326292400
2013-07-12,13.065563324822124,13.130944472021001,12.936023138440289,13.030734062194824,279563200
2013-07-15,12.984908570856573,13.181968214805371,12.978492094907242,13.059148788452148,241917200
2013-07-16,13.031039410048862,13.159052371571319,12.959242602419211,13.143471717834473,216538000
2013-07-17,13.128195588307255,13.205186764304699,13.082978405989849,13.146831512451172,198990400
2013-07-18,13.240625333001798,13.286147631211593,13.155997211347351,13.191131591796875,218878800
2013-07-19,13.232076479195586,13.258962049083015,12.964746376306396,12.983078002929688,268721600
2013-07-22,13.120863800835085,13.12972367692324,12.998961369449793,13.024624824523926,207796400
2013-07-23,13.015154494513622,13.044484275354572,12.792430578942351,12.800985336303711,369395600
2013-07-24,13.410193112821755,13.583117362891349,13.298067528608243,13.458465576171875,591936800
2013-07-25,13.46426789190401,13.485653966980509,13.314868037988775,13.397052764892578,229493600
2013-07-26,13.299286171181762,13.47465459221797,13.269956394645543,13.473127365112305,200152400
2013-07-29,13.467326356378654,13.748099646140812,13.448995545972776,13.680885314941406,248057600
2013-07-30,13.747177101028896,13.96684651289034,13.724874039372994,13.849832534790039,309422400
2013-07-31,13.900853856705952,13.972649839331066,13.730984124532007,13.825695037841797,322957600
2013-08-01,13.924075972669762,13.956154269744133,13.848000153692523,13.95248794555664,206250800
2013-08-02,13.993124949876359,14.140996786640251,13.951880019671037,14.131525039672852,274783600
2013-08-05,14.197213245166182,14.379914365941424,14.119611811748568,14.34264087677002,318855600
2013-08-06,14.298951050551954,14.417187173455634,14.120221382485797,14.214322090148926,334857600
2013-08-07,14.170016671031323,14.26778367323751,14.107995917666626,14.20606803894043,298858000
2013-08-08,14.265423452849468,14.272804515829385,14.083667651214727,14.177775382995605,255777200
2013-08-09,14.104889502602624,14.16086174909021,13.951429399589996,13.976031303405762,266865200
2013-08-12,14.050148937142438,14.412734252354188,14.043075007061097,14.373063087463379,364434000
2013-08-13,14.483161362824504,15.212640070922507,14.39428146430279,15.056103706359863,881941200
2013-08-14,15.31166256316654,15.507562903331847,15.173886030489056,15.330729484558105,756372400
2013-08-15,15.2667599837551,15.450667307156445,15.041026649639218,15.312582015991211,490294000
2013-08-16,15.381473020122579,15.467276634428773,15.34180186473129,15.448516845703125,362306000
2013-08-19,15.510336198499203,15.799421318462993,15.499880511788206,15.614899635314941,510518400
2013-08-20,15.675482398030036,15.70193038580882,15.402080861568997,15.409769058227539,358688400
2013-08-21,15.487275317898971,15.596757848153821,15.413773432272649,15.449448585510254,335879600
2013-08-22,15.530017686366266,15.548777479521647,15.32150674078273,15.467894554138184,244207600
2013-08-23,15.477426189570828,15.47988654374143,15.356872120063379,15.408230781555176,222731600
2013-08-26,15.399930474428212,15.690554544636193,15.392242276355086,15.468204498291016,330965600
2013-08-27,15.315358930963017,15.45406021711549,14.955541032984051,15.02596664428711,424188800
2013-08-28,14.946313224338079,15.247700106320718,14.946313224338079,15.097005844116211,307608000
2013-08-29,15.120066655225152,15.26922191040264,15.1040743553632,15.121603965759277,239657600
2013-08-30,15.130833479554807,15.160048957145534,14.961688215349668,14.983831405639648,272297200
2013-09-03,15.164661526645554,15.395313995043763,14.987828077035335,15.025654792785645,331928800
2013-09-04,15.363334184723865,15.445754428716418,15.262461279592728,15.336577415466309,345032800
2013-09-05,15.384560901034765,15.39778572443546,15.181277692849974,15.231406211853027,236367600
2013-09-06,15.328888416063544,15.357795116932873,15.067788640461325,15.322121620178223,359525600
2013-09-09,15.530629972944205,15.6204312616624,15.483884884089706,15.566612243652344,340687200
2013-09-10,15.567538701396192,15.60598133481352,15.05395195143469,15.21202564239502,743195600
2013-09-11,14.362302095006706,14.567736826448193,14.294643969590966,14.383831024169922,898696400
2013-09-12,14.40812053961049,14.620320349150518,14.331542422753518,14.536978721618652,404051200
2013-09-13,14.433956425897911,14.510532920534583,14.291260766354997,14.297410011291504,298835600
2013-09-16,14.177473406384804,14.196231561916079,13.753686252811804,13.84287166595459,543706800
2013-09-17,13.776438023128696,14.13779474541273,13.762291807664987,14.002785682678223,399380800
2013-09-18,14.244511911169958,14.342001408391726,14.167012384308656,14.290642738342285,456862000
2013-09-19,14.475783667530314,14.633550246093392,14.43119014103494,14.524989128112793,404541200
2013-09-20,14.700283999935063,14.717197708248131,14.331238972803101,14.374602317810059,699302800
2013-09-23,15.256925338331358,15.281836018687649,14.84174952229498,15.089010238647461,762106800
2013-09-24,15.21941116840173,15.237555058680057,15.002290540598395,15.041654586791992,364344400
2013-09-25,15.044730445265431,15.05826075793563,14.805773757915677,14.80884838104248,316957200
2013-09-26,14.94632074171756,15.025048847106849,14.881737219371885,14.953085899353027,237221600
2013-09-27,14.87803794631969,14.905408979524967,14.78393185033633,14.846362113952637,228040400
2013-09-30,14.6772187425876,14.81284210644316,14.589877788992553,14.661842346191406,260156400
2013-10-01,14.714122325299247,15.042880255306148,14.71196910424153,15.006590843200684,353883600
2013-10-02,14.934936332475443,15.124685874770487,14.877119632156305,15.055797576904297,289184000
2013-10-03,15.085018586159848,15.141606772127401,14.784556243194373,14.866667747497559,322753200
2013-10-04,14.880500650526141,14.903258112030988,14.718736422677267,14.854975700378418,258868400
2013-10-07,14.963536966867098,15.15082614686718,14.926324509387953,15.000133514404297,312292400
2013-10-08,15.067483595513451,15.089012523287586,14.77840009097228,14.790701866149902,290917200
2013-10-09,14.904484746548357,15.001358323006725,14.708891506690874,14.964454650878906,301725200
2013-10-10,15.109923598395085,15.142520834784845,14.978296263344541,15.058256149291992,278602800
2013-10-11,14.976757865840494,15.187420385504394,14.920478487541192,15.155744552612305,267738800
2013-10-14,15.064101459820826,15.302442188785735,15.049339329979414,15.255081176757812,261898000
2013-10-15,15.30028710216726,15.438372455190263,15.239088653907512,15.33626937866211,320073600
2013-10-16,15.401158833821672,15.454670722702701,15.353183563749703,15.41100025177002,251101200
2013-10-17,15.376249175151287,15.523867169315539,15.367023666425897,15.51525592803955,253593200
2013-10-18,15.561079349125496,15.66164346944109,15.552468108000951,15.650264739990234,290542000
2013-10-21,15.738838795828112,16.124183285209508,15.731150596855333,16.033767700195312,398106800
2013-10-22,16.189071634097008,16.251809036986835,15.623817455769439,15.98794174194336,534063600
2013-10-23,15.961186591351893,16.16631581253123,15.961186591351893,16.144479751586914,313723200
2013-10-24,16.14570861304564,16.375439722749473,16.067287679091063,16.358217239379883,384764800
2013-10-25,16.340078473308136,16.398818235856876,16.149098693378455,16.17523956298828,337792000
2013-10-28,16.26995789353945,16.33023660255938,16.09066400532245,16.295791625976562,550440800
2013-10-29,16.492304923157846,16.583950683671073,15.82402618578936,15.889838218688965,635807200
2013-10-30,15.979949956418743,16.223211424071945,15.900297186558452,16.142637252807617,354163600
2013-10-31,16.14570843763056,16.222284925891067,16.030996450894573,16.074974060058594,275696400
2013-11-01,16.115570020662627,16.13955765832772,15.864004495277532,15.992862701416016,274890000
2013-11-04,16.025770766343815,16.201682869121594,15.955345155447885,16.19952964782715,244627600
2013-11-05,16.132788870954123,16.26533757937857,16.084197696663985,16.159543991088867,265213200
2013-11-06,16.213679613505935,16.235643159471426,16.029626915532177,16.113765716552734,223375600
2013-11-07,16.072315100277383,16.1839830881814,15.849595326251846,15.852996826171875,262620400
2013-11-08,15.917651356952083,16.12026448726002,15.85609394406023,16.102632522583008,279316800
2013-11-11,16.085000592143672,16.13696805340342,15.912393024517948,16.055923461914062,227452400
2013-11-12,16.013234253216194,16.206567997639148,15.992509716359635,16.08561897277832,204276800
2013-11-13,16.023444095515917,16.15491152100366,15.99127273783876,16.104799270629883,197220800
2013-11-14,16.172223159012308,16.372361460873112,16.143146044647633,16.337717056274414,282419200
2013-11-15,16.288849795845664,16.366491228637415,16.22419981433853,16.239665985107422,317920400
2013-11-18,16.239667516548778,16.307720656768296,16.029630223556854,16.042930603027344,244944000
2013-11-19,16.055308284419556,16.189868312257122,16.02251906583045,16.071393966674805,208938800
2013-11-20,16.06148907265047,16.098300937035017,15.90991663818105,15.930641174316406,193916800
2013-11-21,16.01107107315779,16.12274074409752,15.889504174592167,16.120574951171875,262026800
2013-11-22,16.070462930871994,16.152127037079662,16.039839510550113,16.079124450683594,223725600
2013-11-25,16.116863293826086,16.26688947529513,16.116245439840252,16.20100212097168,229311600
2013-11-26,16.212755989446595,16.58457522650032,16.209045561551175,16.49981689453125,401382800
2013-11-27,16.589830171405627,16.889573541355865,16.499813491133704,16.888336181640625,363448400
2013-11-29,16.997218452885825,17.270977208713255,16.945559935127765,17.201068878173828,318127600
2013-12-02,17.260775054591868,17.456581881563284,17.038674743844087,17.05135726928711,472544800
2013-12-03,17.27005214339394,17.51999384368447,17.250873894286748,17.518136978149414,450968000
2013-12-04,17.492774445591714,17.606918827909325,17.34800664568326,17.47730827331543,377809600
2013-12-05,17.713946366167512,17.790969945594437,17.520923201191938,17.567012786865234,447580000
2013-12-06,17.5017447958251,17.531441432368272,17.30934112027787,17.323259353637695,344352400
2013-12-09,17.350484099215553,17.61898462367189,17.350484099215553,17.52154541015625,320493600
2013-12-10,17.433376308281826,17.566389965786904,17.359754249973992,17.494314193725586,278269600
2013-12-11,17.539172360976004,17.661978246554476,17.313051070172783,17.364707946777344,359718800
2013-12-12,17.388836503229005,17.48782197103677,17.323567020809413,17.33934211730957,262290000
2013-12-13,17.410795601247056,17.411724033837796,17.126829041718256,17.15033721923828,332822000
2013-12-16,17.16859871043927,17.40431004111699,17.168289783400372,17.245311737060547,282592800
2013-12-17,17.19302480149606,17.305312277268623,17.117856456121228,17.167659759521484,229902400
2013-12-18,17.00402840471522,17.05816165823614,16.666855285296503,17.037126541137695,565863200
2013-12-19,16.99784205740585,17.01330822967558,16.81935661431742,16.841938018798828,320308800
2013-12-20,16.87194202588068,17.063109976916035,16.85307270272676,16.98299217224121,436413600
2013-12-23,17.570106357992913,17.654245173765112,17.408017177566347,17.63475799560547,501306400
2013-12-24,17.628569361325187,17.690126766970547,17.509166629109274,17.559898376464844,167554800
2013-12-26,17.57319488665438,17.616502466329283,17.427189779209478,17.443275451660156,204008000
2013-12-27,17.44080208944264,17.459051903285182,17.30717056579613,17.325420379638672,225884400
2013-12-30,17.244068964957364,17.325422471901028,17.085070726033766,17.15312385559082,253629600
2013-12-31,17.142305887187053,17.362240471232447,17.137045867239777,17.354198455810547,223084400
2014-01-02,17.189008849514835,17.23076850299422,17.075792907895675,17.11012840270996,234684800
2014-01-03,17.101776747781653,17.127759650006794,16.717275060078517,16.734289169311523,392467600
2014-01-06,16.625097004426777,16.914322041364944,16.50600317602923,16.825544357299805,412610800
2014-01-07,16.83760582283964,16.888335918357946,16.6396332275346,16.705211639404297,317209200
2014-01-08,16.66715984651306,16.875959719975132,16.66344942001279,16.81100082397461,258529600
2014-01-09,16.914320032581443,16.916176898266297,16.56013446730561,16.59632682800293,279148800
2014-01-10,16.69871795949923,16.72872352576607,16.42898009411809,16.48558807373047,304976000
2014-01-13,16.391863822202218,16.781313441956513,16.390935389057923,16.571895599365234,378492800
2014-01-14,16.648912680919196,16.91215476246521,16.631589645090926,16.90163803100586,332561600
2014-01-15,17.122183627793685,17.32881764059849,17.06464725588798,17.240966796875,391638800
2014-01-16,17.164883984663273,17.225204044732195,17.065277332188934,17.144777297973633,229278000
2014-01-17,17.059088461244034,17.07733827797103,16.700880258950978,16.724699020385742,426739600
2014-01-21,16.73459733480001,17.015471371703125,16.716965372514228,16.984539031982422,328526800
2014-01-22,17.04145623669857,17.238809325533982,16.945563338584186,17.060016632080078,379985200
2014-01-23,17.011452229299667,17.214374281272015,16.85276455134417,17.20447540283203,403239200
2014-01-24,17.137048102893285,17.187160372333,16.850915535757483,16.891748428344727,429354800
2014-01-27,17.015473882077426,17.161787967541397,16.88184232209255,17.02877426147461,554878800
2014-01-28,15.737620568556597,15.930643758625065,15.53067584047744,15.667712211608887,1065523200
2014-01-29,15.588827622120018,15.694619388430667,15.423953174739786,15.489840507507324,502810000
2014-01-30,15.545208335431289,15.667705260255799,15.364558824622318,15.459832191467285,678501600
2014-01-31,15.317547495673175,15.513973858131445,15.267126313272785,15.48520565032959,464797200
2014-02-03,15.547380999952265,15.705759764270555,15.444992358511575,15.513972282409668,401464000
2014-02-04,15.647601953512988,15.75927160675503,15.552017977139661,15.738545417785645,376681200
2014-02-05,15.669571615308408,15.93930953996748,15.659981660429944,15.856099128723145,328344800
2014-02-06,15.872275076363021,15.979323321168614,15.802257384252663,15.948514938354492,257765200
2014-02-07,16.22453641580688,16.272769868004787,16.10006309799967,16.171634674072266,370280400
2014-02-10,16.139891850764933,16.55470147970671,16.11935403853627,16.461345672607422,345559200
2014-02-11,16.511755270589376,16.7339401951087,16.477212597030295,16.678239822387695,282256800
2014-02-12,16.70905511101978,16.790274060544117,16.593605908311496,16.677001953125,308100800
2014-02-13,16.637791304654602,16.954889362963968,16.62347731974748,16.94182014465332,307398000
2014-02-14,16.880822110538364,16.99004910402172,16.84161446599057,16.92812156677246,272924400
2014-02-18,16.9906748508744,17.15217874362702,16.9785379613007,16.99036407470703,260251600
2014-02-19,16.951779668827857,17.01837386278167,16.62814860497631,16.722126007080078,313768000
2014-02-20,16.58581822158103,16.710603955440153,16.461655701772425,16.528560638427734,305858000
2014-02-21,16.579593769036894,16.634985031770317,16.324734131916536,16.344961166381836,278784800
2014-02-24,16.279618901745184,16.490290242210826,16.256902327353,16.41653823852539,288909600
2014-02-25,16.473490086268818,16.479401482245304,16.212717253695782,16.245702743530273,231952000
2014-02-26,16.29392664700364,16.33718102225452,16.044667638373085,16.099124908447266,276217200
2014-02-27,16.09259698786844,16.454815761458217,16.05867751325927,16.42027473449707,301882000
2014-02-28,16.464149482520614,16.578355564127506,16.24756509408559,16.375774383544922,371968800
2014-03-03,16.288023824081897,16.513010866208536,16.269041544738936,16.423078536987305,238781200
2014-03-04,16.523893691088276,16.57492744226712,16.423380069066408,16.531360626220703,259140000
2014-03-05,16.521409395316102,16.640591223896582,16.465705675953625,16.566219329833984,200062800
2014-03-06,16.57959852591875,16.630944728871757,16.433653392214477,16.516117095947266,185488800
2014-03-07,16.52669867446406,16.55439431416619,16.369861416140083,16.506471633911133,220729600
2014-03-10,16.44175228159667,16.596410847413857,16.441129067122493,16.52141571044922,178584000
2014-03-11,16.662376426568205,16.76475474332135,16.573376442848556,16.68229103088379,279224400
2014-03-12,16.6331252210865,16.721500328521167,16.555017361028174,16.69847297668457,199326400
2014-03-13,16.72430848428903,16.793390565344364,16.466646680814733,16.51301383972168,257742800
2014-03-14,16.45512384572157,16.520473251032055,16.274948478834425,16.327539443969727,237199200
2014-03-17,16.42120702185171,16.491844611232658,16.36363698764916,16.391332626342773,199544800
2014-03-18,16.36518573370852,16.55407439829452,16.34340316031528,16.53633689880371,209647200
2014-03-19,16.56310730634081,16.686957418010724,16.461659667804163,16.5319881439209,224756000
2014-03-20,16.48935255690118,16.57586298304866,16.41031239039318,16.452322006225586,208398400
2014-03-21,16.552833479793996,16.609469513303686,16.378571190239565,16.58208465576172,374046400
2014-03-24,16.754797661239046,16.819523862190422,16.650238929299334,16.778759002685547,355700800
2014-03-25,16.850639742248386,16.982892427729432,16.791201733524606,16.95924186706543,282293200
2014-03-26,17.006856239133352,17.0840301022041,16.768489264948165,16.797117233276367,299768000
2014-03-27,16.804585575090133,16.850641936063564,16.65210583203408,16.72492218017578,222031600
2014-03-28,16.751686204965882,16.770979257698063,16.62503410266017,16.706253051757812,200564000
2014-03-31,16.780005019313062,16.829172472462208,16.677312598660983,16.7025203704834,168669200
2014-04-01,16.734258960601718,16.86215748759821,16.703452232409642,16.855310440063477,200760000
2014-04-02,16.878028104254607,16.912258358421187,16.812057129384648,16.883317947387695,180420800
2014-04-03,16.8472102308991,16.88175123842606,16.73051633532941,16.76630210876465,162344000
2014-04-04,16.798053161564532,16.803964556844402,16.510829483344324,16.549415588378906,275251200
2014-04-07,16.431161019495637,16.520782530633184,16.240405986397583,16.28957176208496,289850400
2014-04-08,16.34310017369103,16.372040580638533,16.14114053928874,16.28864288330078,243888400
2014-04-09,16.263752501593554,16.508032611330034,16.244459445058798,16.502742767333984,206169600
2014-04-10,16.51393585729834,16.56248174379021,16.28023721280231,16.289884567260742,239652000
2014-04-11,16.150474454056454,16.269659597946106,16.092595305662165,16.169458389282227,271717600
2014-04-14,16.240713027344555,16.2488031754314,16.094767952428587,16.233867645263672,205674000
2014-04-15,16.189994667617253,16.232625838077034,15.911795202755785,16.11811065673828,266490000
2014-04-16,16.12091105335715,16.215511635350616,15.999238049308042,16.150785446166992,214765600
2014-04-17,16.181593111154914,16.423072814739598,16.156697782361302,16.335317611694336,284334400
2014-04-21,16.347766344025704,16.559371666881383,16.304822730003615,16.52918815612793,182548800
2014-04-22,16.440184492499696,16.549722259868183,16.38386089744143,16.545677185058594,202563200
2014-04-23,16.46352741810117,16.527942836980518,16.32007015873367,16.32940673828125,394940000
2014-04-24,17.681815677212686,17.73751773358524,17.44904931937817,17.668123245239258,759911600
2014-04-25,17.56729854291115,17.799441682897818,17.54956269733047,17.797887802124023,390275200
2014-04-28,17.824644489172762,18.538812879703098,17.816863454137977,18.48715591430664,669485600
2014-04-29,18.476269726714317,18.545974993105627,18.344638569559997,18.432392120361328,337377600
2014-04-30,18.442034945870528,18.65332945011792,18.353658202541382,18.362682342529297,456640800
2014-05-01,18.422119402419867,18.5092513828688,18.24661233710697,18.40593910217285,244048000
2014-05-02,18.432703351019413,18.490584162092844,18.350861200389968,18.440170288085938,191514400
2014-05-05,18.36424467076385,18.7021913290356,18.35988715664778,18.700944900512695,287067200
2014-05-06,18.727080433367078,18.808299358020943,18.497116088867188,18.497116088867188,374564400
2014-05-07,18.523258418556768,18.58673985206451,18.289247287848568,18.432392120361328,282864400
2014-05-08,18.407671470932986,18.600432859628366,18.34978155464425,18.3995361328125,230297200
2014-05-09,18.291579183086263,18.345088923407964,18.159837831410698,18.322872161865234,291597600
2014-05-12,18.38388696270023,18.576959155225385,18.381069342025103,18.550987243652344,213208800
2014-05-13,18.525011804191514,18.60449343282618,18.484333454263076,18.58008575439453,159737200
2014-05-14,18.538468317525954,18.693990602853805,18.516876588160958,18.583528518676758,166404000
2014-05-15,18.60950593270648,18.668960075286474,18.401098908179247,18.425506591796875,230846000
2014-05-16,18.419556935820214,18.698058495431972,18.318483576092166,18.697433471679688,276256400
2014-05-19,18.708074915237084,19.00472560261831,18.691802569930477,18.91898536682129,317755200
2014-05-20,18.916482341794055,18.975623970696134,18.798197412803116,18.922740936279297,234836000
2014-05-21,18.895200135025007,18.985008027121378,18.839813671565366,18.97280502319336,196859600
2014-05-22,18.981878822809403,19.083578874160466,18.903648913947443,19.002843856811523,200760000
2014-05-23,19.00221773420361,19.23628409470825,18.977810057528114,19.21750831604004,232209600
2014-05-27,19.27227518947203,19.584571542451254,19.264452363949097,19.577375411987305,348866000
2014-05-28,19.589572947720733,19.708797053634743,19.51947837833775,19.526676177978516,315481600
2014-05-29,19.646842346024957,19.92909910205374,19.64433890828498,19.88247299194336,376474000
2014-05-30,19.963839249028922,20.157538208568244,19.679705662023046,19.80800437927246,564020800
2014-06-02,19.83803389393795,19.865257518306013,19.479424058984222,19.671871185302734,369350800
2014-06-03,19.665928332705498,19.987613359787737,19.65935722720603,19.950061798095703,292709200
2014-06-04,19.94693731019592,20.273941789191962,19.90531807216024,20.177873611450195,335482000
2014-06-05,20.22105245761543,20.32024907451716,20.10871363010138,20.257038116455078,303805600
2014-06-06,20.336834275439976,20.37939271149661,20.16691805665327,20.201337814331055,349938400
2014-06-09,20.30554375194616,20.564017847014735,20.0974509231242,20.52458953857422,301660000
2014-06-10,20.750208020102807,20.820302604697645,20.496114106454815,20.645065307617188,251108000
2014-06-11,20.61877486938194,20.75677475490569,20.474205550245596,20.559633255004883,182724000
2014-06-12,20.599056808433684,20.616580864650512,20.130299167342436,20.215726852416992,218996000
2014-06-13,20.196020929866766,20.248593122097372,19.906880557345353,19.99449920654297,218100000
2014-06-16,20.044879675456603,20.31649597309455,20.031735792328533,20.196020126342773,142244000
2014-06-17,20.22011645831252,20.30554418321693,20.10840430801399,20.169736862182617,118904000
2014-06-18,20.211352263469433,20.21573411469076,20.009830558139473,20.191638946533203,134056000
2014-06-19,20.215735545311137,20.217926471076847,20.007641048422823,20.121545791625977,142112000
2014-06-20,20.119352112850407,20.2726851429217,19.91125931562295,19.913450241088867,403592000
2014-06-23,20.003249798968294,20.068964166081948,19.84553665484415,19.895917892456055,174776000
2014-06-24,19.87839960391036,20.0952544043845,19.755734532318726,19.775447845458984,156144000
2014-06-25,19.760121083061833,19.867453055313167,19.63745597191745,19.792978286743164,147476000
2014-06-26,19.795168511672554,19.944119714724856,19.670312479054207,19.91126251220703,130516000
2014-06-27,19.893740830529538,20.152214958805168,19.882787871316282,20.14783477783203,256116000
2014-06-30,20.174114315702543,20.531159976786377,20.171923390153598,20.35592269897461,197929200
2014-07-01,20.48516273498535,20.605638594955696,20.399735005619778,20.48516273498535,152892000
2014-07-02,20.561828096395466,20.603445658443892,20.39097098315027,20.47640037536621,113860000
2014-07-03,20.518023323427652,20.612213100978035,20.415071511781058,20.596879959106445,91567200
2014-07-07,20.620973444448897,21.026207878849338,20.612211411071048,21.021827697753906,225872000
2014-07-08,21.087530879057166,21.20362651527929,20.572773767633347,20.886009216308594,260888000
2014-07-09,20.905726439001675,21.01743856570506,20.75677526554409,20.894773483276367,145744000
2014-07-10,20.53773872977107,20.929830989706566,20.485166524139597,20.818117141723633,158744000
2014-07-11,20.888204496984223,21.004298486227583,20.778681613367983,20.8575382232666,136072000
2014-07-14,20.997732153912814,21.223349078060814,20.951732732879556,21.126968383789062,171240000
2014-07-15,21.20363261886153,21.214583905380074,20.815920644234733,20.879444122314453,181911600
2014-07-16,21.2408609589745,21.269336297224882,20.752388331910534,20.761150360107422,213585200
2014-07-17,20.815923459192053,20.870684912750356,20.277070956720788,20.390974044799805,229192000
2014-07-18,20.50706368144151,20.752393851461253,20.375634894717855,20.684490203857422,199952000
2014-07-21,20.80716079150736,20.809351717515217,20.528973351237546,20.577163696289062,156316000
2014-07-22,20.73925241921723,20.785251827821423,20.616587329606045,20.748014450073242,220788000
2014-07-23,20.901344868219766,21.440197207632217,20.84658343123249,21.2890567779541,371672000
2014-07-24,21.256207802479747,21.317540368236376,21.120398784599296,21.254016876220703,182916000
2014-07-25,21.214585694354543,21.43144057147443,21.168586276249528,21.394203186035156,173876000
2014-07-28,21.42706606063521,21.738110782235044,21.3679244134753,21.68992042541504,221272000
2014-07-29,21.757821011315464,21.78191618444589,21.521251132136882,21.549726486206055,172572000
2014-07-30,21.562875001431628,21.619825721798577,21.394208753302202,21.499351501464844,132040000
2014-07-31,21.282489387805153,21.34601119515419,20.881635198003654,20.940776824951172,227372000
2014-08-01,20.787444142550548,21.164203138605302,20.767729154010343,21.056869506835938,194044000
2014-08-04,21.109444316263787,21.155443733653023,20.84658835394223,20.938587188720703,159832000
2014-08-05,20.888206660564773,20.958301246492034,20.66916087064374,20.835636138916016,223732000
2014-08-06,20.754594900517787,20.91449911106317,20.745832865716523,20.800594329833984,154232000
2014-08-07,20.89744392515824,21.121981190341074,20.71473122457376,20.798383712768555,186844000
2014-08-08,20.74995921443282,20.873234476873492,20.53422582566215,20.855623245239258,167460000
2014-08-11,20.97228921163958,21.150599946015525,20.87763096582242,21.130786895751953,146340000
2014-08-12,21.14179986494667,21.326712758466858,21.0471415943591,21.12639045715332,135180000
2014-08-13,21.16601525350848,21.405961990356445,21.14180022948719,21.405961990356445,127664000
2014-08-14,21.425773195798197,21.478605207509528,21.309101733498466,21.46319580078125,112464000
2014-08-15,21.551244060318083,21.615083492502293,21.32230316957091,21.56885528564453,195804000
2014-08-18,21.6811365356875,21.874856775611963,21.568868683367562,21.828628540039062,190288000
2014-08-19,21.883654651919475,22.163225790860647,21.863841598254716,22.130205154418945,277596000
2014-08-20,22.110392488197125,22.253479105250783,22.00252497015768,22.139009475708008,210796000
2014-08-21,22.13900873260358,22.220459404399577,22.037746688464843,22.141210556030273,133912000
2014-08-22,22.077370472465482,22.33713020581049,22.05535727733437,22.304109573364258,176736000
2014-08-25,22.407578624862538,22.491229457524,22.295309120356727,22.3525447845459,161080000
2014-08-26,22.326125040380145,22.343736270076786,22.202849791502256,22.209453582763672,132608000
2014-08-27,22.238069624388846,22.579280047358814,22.167626388101404,22.482419967651367,209476000
2014-08-28,22.363548522110356,22.625510115762786,22.3569447305896,22.508838653564453,273840000
2014-08-29,22.643118322985362,22.651923937003822,22.497828210929477,22.56386947631836,178380000
2014-09-02,22.687147008177423,22.83683910263296,22.612301800699314,22.739980697631836,214256000
2014-09-03,22.69595755214121,22.717970754445,21.700946364312667,21.780195236206055,501684000
2014-09-04,21.760385489109918,22.033352934105498,21.527042486089496,21.599687576293945,342872000
2014-09-05,21.749368249964487,21.879247270435684,21.641500744031845,21.78679084777832,233828000
2014-09-08,21.859439348175798,21.861639492277316,21.5842701805477,21.652511596679688,185426800
2014-09-09,21.81100663140338,22.69154785983792,21.163808291064278,21.57105827331543,759385200
2014-09-10,21.57545768287774,22.257876664997738,21.520423866908406,22.233661651611328,403478400
2014-09-11,22.10378987540288,22.330529002573044,21.92988275856865,22.328327178955078,249412400
2014-09-12,22.279901542053558,22.49563495279234,22.251284547358473,22.378963470458984,250504400
2014-09-15,22.632110422734215,22.68494410576447,22.33052612639063,22.372350692749023,245266000
2014-09-16,21.969511195386907,22.290908642789205,21.769187197078143,22.20285415649414,267632400
2014-09-17,22.293104104206144,22.409777239749918,22.14341201280018,22.361347198486328,243706000
2014-09-18,22.438398239310786,22.53085469125193,22.35694754812478,22.40757942199707,149197600
2014-09-19,22.517643448788903,22.530851031349467,22.12360100057213,22.224863052368164,283609600
2014-09-22,22.409784800545108,22.484630031750342,22.141219338926614,22.246883392333984,211153600
2014-09-23,22.14562152219656,22.660739245913682,22.13241393526787,22.594697952270508,253608800
2014-09-24,22.48901992321017,22.64091211700419,22.277688586672813,22.39876365661621,240687200
2014-09-25,22.125802445148047,22.16982883926195,21.511624674113175,21.544645309448242,400368000
2014-09-26,21.689933939016523,22.178634643554688,21.66131695054781,22.178634643554688,249482000
2014-09-29,21.716349072389495,22.110391486177914,21.711945425587857,22.03774642944336,199065200
2014-09-30,22.191842226001892,22.352541756939846,22.13020460191587,22.178634643554688,221056400
2014-10-01,22.143409158177377,22.165424031913158,21.727353572956858,21.833019256591797,205965200
2014-10-02,21.852833594410182,22.061963166799195,21.58206807748978,21.991519927978516,191031200
2014-10-03,21.890261431019457,22.059764924622677,21.802206948323168,21.929885864257812,173878400
2014-10-06,22.002529258945152,22.156625023538556,21.88585778315988,21.929885864257812,148204800
2014-10-07,21.88806111508409,22.03995506621255,21.733967019373825,21.73836898803711,168376800
2014-10-08,21.740563808688943,22.25788145421184,21.641501910929787,22.189640045166016,229618800
2014-10-09,22.352538925325362,22.53745177415871,22.147813025831823,22.238067626953125,309506000
2014-10-10,22.1654287747801,22.46040933556879,22.079576123237157,22.17423439025879,265326400
2014-10-13,22.306307217839144,22.405367417120654,21.97170066833496,21.97170066833496,214333600
2014-10-14,22.09939088041517,22.12800787547574,21.698744552068803,21.73836898803711,254754400
2014-10-15,21.56666412768238,21.826423951456995,20.95248619656698,21.47200584411621,403734400
2014-10-16,21.03392973123229,21.511622955143274,21.0031109219154,21.19022560119629,288618000
2014-10-17,21.46318776059808,21.793390649222662,21.31129389439117,21.5006103515625,272718800
2014-10-20,21.64371121561289,22.004733116482573,21.62169801277932,21.96070671081543,310069200
2014-10-21,22.67833773459652,22.67833773459652,22.293100961846005,22.55726432800293,378495600
2014-10-22,22.638717034763854,22.918289850604097,22.58588502464811,22.671737670898438,273052400
2014-10-23,22.91168644465775,23.125217991820485,22.81262453458775,23.0767879486084,284298800
2014-10-24,23.153832096584384,23.222073505608964,23.0107438084207,23.16263771057129,188215600
2014-10-27,23.081190168106158,23.21987650781669,23.04816953105606,23.138425827026367,136750800
2014-10-28,23.202257704673496,23.497238159179688,23.191250269416297,23.497238159179688,192243600
2014-10-29,23.47743362880465,23.63593133747664,23.413594180617363,23.62932586669922,210751600
2014-10-30,23.545669977419987,23.631522604557773,23.31232711181461,23.550073623657227,162619200
2014-10-31,23.77681806507058,23.78342185641776,23.600709124815626,23.774616241455078,178557200
2014-11-03,23.82304398807894,24.280925845014465,23.776815773604557,24.08280372619629,209130400
2014-11-04,24.07399771866597,24.102614704444598,23.712975943385615,23.906694412231445,166297600
2014-11-05,24.01676213447372,24.06079020444703,23.803230613725788,23.963930130004883,149743600
2014-11-06,24.01035442879749,24.05236203491719,23.833483582552173,24.03246307373047,139874000
2014-11-07,24.043523622427497,24.169544782218598,23.999306322662214,24.10100746154785,134766000
2014-11-10,24.103220381402817,24.171759398056096,24.025839253035006,24.061214447021484,108782000
2014-11-11,24.032467343031435,24.264612373021347,23.966141396449878,24.253557205200195,109769200
2014-11-12,24.182811827951483,24.636046782168272,24.180602143510125,24.596250534057617,187769600
2014-11-13,24.717850337094166,25.08264730558386,24.673631347095846,24.943361282348633,238091600
2014-11-14,25.016309695772808,25.24624327629308,24.587394969919497,25.24403190612793,176254400
2014-11-17,25.26393697872396,25.92941791431096,25.049481236355007,25.2020320892334,186986800
2014-11-18,25.190983820514273,25.577891146662264,25.17992865076864,25.529251098632812,176896000
2014-11-19,25.52260749467483,25.588933423757027,25.160020351325205,25.352367401123047,167476800
2014-11-20,25.40543942425146,25.836564024088,25.392172884176674,25.714963912963867,173582000
2014-11-21,25.980277042597013,25.993541898063,25.653063217917374,25.750343322753906,228717200
2014-11-24,25.83435596196846,26.25884818953016,25.783506226644825,26.227895736694336,189803200
2014-11-25,26.32517215005574,26.47551333710305,25.967005934412512,26.00016975402832,275361600
2014-11-26,26.075341460226543,26.331804848554643,26.051021438042593,26.309696197509766,163073200
2014-11-28,26.369383983201203,26.398126741405793,26.099655800324363,26.294214248657227,99257600
2014-12-01,26.26768482560969,26.364964900442267,24.600667135989724,25.44080924987793,335256000
2014-12-02,25.093697825785572,25.591149985327576,24.92788043927157,25.343528747558594,237395600
2014-12-03,25.59115087142453,25.723804447872546,25.449653498309086,25.63094711303711,172253600
2014-12-04,25.595581059440278,25.911739734291057,25.489458835127795,25.533676147460938,168178000
2014-12-05,25.644223047233485,25.664122020030323,25.345751949540674,25.425344467163086,153275600
2014-12-08,25.2263579952082,25.347958118500458,24.67805597166631,24.850505828857422,230659600
2014-12-09,24.36189444365549,25.270573986393384,24.176178067125463,25.230777740478516,240832000
2014-12-10,25.29489542229406,25.39217382802734,24.660366823283695,24.751012802124023,178261200
2014-12-11,24.819544534990275,25.160023072131874,24.61614061151061,24.67804718017578,165606800
2014-12-12,24.421587536211593,24.733325071482163,24.227029052288938,24.26019287109375,224112400
2014-12-15,24.47464893391686,24.673630162400315,23.512908297492405,23.928558349609375,268872400
2014-12-16,23.517329613213178,24.35526040632581,23.493009593052463,23.601343154907227,243162800
2014-12-17,23.683143846556245,24.284506783757326,23.61681622102402,24.18943977355957,213647200
2014-12-18,24.733323341258806,24.905773162841797,24.465804812036247,24.905773162841797,236024800
2014-12-19,24.819556221482667,25.036223410094973,24.68690259973072,24.71343231201172,353719200
2014-12-22,24.79744076482196,25.09148901158005,24.755433149521437,24.969890594482422,180670000
2014-12-23,25.0340108577416,25.056119511037437,24.86377068512118,24.881458282470703,104113600
2014-12-24,24.890291910221283,24.919032979083195,24.764270782470703,24.764270782470703,57918400
2014-12-26,24.784172398390375,25.31920944245221,24.764275121103438,25.2020320892334,134884000
2014-12-29,25.157819572535715,25.37448672691588,25.13792060468657,25.184350967407227,110395600
2014-12-30,25.12465258690099,25.18655748035729,24.78638535709917,24.877031326293945,119526000
2014-12-31,24.943361938530074,25.011899266352984,24.366317176432187,24.403902053833008,165613600
2015-01-02,24.627197466302736,24.63825263316067,23.73399429855066,24.1717529296875,212818400
2015-01-05,23.94182443642263,24.02141693191781,23.305086159243192,23.490800857543945,257142000
2015-01-06,23.554914459681218,23.75168430492422,23.132632007155845,23.493009567260742,263188400
2015-01-07,23.700831470960534,23.921921323065693,23.590286544907954,23.822431564331055,160423600
2015-01-08,24.149648973158683,24.79523103500176,24.032469916763375,24.737747192382812,237458000
2015-01-09,24.910189184022276,25.038421682233444,24.36630843863654,24.764270782470703,214798000
2015-01-12,24.894728540149714,24.90136096889973,24.054587725092,24.154077529907227,198603200
2015-01-13,24.636037293752366,24.938930936980423,24.078891721566354,24.368518829345703,268367600
2015-01-14,24.10764031957575,24.428219965569937,23.988251583933135,24.27566909790039,195826400
2015-01-15,24.319887186095446,24.33315203933582,23.581447784827517,23.6168212890625,240056000
2015-01-16,23.663248948514042,23.784849053948268,23.258654074194936,23.43331527709961,314053200
2015-01-20,23.8423336559235,24.092166318792128,23.54607400393315,24.036893844604492,199599600
2015-01-21,24.087740769849525,24.554240532584878,23.93739959010379,24.220396041870117,194303600
2015-01-22,24.377373563872837,24.865982054841698,24.257984811944656,24.850505828857422,215185600
2015-01-23,24.828393786716223,25.14897343268383,24.658153637343272,24.978734970092773,185859200
2015-01-26,25.14676358405117,25.283839922916894,24.938940234729454,25.005266189575195,222460000
2015-01-27,24.85492186783158,24.868188406556055,24.10542737099762,24.12974739074707,382274800
2015-01-28,26.00679816034438,26.11513340012785,25.49386978149414,25.49386978149414,585908400
2015-01-29,25.717177667453264,26.351706301682732,25.54914886745016,26.28759002685547,337745600
2015-01-30,26.177042138049725,26.530785608810817,25.83435214922315,25.902891159057617,334982000
2015-02-02,26.09966486928115,26.34728449196772,25.66411747137144,26.227895736694336,250956400
2015-02-03,26.199149338596126,26.32959155096424,26.002379491164405,26.23231315612793,207662800
2015-02-04,26.199151274509653,26.643542413996485,26.15714365674654,26.43350601196289,280598800
2015-02-05,26.639929015987743,26.686542614611152,26.469018696977805,26.622173309326172,168984800
2015-02-06,26.63992940997086,26.69098151265496,26.291448471680404,26.397991180419922,174826400
2015-02-09,26.31364952034854,26.59997959492544,26.287013416310145,26.573345184326172,155559200
2015-02-10,26.673226401280676,27.11271278406764,26.6710079961241,27.0838565826416,248034000
2015-02-11,27.25032524044763,27.727544776569264,27.19039613285973,27.718666076660156,294247200
2015-02-12,27.980583052789616,28.29577098667342,27.87182193753955,28.069368362426758,297898000
2015-02-13,28.2513791917622,28.2513791917622,27.889581022925857,28.206987380981445,217088800
2015-02-17,28.29799265505498,28.60652202264807,28.17147412459932,28.37346076965332,252609600
2015-02-18,28.329068715519657,28.584325888211506,28.289115404198853,28.571008682250977,179566800
2015-02-19,28.51773266825435,28.63981268474202,28.484439657793157,28.51107406616211,149449600
2015-02-20,28.54881066804694,28.744138717651367,28.422293826373803,28.744138717651367,195793600
2015-02-23,28.859558482737327,29.521005630493164,28.779651865856355,29.521005630493164,283896400
2015-02-24,29.50769260586397,29.654188655379627,29.11481806830058,29.336780548095703,276912400
2015-02-25,29.20138100592295,29.21026140106917,28.444488196431227,28.586544036865234,298846800
2015-02-26,28.586537737217196,29.04821996360588,28.102661301610702,28.94833755493164,365150000
2015-02-27,28.85512065026242,28.981640881892154,28.46446792842742,28.5132999420166,248059200
2015-03-02,28.688642469948732,28.917263489087855,28.477778850639933,28.653127670288086,192386800
2015-03-03,28.624284366659396,28.74858281987977,28.431174696161683,28.71306800842285,151265200
2015-03-04,28.65535153620305,28.75745235902055,28.48222110892298,28.531049728393555,126665200
2015-03-05,28.5399294716474,28.577662678078546,27.913995490824327,28.058271408081055,226068400
2015-03-06,28.499976172884985,28.715280012385133,28.024978376338545,28.100444793701172,291368400
2015-03-09,28.402315541867832,28.759676923373377,27.758624083605657,28.220306396484375,354114000
2015-03-10,28.058272239386927,28.238061269952983,27.478950148186314,27.63654327392578,275426400
2015-03-11,27.689808888157405,27.694247390962325,27.10382829846428,27.13268280029297,275756000
2015-03-12,27.148224784716703,27.723108369874826,26.997290261725283,27.62322425842285,193450800
2015-03-13,27.612129452813793,27.834091905499694,27.208157856663018,27.43233871459961,207309200
2015-03-16,27.496703620069137,27.734203338623047,27.272522798079336,27.734203338623047,143497200
2015-03-17,27.94507540660862,28.26026170865379,27.889584788920136,28.19811248779297,204092400
2015-03-18,28.189225551434124,28.66866516106503,28.049389845344493,28.51551055908203,261083600
2015-03-19,28.57766207526712,28.688643287209903,28.27801314170938,28.300209045410156,183238000
2015-03-20,28.46668163836852,28.499974648106683,27.780818542739226,27.945070266723633,274780400
2015-03-23,28.215858320379294,28.377889909253515,28.08267953779297,28.2358341217041,150838800
2015-03-24,28.240284200841668,28.4200715560006,28.09156806736608,28.120424270629883,131369200
2015-03-25,28.08713105147488,28.149280271891076,27.38572883605957,27.38572883605957,206620800
2015-03-26,27.248107132166854,27.718666378399934,27.212592332143824,27.576610565185547,190291600
2015-03-27,27.649859075687882,27.678713581155,27.281402332626065,27.356868743896484,158184800
2015-03-30,27.534445550790377,28.05605702550457,27.523346749725256,28.04939842224121,188398800
2015-03-31,27.987244552505132,28.07602987133525,27.603250461715593,27.61878776550293,168362400
2015-04-01,27.705349230812534,27.771938634270164,27.323573596991732,27.57883071899414,162485600
2015-04-02,27.751956846215027,27.869596639826135,27.565509254855222,27.816326141357422,128880400
2015-04-06,27.627670652825614,28.302436807359143,27.596596040542565,28.266921997070312,148776000
2015-04-07,28.33128438729237,28.43782540520699,27.962827634632472,27.969486236572266,140049200
2015-04-08,27.93396769654815,28.05604769390282,27.738641394219403,27.878477096557617,149316800
2015-04-09,27.933972955386533,28.096006282976266,27.669838801244122,28.09156608581543,129936000
2015-04-10,27.956172416780813,28.23584560312036,27.803019464032342,28.211429595947266,160752000
2015-04-13,28.49331552230274,28.5377107169746,28.102662872086338,28.155933380126953,145460400
2015-04-14,28.189230378955582,28.253599690907617,27.947292127923955,28.033857345581055,102098400
2015-04-15,28.05827490784861,28.218086453862202,27.9694895866594,28.140399932861328,115881600
2015-04-16,28.02941516334476,28.21142428673899,27.99168195697449,28.0049991607666,113476000
2015-04-17,27.86738231870997,27.998339332768015,27.6254424019684,27.68981170654297,207828000
2015-04-20,27.87182704432072,28.43783032176477,27.783041718415994,28.322410583496094,188217200
2015-04-21,28.43338822539975,28.455582435951143,28.11598019392641,28.169252395629883,129740400
2015-04-22,28.187005220449002,28.604293930488744,28.038290816138105,28.548803329467773,150618000
2015-04-23,28.47777109872952,28.948330212070577,28.442256308736326,28.781858444213867,183083600
2015-04-24,28.963876628181755,28.994951230673138,28.68420181888168,28.91726303100586,178103600
2015-04-27,29.367845286376383,29.549856084318446,29.110368083526527,29.44331169128418,387816800
2015-04-28,29.845075378366165,29.862829395615357,28.759679029288257,28.979419708251953,475696000
2015-04-29,28.89063709036109,29.208041809748764,28.477786743790606,28.553253173828125,253544400
2015-04-30,28.553249161739682,28.553249161739682,27.652082165186428,27.778600692749023,332781600
2015-05-01,27.98946245844296,28.88397248578845,27.811893528132792,28.622055053710938,234050400
2015-05-04,28.74413710360196,28.981638549387306,28.468902447967,28.566566467285156,203953200
2015-05-05,28.444482187559743,28.51107158957588,27.918432346699838,27.92287254333496,197085600
2015-05-06,28.091568879027747,28.133742289053895,27.38128967218274,27.747528076171875,288564000
2015-05-07,27.809937979380642,28.101924546751007,27.64277075933011,27.91915512084961,175763600
2015-05-08,28.235648908196517,28.445165634155273,28.108601929809527,28.445165634155273,222201600
2015-05-11,28.393898694454734,28.43178950857203,28.001612623353516,28.155406951904297,168143200
2015-05-12,27.994929794902085,28.28022817387746,27.821076201495995,28.055110931396484,192640000
2015-05-13,28.117523377682865,28.34932876572444,28.055114561770264,28.086318969726562,138776800
2015-05-14,28.398361129602005,28.741609573364258,28.342638736710246,28.741609573364258,180814000
2015-05-15,28.768361775895382,28.861974998052265,28.576676587376436,28.701494216918945,152832000
2015-05-18,28.614566226619402,29.136127043210262,28.610107482598703,29.017995834350586,203531600
2015-05-19,29.129429952501297,29.171779502614964,28.895395292047414,28.991239547729492,178532800
2015-05-20,28.975652282154563,29.19408317014817,28.828544308168176,28.989025115966797,145819600
2015-05-21,28.991254616834635,29.33896188120111,28.93775988346067,29.28546714782715,158921600
2015-05-22,29.33227093213358,29.637628577188966,29.28769029403118,29.541784286499023,182384000
2015-05-26,29.555162714870846,29.62425794762897,28.77950444778017,28.890949249267578,282790400
2015-05-27,29.051424426835563,29.479371973804785,28.98678795090275,29.430335998535156,183332800
2015-05-28,29.39021278037594,29.41027202129674,29.220817966448784,29.37238121032715,122933200
2015-05-29,29.24980561330809,29.298841604695433,28.953361993021286,29.038061141967773,203538000
2015-06-01,29.03805632278588,29.285463910625356,28.986792667943565,29.096006393432617,128451200
2015-06-02,28.944449329712235,29.12276172526426,28.824090418304607,28.966739654541016,134670400
2015-06-03,29.122754096088396,29.185162908028698,28.953355834228855,29.002391815185547,123934000
2015-06-04,28.882032348368387,29.10492192963282,28.732696737044225,28.832996368408203,153800400
2015-06-05,28.864201159359645,28.90655072452968,28.61010716936459,28.67474365234375,142507200
2015-06-08,28.730463190307695,28.799561811409987,28.26908356535739,28.485286712646484,210699200
2015-06-09,28.24011012115443,28.54769884094166,27.999390658489013,28.400590896606445,224301600
2015-06-10,28.51203766781097,28.828540496615886,28.496435463588547,28.72601318359375,156349200
2015-06-11,28.79287718751531,29.015766789775782,28.636855146138068,28.661373138427734,141563600
2015-06-12,28.572217954644202,28.603422362151573,28.331496782005065,28.34486961364746,147544800
2015-06-15,28.106386502245286,28.360480585080335,28.019459668670834,28.289155960083008,175955600
2015-06-16,28.313668771655237,28.496438196005535,28.166562503525917,28.440715789794922,125976400
2015-06-17,28.467463102907402,28.503124558547782,28.24903052275088,28.373849868774414,131672400
2015-06-18,28.358247343232414,28.598966842500325,28.35601797086976,28.503124237060547,141628800
2015-06-19,28.4652325447533,28.48975053845911,28.17324769309133,28.217824935913086,218867600
2015-06-22,28.41619239621679,28.543239390218766,28.32480855166014,28.44293975830078,136157200
2015-06-23,28.41396864362743,28.44294368116358,28.280233515275235,28.31366729736328,121075600
2015-06-24,28.35379084524907,28.931075895994205,28.33373159393428,28.554391860961914,221123600
2015-06-25,28.721552677138014,28.797334321422557,28.41842269897461,28.41842269897461,127752400
2015-06-26,28.4563149676621,28.527639572001984,28.197763914622286,28.251256942749023,176267200
2015-06-29,27.963726587029704,28.188845539651794,27.74529575025831,27.756439208984375,196645600
2015-06-30,27.98824519268271,28.11083514495422,27.829993790985686,27.957040786743164,177482800
2015-07-01,28.284692500658533,28.293608289325444,28.081862134640076,28.217824935913086,120955200
2015-07-02,28.1799376806452,28.237889464067838,28.03282969976767,28.182167053222656,108844000
2015-07-06,27.847823067432426,28.135350813154044,27.8277621221199,28.08408546447754,112241600
2015-07-07,28.05956708551555,28.11751884831885,27.58704059748947,28.014989852905273,187787200
2015-07-08,27.74529424836351,27.780955695074073,27.3128879411029,27.3195743560791,243046400
2015-07-09,27.604874335956396,27.65168094402224,26.572896185523614,26.762351989746094,314380000
2015-07-10,27.179159625272575,27.604877896696575,27.01644946152121,27.47783088684082,245418000
2015-07-13,27.867877383088135,28.030587486574408,27.709626022443757,28.008298873901367,165762000
2015-07-14,28.093008285838255,28.16656226954835,27.870118662847325,27.99716567993164,127072400
2015-07-15,28.02168272503407,28.340414943131908,27.990478314913677,28.266860961914062,134596800
2015-07-16,28.47191709189912,28.656917568950988,28.384990283744607,28.64354133605957,144889600
2015-07-17,28.77059036011237,28.890949249267578,28.598964413534638,28.890949249267578,184658800
2015-07-20,29.191848982964544,29.637628149351997,29.131667843215197,29.437028884887695,235600800
2015-07-21,29.610880271619788,29.626480772742738,29.04696994042469,29.142810821533203,307025600
2015-07-22,27.190304050904626,27.97264708701165,27.190304050904626,27.91023826599121,461802400
2015-07-23,28.128659938661126,28.32703149795129,27.874565993041987,27.8968563079834,203998000
2015-07-24,27.932519507964106,28.026132714762245,27.61601674182999,27.7497501373291,168649200
2015-07-27,27.43547368105578,27.551377198446225,27.219272247658324,27.36414909362793,177822000
2015-07-28,27.5001220703125,27.618255003215104,27.31512496890696,27.5001220703125,134472400
2015-07-29,27.448853993158306,27.526865011387642,27.252710061024363,27.413190841674805,148046800
2015-07-30,27.26385636544431,27.31957876659184,27.12789357060331,27.275001525878906,134513200
2015-07-31,27.326265941232524,27.335181729725164,26.94958365536705,27.036510467529297,171540000
2015-08-03,27.08108369318085,27.31957547332252,26.19398242562316,26.3990421295166,279904000
2015-08-04,26.171691881969178,26.23410068705655,25.242242819391386,25.552059173583984,496554400
2015-08-05,25.175383532362968,26.17615921547007,24.985927683172218,25.721464157104492,397250400
2015-08-06,25.965512864034878,26.08417881192571,25.551300924114155,25.777437210083008,211612000
2015-08-07,25.65429218855128,26.028202297608875,25.636379897429816,25.864755630493164,154681600
2015-08-10,26.090889495255514,26.86557802792801,26.090889495255514,26.805126190185547,219806400
2015-08-11,26.377479640744433,26.460322694112065,25.374415397109164,25.41023826599121,388331200
2015-08-12,25.19529452559621,25.84236096646408,24.54598862173229,25.802059173583984,404870000
2015-08-13,25.981175606121347,26.06177918249208,25.645327940646474,25.781906127929688,194143200
2015-08-14,25.59607301858743,26.041630495528047,25.526665039524,25.963266372680664,171718000
2015-08-17,25.981185697987623,26.341662468940665,25.860280286468257,26.231952667236328,163538800
2015-08-18,26.06849656466811,26.294634477144445,25.974459625772464,26.084169387817383,138242800
2015-08-19,25.994618873897537,26.088655846102164,25.676683372704627,25.75057029724121,193146000
2015-08-20,25.542340980854984,25.602792823510995,24.99378863756761,25.222166061401367,274006400
2015-08-21,24.72511190737963,25.05424298213673,23.654877329740913,23.679506301879883,513102000
2015-08-24,21.24124891448916,24.360154736085217,20.5986596770011,23.088411331176758,648825200
2015-08-25,24.87736060051428,24.87736060051428,23.17349300701332,23.22722816467285,414406400
2015-08-26,23.977289788865253,24.604206278523865,23.5205383474457,24.55942726135254,387098400
2015-08-27,25.1281287694697,25.354265018824652,24.633311593791372,25.282617568969727,338464400
2015-08-28,25.114694413745738,25.36993856788894,24.97363897325923,25.365461349487305,212657600
2015-08-31,25.08334899563872,25.64309525264471,25.076632313868252,25.246795654296875,224917200
2015-09-01,24.66242450275572,25.049768020045622,24.037747371674186,24.118350982666016,307383600
2015-09-02,24.680331491377068,25.152755737304688,24.43404178394238,25.152755737304688,247555200
2015-09-03,25.186339324259134,25.25127008789612,24.637788736174347,24.7116756439209,212935600
2015-09-04,24.398213115692826,24.729581848062377,24.295220038972044,24.465381622314453,199985200
2015-09-08,25.020657349523418,25.20201458771156,24.700482426521027,25.146039962768555,219374400
2015-09-09,25.47069399960268,25.528906380060143,24.577337749033934,24.66242027282715,340043200
2015-09-10,24.68928691560042,25.363221880870384,24.606445563612514,25.204254150390625,251571200
2015-09-11,25.02961528162018,25.571449279785156,25.022898599461048,25.571449279785156,199662000
2015-09-14,26.10208772561707,26.171495714483527,25.716982029564473,25.81773567199707,233453600
2015-09-15,25.956553696483464,26.090892457549067,25.61846647637051,26.0349178314209,173364800
2015-09-16,26.02819748858507,26.093128250746073,25.846840272065933,26.064022064208984,148694000
2015-09-17,25.89610010440373,26.08193455236949,25.461736488332857,25.506515502929688,256450400
2015-09-18,25.12365527155503,25.59160411407062,25.047530586977455,25.401288986206055,297141200
2015-09-21,25.450533893002323,25.831162245411523,25.448296138633808,25.795337677001953,200888000
2015-09-22,25.385612015661604,25.564731503889117,25.193059163690542,25.390090942382812,201384800
2015-09-23,25.441590242277385,25.685640536816063,25.367705023022815,25.596080780029297,143026800
2015-09-24,25.356506762297254,25.86027841982634,25.159476684530407,25.748329162597656,200878000
2015-09-25,26.070740522080886,26.126715144151163,25.528904882201047,25.683395385742188,224607600
2015-09-28,25.490847871068503,25.652055089600868,25.175151824951172,25.175151824951172,208436000
2015-09-29,25.262461655254562,25.41471266435041,24.149686123684695,24.418363571166992,293461600
2015-09-30,24.666898874830924,24.973640453934493,24.344486176287496,24.696006774902344,265892000
2015-10-01,24.420608956887314,24.543753813306612,24.02654712455552,24.53479766845703,255716400
2015-10-02,24.18327094054889,24.854966259378173,24.080277863313544,24.713909149169922,232079200
2015-10-05,24.601969227517102,24.93557925853222,24.420611969517466,24.803478240966797,208258800
2015-10-06,24.769885290089103,25.01841271007408,24.577332483466336,24.922136306762695,192787200
2015-10-07,25.018420619243077,25.025137301656372,24.496738356025208,24.803478240966797,187062400
2015-10-08,24.67138202722316,24.67138202722316,24.228062142008813,24.516891479492188,247918400
2015-10-09,24.628833061271347,25.13932132777321,24.514644356961238,25.103498458862305,211064400
2015-10-12,25.240076459852247,25.244553677850178,24.95124721500519,24.987070083618164,121868800
2015-10-13,24.812431676777347,25.17738561645559,24.781086023465594,25.029613494873047,132197200
2015-10-14,24.917656817502092,24.96915250050294,24.530311776738568,24.675846099853516,177849600
2015-10-15,24.837060506657778,25.099021339929475,24.738544620691677,25.045286178588867,150694000
2015-10-16,25.027369178601997,25.076627112314732,24.747496108152056,24.861684799194336,156930400
2015-10-19,24.80795436610727,25.020657256818605,24.65346385520979,25.01618003845215,119036800
2015-10-20,24.928855632899708,25.562488733381457,24.812429176361526,25.472929000854492,195871200
2015-10-21,25.524430660803066,25.87819072379164,25.45726042314849,25.47069549560547,167180800
2015-10-22,25.59831067247697,25.860271453857422,25.54681327641116,25.860271453857422,166616400
2015-10-23,26.128953305791157,26.695417924855107,26.046111957092148,26.661832809448242,237467600
2015-10-26,26.437928592535723,26.449122489774016,25.73040869182865,25.811012268066406,265335200
2015-10-27,25.83788300855051,26.093127120076367,25.52218535533133,25.64756965637207,279537600
2015-10-28,26.1804488844097,26.71108888783793,25.9856565952047,26.704370498657227,342205600
2015-10-29,26.57674988393586,27.022309105664743,26.480473465616694,26.98648452758789,204909200
2015-10-30,27.089477175523875,27.14097457859815,26.74467330422836,26.755868911743164,197461200
2015-11-02,27.046932527758255,27.17231510888704,26.780492834650037,27.13201332092285,128813200
2015-11-03,27.04470015338393,27.64922542308177,27.024548400015334,27.443239212036133,182076000
2015-11-04,27.5686193690615,27.72310986768225,27.230533892435876,27.315614700317383,179544400
2015-11-05,27.39881233945184,27.58769302350806,27.023301736159723,27.189695358276367,158210800
2015-11-06,27.232417770691246,27.389816905665,27.12223837620962,27.221174240112305,132169200
2015-11-09,27.19868647267791,27.389814466848353,26.994067615431497,27.110992431640625,135485600
2015-11-10,26.285770884859364,26.548853035442512,26.09689020446397,26.25653839111328,236511600
2015-11-11,26.16660423355046,26.40270300484508,25.90576934466603,26.10814094543457,180872000
2015-11-12,26.141862072371055,26.26778137968767,26.00469923453464,26.02043914794922,130102400
2015-11-13,25.903512584211384,25.98671024962961,25.244681839528607,25.260421752929688,183249600
2015-11-16,25.044556298543846,25.68764705151674,24.959111309845696,25.674156188964844,152426800
2015-11-17,25.840553113619983,25.869785606944667,25.4807824365316,25.563980102539062,110467600
2015-11-18,26.02943758532632,26.418439096918082,25.97097430567729,26.37346839904785,186698800
2015-11-19,26.4521669807997,26.92661520218859,26.254293515899754,26.70850372314453,173183200
2015-11-20,26.802937135826262,26.964834350174375,26.724237577607514,26.825424194335938,137148400
2015-11-23,26.81868569944101,26.922121398494113,26.384711749234285,26.476903915405273,129930000
2015-11-24,26.382460384517966,26.836670565894213,26.33524064156712,26.730987548828125,171212800
2015-11-25,26.80519291015844,26.80969100919762,26.515127280928052,26.53986167907715,85553200
2015-11-27,26.598326674402962,26.625310123812973,26.44317484245932,26.490394592285156,52185600
2015-11-30,26.530861974153236,26.850160037720876,26.476896804960564,26.600568771362305,156721200
2015-12-01,26.701757463985018,26.715248329315557,26.27677805085262,26.384708404541016,139409600
2015-12-02,26.38470624073377,26.557847004045957,26.101387798895118,26.146358489990234,133546400
2015-12-03,26.20706726820804,26.26103243333327,25.68315038169898,25.90350914001465,166278000
2015-12-04,25.923745368827685,26.814178252091146,25.883271068882912,26.76470947265625,231108000
2015-12-07,26.753468249854397,26.951341656435577,26.490384436651542,26.596067428588867,128336800
2015-12-08,26.42517943806766,26.668025277025105,26.27677479127488,26.584829330444336,137238000
2015-12-09,26.45215968213919,26.463403210841623,25.876526695424236,25.997949600219727,185445600
2015-12-10,26.092395120589035,26.294766675544988,25.9732212369822,26.121625900268555,116850800
2015-12-11,25.901267440158662,25.94623813495721,25.375101390301033,25.449304580688477,187544800
2015-12-14,25.22444479210586,25.336873231771957,24.687036987743678,25.291902542114258,257274800
2015-12-15,25.17047629202846,25.363853319917258,24.81295300910973,24.844432830810547,213292400
2015-12-16,24.97485001384019,25.181717902068765,24.464425724218568,25.035560607910156,224954000
2015-12-17,25.18847112712789,25.240188972948975,24.504907608032227,24.504907608032227,179091200
2015-12-18,24.489166518783954,24.626327653515816,23.792108735976694,23.841577529907227,385813200
2015-12-21,24.122644714931468,24.1428827252825,23.738139673479584,24.133888244628906,190362400
2015-12-22,24.149629677488637,24.221583811726266,23.936014608439336,24.111404418945312,131157600
2015-12-23,24.12039802626552,24.475672327001043,24.10465811246189,24.421707153320312,130629600
2015-12-24,24.50939597412602,24.50939597412602,24.2732956019281,24.291284561157227,54281600
2015-12-28,24.192355614013493,24.21484267881665,23.87530824345073,24.019216537475586,106816800
2015-12-29,24.050684784541758,24.606081393414655,24.0281994460918,24.450929641723633,123724800
2015-12-30,24.414961549941072,24.441943278831367,24.10016156055282,24.131641387939453,100855200
2015-12-31,24.06193365769457,24.066430040175042,23.569496573278652,23.668434143066406,163649200
2016-01-04,23.072563763387645,23.693169210190845,22.935400934284008,23.688671112060547,270597600
2016-01-05,23.778615958664147,23.801101304409563,23.027594774531327,23.095050811767578,223164000
2016-01-06,22.611605656072086,23.018597745768474,22.456455586733096,22.643085479736328,273829600
2016-01-07,22.188884073660017,22.51492596758185,21.68295593207775,21.68745231628418,324377600
2016-01-08,22.15964737347701,22.285566683920138,21.757153331285508,21.8021240234375,283192000
2016-01-11,22.25408321029279,22.274319503789176,21.887565438767243,22.1551456451416,198957600
2016-01-12,22.60936823622461,22.640848073691934,22.22486132118913,22.476701736450195,196616800
2016-01-13,22.557647959573476,22.75327411329118,21.878580761401423,21.89881706237793,249758400
2016-01-14,22.026976177281448,22.593616383436196,21.5277937103666,22.37775230407715,252680400
2016-01-15,21.63122655295357,21.97076084963155,21.442347637517226,21.840343475341797,319335600
2016-01-19,22.12816830586096,22.18213348140118,21.473833904788066,21.734668731689453,212350800
2016-01-20,21.383890151871395,22.07869884236,21.00613050352855,21.763898849487305,289337600
2016-01-21,21.824616637261478,22.00899928132044,21.347920965828433,21.65372657775879,208646000
2016-01-22,22.1776322715049,22.813977619619987,22.119170721005172,22.804983139038086,263202000
2016-01-25,22.827466956812515,22.82971600568809,22.308048175461344,22.359766006469727,207178000
2016-01-26,22.469949534467872,22.683562898019467,22.051715573484742,22.483440399169922,300308000
2016-01-27,21.59525784779332,21.7279226012767,20.988143161324587,21.006132125854492,533478800
2016-01-28,21.089329920875684,21.253474505464897,20.77452990188878,21.15678596496582,222715200
2016-01-29,21.314183514770498,21.8875675201416,21.21524594021095,21.8875675201416,257666000
2016-02-01,21.69194163910943,21.745906805363436,21.45134486663825,21.682947158813477,163774000
2016-02-02,21.455842520865982,21.59525440043462,21.19950582156241,21.244478225708008,149428800
2016-02-03,21.361400643624762,21.775136422114066,21.154532754380106,21.66495704650879,183857200
2016-02-04,21.671749915166323,22.004083512362516,21.52027867931663,21.839046478271484,185886800
2016-02-05,21.82095664654129,21.91138781374317,21.18115989009553,21.25576400756836,185672400
2016-02-08,21.05455024976029,21.635568066922946,21.034204147813604,21.479576110839844,216085600
2016-02-09,21.316800576867575,21.689827972531706,21.23541271872883,21.475053787231445,177324800
2016-02-10,21.685308095798124,21.782521286759618,21.27384797413499,21.312280654907227,169374400
2016-02-11,21.203762286379774,21.414013967845996,20.932468848290426,21.183414459228516,200298800
2016-02-12,21.294194097976302,21.364277419045337,21.027423157507165,21.248977661132812,161405600
2016-02-16,21.481838095692634,21.8955594642295,21.389147412617355,21.84808349609375,196231600
2016-02-17,21.85486362369464,22.203022417805666,21.737304340212145,22.182676315307617,179452800
2016-02-18,22.345453970297296,22.35675851231295,21.723742105717225,21.762176513671875,156084000
2016-02-19,21.703393388467173,21.87521240241181,21.65817867550683,21.71243667602539,141496800
2016-02-22,21.77347990186447,21.906866256857242,21.685309991289156,21.90234375,137123200
2016-02-23,21.79382375844853,21.816431114118785,21.375581641641404,21.4072322845459,127770400
2016-02-24,21.24671768551952,21.789301117570563,21.09750603432402,21.72599983215332,145022800
2016-02-25,21.714702927507034,21.87521743774414,21.533840584372502,21.87521743774414,110330800
2016-02-26,21.974685190956883,22.16006827445675,21.83451854540256,21.90912437438965,115964400
2016-02-29,21.897813389366167,22.207539430028262,21.85033743711815,21.8593807220459,140865200
2016-03-01,22.076420718272963,22.78177989666207,22.024422246230593,22.727521896362305,201628400
2016-03-02,22.72299992186078,22.808908561560344,22.526312309459705,22.777257919311523,132678400
2016-03-03,22.738826954826482,22.994293365018642,22.70943583850376,22.94681739807129,147822800
2016-03-04,23.14350929042273,23.45549501278614,22.917432230058527,23.288198471069336,184220400
2016-03-07,23.14802728536852,23.24750173189665,22.824737058982986,23.030467987060547,143315600
2016-03-08,22.784047366322806,23.00560365897993,22.698138698672317,22.840566635131836,126247600
2016-03-09,22.90385814664647,22.96489989676454,22.66873788195745,22.860904693603516,108806800
2016-03-10,22.926469270526752,23.114111868612827,22.641611769157,22.872209548950195,134054400
2016-03-11,23.114105043673117,23.12314832793232,22.94680859695318,23.118627548217773,109632800
2016-03-14,23.039502865350926,23.265579815968454,23.010111757879287,23.17740821838379,100304400
2016-03-15,23.5029704901053,23.778784773873998,23.47810187600609,23.643138885498047,160270800
2016-03-16,23.649921081203402,24.034251388340746,23.645398574156008,23.957386016845703,153214000
2016-03-17,23.8556461134771,24.070420314872738,23.72904353569829,23.918949127197266,137682800
2016-03-18,24.04103119537041,24.077204349071888,23.781043983672387,23.94607925415039,176820800
2016-03-21,23.948337919980663,24.33719065610366,23.769736873745998,23.943817138671875,142010800
2016-03-22,23.7946062792447,24.25580360555607,23.785562991493798,24.12693977355957,129777600
2016-03-23,24.072681497331324,24.20606610926661,23.941556413684907,23.993553161621094,102814000
2016-03-24,23.844344077095183,24.02068388043272,23.713218988776717,23.889558792114258,104532000
2016-03-28,23.964169697922692,24.007124893666834,23.751656697712118,23.781047821044922,77645600
2016-03-29,23.71321622003621,24.3688398602475,23.710954967100033,24.343971252441406,124760400
2016-03-30,24.563266114296848,24.96342164079904,24.551961574493767,24.76899528503418,182404400
2016-03-31,24.80517180085156,24.845865734905658,24.61526620032215,24.640134811401367,103553600
2016-04-01,24.592661723114336,24.868476005695932,24.461536617488488,24.866214752197266,103496000
2016-04-04,24.963426251062174,25.363583576296314,24.929514350220664,25.121681213378906,149424800
2016-04-05,24.757693679430663,25.033507905725035,24.737345851757283,24.825515747070312,106314800
2016-04-06,24.920469282378427,25.090027037913124,24.68760851591967,25.08550453186035,105616400
2016-04-07,24.8571722245574,24.96342871944634,24.443452512841343,24.53840446472168,127207600
2016-04-08,24.62205194591371,24.816476618930338,24.454753689736293,24.565532684326172,94326800
2016-04-11,24.63561261993056,25.006378786836184,24.60396197579208,24.646915435791016,117630000
2016-04-12,24.719260900720705,24.981511075678288,24.565530180707952,24.967947006225586,108929200
2016-04-13,25.049338698324078,25.39749584954244,25.049338698324078,25.329673767089844,133029200
2016-04-14,25.234715207735842,25.408793737753513,25.169152671154205,25.343231201171875,101895600
2016-04-15,25.345498837516754,25.388454030020274,24.8074360662083,24.834564208984375,187756000
2016-04-18,24.617529101873007,24.631093172522302,24.176679557461316,24.29876136779785,243286000
2016-04-19,24.389184584587234,24.416314443797106,24.01615893822697,24.169891357421875,129539600
2016-04-20,24.108848239312596,24.43665915991197,23.97772318114068,24.21962547302246,122444000
2016-04-21,24.174419784681845,24.174419784681845,23.855650306252127,23.957386016845703,126210000
2016-04-22,23.74035160475451,24.072685145645565,23.65218169286476,23.891822814941406,134732400
2016-04-25,23.73808941754787,23.88503983986078,23.62731214988531,23.756175994873047,112126400
2016-04-26,23.49166421544458,23.80591113845957,23.49166421544458,23.591136932373047,224064800
2016-04-27,21.703389075022095,22.31605745547276,21.631044513765236,22.114849090576172,458408400
2016-04-28,22.067382516346203,22.128422565146735,21.307763437766653,21.438888549804688,328970800
2016-04-29,21.248984098043813,21.414021124063154,20.91439098819789,21.19246482849121,274126000
2016-05-02,21.244451388940515,21.269319991569123,20.88951064440431,21.169845581054688,192640400
2016-05-03,21.296454851931436,21.644613673926738,21.17889555903354,21.51801109313965,227325200
2016-05-04,21.522531724666095,21.680786674377792,21.210546056401967,21.2941951751709,164102000
2016-05-05,21.380621124700756,21.396542794422896,21.080382684703338,21.20775604248047,143562000
2016-05-06,21.237334106521224,21.255529067828576,20.891603811694022,21.089488983154297,174799600
2016-05-09,21.153172735361146,21.328311143924928,21.059915979589853,21.10540771484375,131745600
2016-05-10,21.22823492885758,21.282823281311984,20.950741389604683,21.24870491027832,134747200
2016-05-11,21.262351491200416,21.282821470879867,21.03034797617292,21.04172134399414,114876400
2016-05-12,21.0894876117092,21.103134265635397,20.350263778278634,20.548147201538086,305258800
2016-05-13,20.47080959999029,20.850656428310423,20.47080959999029,20.58908462524414,177571200
2016-05-16,21.01442919028808,21.46933620033494,20.84611408246385,21.353334426879883,245039200
2016-05-17,21.505727420296754,21.53984405433573,21.15544884972697,21.264625549316406,187667600
2016-05-18,21.417019421056718,21.655844521716993,21.35560601279247,21.507999420166016,168249600
2016-05-19,21.526197029031923,21.526197029031923,21.282821876872852,21.426116943359375,121768400
2016-05-20,21.526197671292028,21.70588613259609,21.49890262838541,21.65812110900879,128104000
2016-05-23,21.80596477748378,22.10620328824832,21.760473042318086,21.933338165283203,152074400
2016-05-24,22.1130241542287,22.31090754035163,22.026590734697244,22.26769256591797,140560800
2016-05-25,22.442834624557907,22.686209780582036,22.31546123010262,22.658916473388672,152675200
2016-05-26,22.672567855604875,22.91139475535093,22.436015977043528,22.83860969543457,225324800
2016-05-27,22.617975124751148,22.85225193686595,22.574758407254578,22.8249568939209,145364800
2016-05-31,22.654366400203152,22.836329879454723,22.47695296236566,22.713504791259766,169228800
2016-06-01,22.522440595846764,22.64071736552092,22.365498890213363,22.39506721496582,116693200
2016-06-02,22.19945819390477,22.25404654048954,21.978828051653846,22.22675323486328,160766400
2016-06-03,22.24267326838133,22.351849953501652,22.16533819236666,22.272241592407227,114019600
2016-06-06,22.288168603246266,23.17523762515351,22.188090240469847,22.433738708496094,93170000
2016-06-07,22.574759284625802,22.715781075657503,22.50879756311093,22.52471923828125,89638000
2016-06-08,22.522444533680854,22.645269630433198,22.445111177577044,22.504249572753906,83392400
2016-06-09,22.4041672169554,22.743072407745238,22.395068869744176,22.665739059448242,106405600
2016-06-10,22.410990330271307,22.597502107995926,22.399618697864703,22.47922706604004,126851600
2016-06-13,22.447381461621003,22.545186514211057,22.085729574943514,22.140317916870117,152082000
2016-06-14,22.13576682839237,22.399613629307435,22.00611844803428,22.16761016845703,127727600
2016-06-15,22.249490302893964,22.383688703933977,22.069801918472173,22.09482192993164,117780800
2016-06-16,21.937883477740435,22.23357364230803,21.851451795717487,22.18808364868164,125307200
2016-06-17,21.976551120458073,21.983374445732636,21.67631266105356,21.683135986328125,244032800
2016-06-20,21.835535441907616,21.965183864180645,21.61490527489348,21.630826950073242,137647600
2016-06-21,21.594435217670487,21.915143740976294,21.53529682349623,21.815065383911133,142185600
2016-06-22,21.892397743759346,22.037967834086068,21.687689261946034,21.73318099975586,116876400
2016-06-23,21.82188662145151,21.901494989448125,21.664943170735132,21.858278274536133,128960800
2016-06-24,21.132700367149738,21.530743895132012,21.073561985670825,21.244152069091797,301245600
2016-06-27,21.153171470640384,21.164544837606925,20.811991285630054,20.934816360473633,181958400
2016-06-28,21.130428958218253,21.303294091522243,20.957563824914264,21.287370681762695,161779600
2016-06-29,21.373800251297773,21.50572366431587,21.296465178540526,21.47160530090332,146124000
2016-06-30,21.480709358789877,21.78322119864781,21.448866007225885,21.74455451965332,143345600
2016-07-01,21.719530809980615,21.942435968436794,21.683139158082344,21.81051254272461,104106000
2016-07-05,21.696784262261932,21.69905928263454,21.485252486244054,21.605802536010742,110820800
2016-07-06,21.517102043514402,21.75820394800162,21.464788707162878,21.728633880615234,123796400
2016-07-07,21.767292176240367,21.949255611191305,21.749097221010814,21.821882247924805,100558400
2016-07-08,21.946985234678728,22.037966971404515,21.846906886079424,21.990201950073242,115648400
2016-07-11,22.006124190812585,22.21083266988661,22.001575884758644,22.058439254760742,95179600
2016-07-12,22.10164875956608,22.22219879644734,22.090277129582738,22.158512115478516,96670000
2016-07-13,22.1562418216382,22.21537847033125,22.02659168673724,22.033416748046875,103568800
2016-07-14,22.15169568117808,22.51562092515798,22.135774005983098,22.470130920410156,155676000
2016-07-15,22.499694983145172,22.586128405240313,22.404164950091495,22.467851638793945,120548000
2016-07-18,22.449649223428906,22.774907645244536,22.426904231166404,22.70667266845703,145975600
2016-07-19,22.645266596106108,22.7453466767903,22.59522655576401,22.715778350830078,95119600
2016-07-20,22.74534827125444,22.84997666506233,22.68620987985612,22.736249923706055,105104000
2016-07-21,22.706683422887863,22.972803602596557,22.5474649309773,22.61570167541504,130808000
2016-07-22,22.577033036248142,22.58613138373862,22.360951187847068,22.440561294555664,113254800
2016-07-25,22.34730138864548,22.48149809074257,22.044787884665535,22.140317916870117,161531600
2016-07-26,22.02204294034227,22.283614754680112,21.931061213355353,21.987924575805664,224959200
2016-07-27,23.716574596421108,23.73477129206841,23.370846055784476,23.416336059570312,369379200
2016-07-28,23.389037102651976,23.75751055619003,23.38676208241241,23.73249053955078,159479200
2016-07-29,23.698380236729925,23.780263633885653,23.5823784682039,23.70292854309082,110934800
2016-08-01,23.74841921797252,24.144187796248808,23.74841921797252,24.121442794799805,152671600
2016-08-02,24.12144326358999,24.125991569835236,23.655162915827727,23.764341354370117,135266400
2016-08-03,23.839402151415797,24.073678992242918,23.830303802652377,24.062307357788086,120810400
2016-08-04,24.14463180231835,24.240679358398708,24.076025408127766,24.21095085144043,109634800
2016-08-05,24.302422820540578,24.61801012849132,24.281841949882754,24.579133987426758,162213600
2016-08-08,24.58827726386482,24.78266143798828,24.505952045252684,24.78266143798828,112148800
2016-08-09,24.750647271588278,24.91301386456508,24.70033615226784,24.883283615112305,105260800
2016-08-10,24.860412303340663,24.90386312729229,24.643161673048006,24.69804573059082,96034000
2016-08-11,24.81696294041959,24.910724882944077,24.663743992361994,24.682039260864258,109938000
2016-08-12,24.64773173240128,24.798665053892456,24.64773173240128,24.739206314086914,74641600
2016-08-15,24.730059427258837,25.050219600447747,24.71633885024859,25.0364990234375,103472800
2016-08-16,25.070812782695064,25.208025599137468,24.97476520697213,25.013641357421875,135177600
2016-08-17,24.94960977621394,25.011355892896137,24.775808153911104,24.977052688598633,101424000
2016-08-18,24.979333407599857,25.063945978389675,24.93130788748355,24.945030212402344,87938800
2016-08-19,24.874130686868423,25.084522754229404,24.780370502869218,25.009056091308594,101472400
2016-08-22,24.894713986665746,24.949598040886347,24.66374104741897,24.814674377441406,103280800
2016-08-23,24.83297250496072,24.99991378779172,24.81925192504388,24.892431259155273,85030800
2016-08-24,24.828402654511205,24.86956614412529,24.624872551622992,24.704912185668945,94700400
2016-08-25,24.558550794094852,24.670606269416346,24.396184198705306,24.599714279174805,100344800
2016-08-26,24.56312522927482,24.686613938501324,24.311569631542795,24.455642700195312,111065200
2016-08-29,24.382467145939582,24.569989328491513,24.30700045491993,24.428203582763672,99881200
2016-08-30,24.194940451587517,24.35501969535396,24.12633406441167,24.240676879882812,99455600
2016-08-31,24.162921696200687,24.371024688063702,24.15834700708172,24.26354217529297,118649600
2016-09-01,24.272690245904872,24.423623584360367,24.153774497660653,24.407615661621094,106806000
2016-09-02,24.629442820545787,24.698049210690897,24.428200084710696,24.63630485534668,107210000
2016-09-06,24.67517847795828,24.766653073907662,24.58599122670915,24.629440307617188,107521600
2016-09-07,24.659173322599212,24.871851040543895,24.48537174525884,24.780376434326172,169457200
2016-09-08,24.526535907357516,24.531108852664694,24.066877263365704,24.130908966064453,212008000
2016-09-09,23.929660602032882,24.176641464202778,23.5843448638916,23.5843448638916,186228000
2016-09-12,23.47458241005094,24.176647288411548,23.44713950384346,24.11261558532715,181171200
2016-09-13,24.58599829073664,24.878715686091734,24.524252179218525,24.68661880493164,248704800
2016-09-14,24.864983761613257,25.848330704049054,24.835253519727296,25.5601863861084,443554800
2016-09-15,26.038148864713218,26.465791668436328,25.953534544107114,26.429201126098633,359934400
2016-09-16,26.326295814773857,26.557267092778357,26.079314864404765,26.28055763244629,319547600
2016-09-19,26.342299391140802,26.56869768588233,25.89864869187927,25.9741153717041,188092000
2016-09-20,25.852908896533055,26.09760242933149,25.729418457821776,25.971824645996094,138057200
2016-09-21,26.035861194948506,26.06787704672819,25.713415332100855,25.967256546020508,144012800
2016-09-22,26.150202295608366,26.285127728976082,26.070162671440883,26.21194839477539,124296000
2016-09-23,26.166208221954566,26.25082252945932,25.509881609176286,25.775156021118164,209924800
2016-09-26,25.530469472375913,25.930669417027655,25.50988859840866,25.81403923034668,119477600
2016-09-27,25.84147586320979,25.882639345878555,25.690542511846697,25.862056732177734,98429600
2016-09-28,25.999272158841745,26.216522828883264,25.939813401197508,26.05872917175293,118564400
2016-09-29,25.87806430902848,26.024422958967328,25.56705174172525,25.65395164489746,143548000
2016-09-30,25.71798746482417,25.926092239549394,25.567055846165303,25.85291290283203,145516400
2016-10-03,25.7751612689215,25.852915302814093,25.676826362510184,25.73171043395996,86807200
2016-10-04,25.855200836770816,26.141057919239035,25.75686593061242,25.841480255126953,118947200
2016-10-05,25.932952529752114,25.992411286064037,25.770585930933372,25.85291290283203,85812400
2016-10-06,26.001554971097374,26.147913632118165,25.87120423410283,26.045005798339844,115117200
2016-10-07,26.141054694964502,26.198226104406544,25.958107231589743,26.08388328552246,97433600
2016-10-10,26.303423257158567,26.6990502077917,26.234818607533,26.538970947265625,144944000
2016-10-11,26.91629453874083,27.142694539929387,26.573266137254414,26.59613609313965,256164000
2016-10-12,26.83626218341035,26.980335267618475,26.69905113466278,26.833974838256836,150347200
2016-10-13,26.708199021907344,26.856845053088335,26.46350543017242,26.751649856567383,140769600
2016-10-14,26.9574609419741,27.02377998282595,26.78594672261918,26.90028953552246,142608800
2016-10-17,26.831685037682202,26.948313451257732,26.70590724492482,26.881996154785156,94499600
2016-10-18,27.02606361465004,27.032923903324484,26.85912236306391,26.863697052001953,98214000
2016-10-19,26.813389391663282,26.930019548331323,26.024424687413664,26.783660888671875,80138400
2016-10-20,26.72420489836307,26.843120667344646,26.603001784381934,26.769941329956055,96503200
2016-10-21,26.712765284375394,26.735635240937782,26.59156219141872,26.66474151611328,92770800
2016-10-24,26.77909316324069,26.92545186096177,26.756224943859266,26.904870986938477,94154800
2016-10-25,26.97346782051524,27.067229760933547,26.827109165250445,27.04207420349121,192516000
2016-10-26,26.141053806189035,26.458926692300718,25.912368176196,26.43377113342285,264536800
2016-10-27,26.38803465627076,26.495517181324974,26.09302998476012,26.179931640625,138248000
2016-10-28,26.040431502214226,26.34686938759582,25.944382218308068,26.006128311157227,151446800
2016-10-31,25.99012328759394,26.122761377288192,25.887213702941654,25.964967727661133,105677600
2016-11-01,25.946667597248517,26.017559573924828,25.2766187289982,25.496156692504883,175303200
2016-11-02,25.475580532320077,25.692831191466432,25.43670439242786,25.51902961730957,113326800
2016-11-03,25.509835812974636,25.6201675108488,25.18113630050288,25.24549674987793,107730400
2016-11-04,24.946684542339323,25.3420436904821,24.850143844404315,25.017940521240234,123348000
2016-11-07,25.302966267236577,25.40180604772153,25.160452565188898,25.378820419311523,130240000
2016-11-08,25.355832015750337,25.67993515045531,25.215617408299515,25.528226852416992,97016800
2016-11-09,25.256987187580318,25.587985768958156,24.8363452030517,25.486846923828125,236705600
2016-11-10,25.53511491087907,25.53511491087907,24.326054072006432,24.776578903198242,228538000
2016-11-11,24.622582645560723,25.024837299452674,24.491562628440704,24.92369842529297,136575600
2016-11-14,24.758194790163717,24.781180415658593,23.923804484233084,24.29847526550293,204702000
2016-11-15,24.496154829888138,24.751299306666837,24.40191323914231,24.62027931213379,129058000
2016-11-16,24.526040984193163,25.3374475852264,24.503055353970133,25.28227996826172,235362000
2016-11-17,25.24089869361549,25.36502316958602,25.015637119724733,25.27307891845703,110528000
2016-11-18,25.22021696552083,25.40870192710526,25.206425939014256,25.298368453979492,113715600
2016-11-21,25.312163186660378,25.741999913721095,25.286878466987254,25.68223762512207,117058400
2016-11-22,25.73280176766995,25.84083614527255,25.60637994040234,25.69832420349121,103862000
2016-11-23,25.597181932717977,25.631661245999794,25.360426670508605,25.56730079650879,109705600
2016-11-25,25.54431375473098,25.714411234842505,25.50293892898638,25.696022033691406,45903600
2016-11-28,25.61327036940083,25.852324704506927,25.604075769547833,25.645450592041016,108776000
2016-11-29,25.463873457241164,25.751198264718052,25.300673177037265,25.62017822265625,114115200
2016-11-30,25.65234553282995,25.790261020175535,25.34663167085868,25.404096603393555,144649200
2016-12-01,25.369624684178312,25.500644689323998,25.061611665429094,25.167346954345703,148347600
2016-12-02,25.093790646724717,25.305261214042645,25.02023559054062,25.26158905029297,106112000
2016-12-05,25.284569212264145,25.29146472327701,24.88231470206903,25.079994201660156,137298000
2016-12-06,25.169642731993623,25.367322258129196,25.09838677037175,25.27307891845703,104782000
2016-12-07,25.114475106237848,25.558104464389725,25.091489483504244,25.521326065063477,119994800
2016-12-08,25.482255381982473,25.84313516687226,25.422491348076566,25.771879196166992,108273200
2016-12-09,25.81555025835451,26.364914969441042,25.81555025835451,26.192520141601562,137610400
2016-12-12,26.040810805308038,26.43387076008026,25.856922307239902,26.043109893798828,105497600
2016-12-13,26.167232723536717,26.645341417576397,26.146546188104477,26.4775447845459,174935200
2016-12-14,26.443065471801468,26.709701866064297,26.429274448179974,26.4775447845459,136127200
2016-12-15,26.5212213629075,26.831533475621246,26.486743798109075,26.622360229492188,186098000
2016-12-16,26.771763515751104,26.778659027184773,26.58327860390481,26.65683364868164,177404400
2016-12-19,26.61776304923679,26.980940166427025,26.60626935883651,26.81084442138672,111117600
2016-12-20,26.833832618647765,27.00852655805679,26.820041591799274,26.882102966308594,85700000
2016-12-21,26.847620690099358,26.98553619546714,26.84302251282898,26.90738296508789,95132800
2016-12-22,26.74418157253058,26.780959974316932,26.58098136040775,26.730390548706055,104343600
2016-12-23,26.569488791365973,26.78325843811035,26.569488791365973,26.78325843811035,56998000
2016-12-27,26.783262095756886,27.07748410155773,26.776366582612287,26.953359603881836,73187600
2016-12-28,27.013118748301817,27.128048630534312,26.709703929355662,26.83842658996582,83623600
2016-12-29,26.767163608115254,26.91887186460829,26.755671674365786,26.831525802612305,60158000
2016-12-30,26.81314427193476,26.93956610147463,26.532715053634302,26.622360229492188,122345200
2017-01-03,26.617763005673037,26.739588407476482,26.37870862600418,26.698213577270508,115127600
2017-01-04,26.629253499617192,26.780961786716674,26.606267873790532,26.6683292388916,84472400
2017-01-05,26.645345545100454,26.86141430165792,26.620060828750496,26.8039493560791,88774400
2017-01-06,26.843023377261122,27.160230978882005,26.771767410492767,27.102766036987305,127007600
2017-01-09,27.111956924799042,27.452150127850576,27.109659589946716,27.351011276245117,134247600
2017-01-10,27.300438320334116,27.44065289058721,27.192405724450218,27.378591537475586,97848400
2017-01-11,27.293546496671386,27.567080163085443,27.261366271645112,27.525705337524414,110354400
2017-01-12,27.330325573753196,27.422269827680637,27.17172177957063,27.410776138305664,108344800
2017-01-13,27.378602705403598,27.4958317020891,27.309644059425956,27.362512588500977,104447600
2017-01-17,27.201603792195478,27.63833769713795,27.174021742713133,27.583171844482422,137759200
2017-01-18,27.583176393143425,27.69810629478152,27.516516839750395,27.58087730407715,94852000
2017-01-19,27.445258132300303,27.603860188276872,27.438362619478404,27.532604217529297,102389200
2017-01-20,27.686608037422893,27.686608037422893,27.521110479456304,27.583171844482422,130391600
2017-01-23,27.583167578682577,27.769353398657703,27.530299069199586,27.6015567779541,88200800
2017-01-24,27.47973419636854,27.606156008413322,27.468240507232313,27.576274871826172,92844000
2017-01-25,27.67971520794924,28.065879721349187,27.647534977973493,28.015310287475586,129510400
2017-01-26,27.96703349297355,28.14402647071442,27.950943381696252,28.029096603393555,105350400
2017-01-27,28.075072691489556,28.123343033647554,27.95094820293003,28.03139877319336,82251600
2017-01-30,27.79694074324554,27.957841873168945,27.73487937990102,27.957841873168945,121510000
2017-01-31,27.847520477628294,27.90268634920677,27.72569504078391,27.893491744995117,196804000
2017-02-01,29.19908144103942,29.99439765607206,29.19448501802868,29.594440460205078,447940000
2017-02-02,29.417449126148693,29.741550434731863,29.371476127763817,29.54387092590332,134841600
2017-02-03,29.493304629106387,29.695582336048417,29.45882706877832,29.670297622680664,98029200
2017-02-06,29.681788758133777,29.99669547330766,29.62891849367094,29.948423385620117,107383600
2017-02-07,30.005893220062706,30.36217656964027,29.98520668226717,30.233455657958984,152735200
2017-02-08,30.1920810160122,30.3920578857579,30.162198124714433,30.35068130493164,92016400
2017-02-09,30.392231720882286,30.57691747290408,30.26987815871774,30.569992065429688,113399600
2017-02-10,30.57922623896501,30.69003627370901,30.484574313048007,30.500732421875,80262000
2017-02-13,30.72235802422429,30.893192961014726,30.646175019544277,30.770835876464844,92141600
2017-02-14,30.812393328033973,31.186379439397946,30.761604655800852,31.17022132873535,132904800
2017-02-15,31.285651271890703,31.458793521847717,31.077878458389428,31.283340454101562,142492400
2017-02-16,31.32027683925404,31.37337280708474,31.12866566893952,31.24640464782715,90338400
2017-02-17,31.188682150862423,31.357206234423593,31.188682150862423,31.331811904907227,88792800
2017-02-21,31.44955693518043,31.569603213431844,31.391842852523332,31.558059692382812,98028800
2017-02-22,31.495733424214876,31.655024885940847,31.421861216256996,31.65271759033203,83347600
2017-02-23,31.715052970286386,31.73813649644983,31.46572763863333,31.518823623657227,83152800
2017-02-24,31.375680180151893,31.5488224029541,31.230239585770025,31.5488224029541,87106400
2017-02-27,31.659635933949133,31.728893535232476,31.46109935565045,31.611154556274414,81029600
2017-02-28,31.645780034968617,31.72888843864139,31.558053519261975,31.625003814697266,93931600
2017-03-01,31.832789944474264,32.35452415819691,31.765843136122427,32.27141571044922,145658400
2017-03-02,32.319892547208525,32.38453205049584,32.03362937365845,32.079803466796875,104844000
2017-03-03,32.038247627559755,32.28064752724133,31.99438435243972,32.26910400390625,84432400
2017-03-06,32.17444783899807,32.26679249102052,31.996690988707904,32.16752243041992,87000000
2017-03-07,32.10288046672162,32.31526786615911,32.04054827172309,32.209075927734375,69785200
2017-03-08,32.0774724446794,32.2737016491571,32.04746353014694,32.08901596069336,74828800
2017-03-09,32.02900631537136,32.04054631301657,31.638858580574993,32.01515197753906,88623600
2017-03-10,32.14674748941157,32.17214182940908,32.0059249717142,32.12135314941406,78451200
2017-03-13,32.054395288155675,32.188288828177306,32.047469881692045,32.13519287109375,69686800
2017-03-14,32.15828822800166,32.23908583184447,32.052092763771405,32.08672332763672,61236400
2017-03-15,32.18367896678893,32.493025576232185,32.09595244191277,32.42607879638672,102767200
2017-03-16,32.486104790790534,32.55536239804194,32.379909323326615,32.47917938232422,76928000
2017-03-17,32.550733291659334,32.550733291659334,32.29448269718321,32.317569732666016,175540000
2017-03-20,32.4122373451586,32.66618079571572,32.37299217963416,32.65694808959961,86168000
2017-03-21,32.806996259318026,32.96628770549994,32.25755701540671,32.28295135498047,158119600
2017-03-22,32.28526243499958,32.689261053486796,32.26448268602448,32.647705078125,103440800
2017-03-23,32.610754994799294,32.68463069105053,32.46069983034619,32.532264709472656,81385200
2017-03-24,32.66618038136774,32.72158718512899,32.400696932180246,32.46764373779297,89582400
2017-03-27,32.17906734733827,32.60153490186237,32.001306966753184,32.52304458618164,94300400
2017-03-28,32.52997258774683,33.25255064482762,32.463022266468414,33.197147369384766,133499200
2017-03-29,33.16943400921991,33.35643058537808,33.05631666809547,33.27101135253906,116760000
2017-03-30,33.28718250695198,33.358747422236675,33.127891038691786,33.22715759277344,84829200
2017-03-31,33.17867244111365,33.30564412870682,33.01476289484099,33.16482162475586,78646800
2017-04-03,33.17636782480755,33.27101625175768,33.02400178739265,33.17405700683594,79942800
2017-04-04,33.070163735012486,33.44876791191297,33.051694808994476,33.42106628417969,79565600
2017-04-05,33.29410299945432,33.58036614090385,33.19945105075871,33.24793243408203,110871600
2017-04-06,33.31025871910069,33.36335821192298,33.11634024491553,33.16482162475586,84596000
2017-04-07,33.18098002721279,33.284864673395035,33.07478808581338,33.090946197509766,66688800
2017-04-10,33.15098212489749,33.215621638358044,32.989379818656815,33.05171203613281,75733600
2017-04-11,32.998607321373136,33.093259270548934,32.33373990435652,32.69618606567383,121517600
2017-04-12,32.68925729558643,32.816225457301364,32.55304938555892,32.73542785644531,81400000
2017-04-13,32.760830639555884,32.86933342297136,32.562294006347656,32.562294006347656,71291600
2017-04-17,32.66156182866395,32.75390650035983,32.52073928659313,32.74236297607422,66328400
2017-04-18,32.645393762219754,32.79083085160347,32.57613616020524,32.5969123840332,58790000
2017-04-19,32.75388655549566,32.781588178841524,32.42376027941425,32.47685623168945,69313600
2017-04-20,32.601526121051094,32.993981116340386,32.58767530702486,32.88317108154297,93278400
2017-04-21,32.88317444205234,32.93857770381926,32.74697006009152,32.843929290771484,69283600
2017-04-24,33.12788609309667,33.23177074566537,33.05401037054841,33.16020584106445,68537200
2017-04-25,33.222543233615575,33.45108880046584,33.21330700555945,33.36567306518555,75486000
2017-04-26,33.35180438360501,33.38181682483045,33.10017190396906,33.16942596435547,80164800
2017-04-27,33.2248519361089,33.28025873902497,33.084029394295946,33.19483947753906,56985200
2017-04-28,33.264094918328645,33.31257630802334,33.07479451864811,33.16251754760742,83441600
2017-05-01,33.49725044187994,33.9820465569213,33.46493070087719,33.83891677856445,134411600
2017-05-02,34.06054097807995,34.187512662605755,33.8989422534962,34.05361557006836,181408800
2017-05-03,33.61038217628582,34.04901144652066,33.3056535623377,33.94974136352539,182788000
2017-05-04,33.82506239532307,33.96819215857823,33.66115289015409,33.827369689941406,93487600
2017-05-05,33.88047234638502,34.39297365997338,33.88047234638502,34.38835906982422,109310800
2017-05-08,34.4045226107652,35.48262137552229,34.4045226107652,35.32332992553711,195009600
2017-05-09,35.5218668325263,35.755034009575716,35.42490758445576,35.5495719909668,156521600
2017-05-10,35.466461724236616,35.53802662820742,35.11555909039869,35.38104248046875,103222800
2017-05-11,35.339324497021664,35.71485794084728,35.30687133887663,35.68703842163086,109020400
2017-05-12,35.860885956725625,36.259598101766585,35.85393196303185,36.185420989990234,130108000
2017-05-15,36.16454215121828,36.3128998572541,35.942007360727914,36.092681884765625,104038800
2017-05-16,36.148325908210545,36.17614187932493,35.865518411455746,36.03937530517578,80194000
2017-05-17,35.60588873806216,35.830743908425006,34.70415123835394,34.82932662963867,203070800
2017-05-18,35.06578093021892,35.54562416578141,35.03332778161628,35.36017608642578,134272800
2017-05-19,35.55489352681086,35.69397691396822,35.38103664001859,35.480712890625,107843200
2017-05-22,35.69862114020477,35.833070917006374,35.44594993039589,35.69630432128906,91865600
2017-05-23,35.90725169611106,35.90725169611106,35.53867583458658,35.65226364135742,79675600
2017-05-24,35.66152455835698,35.73802201469214,35.39030823342003,35.54561996459961,76712000
2017-05-25,35.636034395874454,35.779758533636475,35.47376863110609,35.668487548828125,76942400
2017-05-26,35.69861696426487,35.75425244588684,35.538668049588445,35.608211517333984,87710400
2017-05-30,35.56418283661198,35.79830895924126,35.543320848256045,35.622135162353516,80507600
2017-05-31,35.69166548354051,35.738026619591665,35.323089676811115,35.41117477416992,97804800
2017-06-01,35.50620903012718,35.543299345073684,35.28599103296389,35.50852584838867,65616400
2017-06-02,35.60125836366381,36.03474044799805,35.44130944521617,36.03474044799805,111082800
2017-06-05,35.77743857588445,35.80293773471264,35.57344884238732,35.682395935058594,101326800
2017-06-06,35.675429360679935,36.118185718240646,35.64761339254073,35.80292510986328,106499600
2017-06-07,35.93507371246903,36.157608628936586,35.809894726968395,36.016204833984375,84278400
2017-06-08,35.98837733234555,36.05560044220187,35.79133810279246,35.92810821533203,85003200
2017-06-09,35.97448366420415,35.97448366420415,33.84879293580779,34.53494644165039,259530800
2017-06-12,33.78387837463687,33.86500948267044,33.035132016753906,33.70969772338867,289229200
2017-06-13,34.11304803197316,34.18027115410295,33.647109203669395,33.98091506958008,136661600
2017-06-14,34.19185820479447,34.19185820479447,33.34343565398856,33.6494255065918,126124800
2017-06-15,33.2228946180029,33.49179058864316,32.96558627709412,33.44774627685547,128661600
2017-06-16,33.32951505663312,33.496417906333754,32.96325622185263,32.97948455810547,201444400
2017-06-19,33.30172263396618,34.015695654119625,33.30172263396618,33.922969818115234,130165600
2017-06-20,34.04581984224662,34.04581984224662,33.59842973452533,33.614654541015625,99600400
2017-06-21,33.7328795134011,33.86037529495847,33.52193226910873,33.81401062011719,85063200
2017-06-22,33.79083786050344,34.006418781116174,33.64015971458918,33.758384704589844,76425200
2017-06-23,33.64247081875442,34.11304321865027,33.637833644291,33.90904998779297,141757600
2017-06-26,34.115361889100086,34.37267026030625,33.70042494885919,33.80242156982422,102769600
2017-06-27,33.61465144213694,33.88123414935827,33.292436789645436,33.317935943603516,99047600
2017-06-28,33.49411360250508,33.869643386073044,33.18580693265038,33.80473709106445,88329600
2017-06-29,33.54510595898746,33.64246538422548,32.98180784645597,33.306339263916016,125997600
2017-06-30,33.48484243891286,33.6030674095259,33.32953067985804,33.38516616821289,92096400
2017-07-03,33.58453113140493,33.681890608935916,33.171910877384974,33.26463317871094,57111200
2017-07-05,33.30865638906033,33.563644324585276,33.08380123693835,33.4013786315918,86278400
2017-07-06,33.153358710388744,33.264626155915046,33.01195493158579,33.08613204956055,96515200
2017-07-07,33.12554468906654,33.55439327181347,33.12554468906654,33.42226028442383,76806800
2017-07-10,33.406029337936204,33.832557485774224,33.234489228921056,33.62624740600586,84362400
2017-07-11,33.5497356971943,33.80936433812142,33.46860462082007,33.73518371582031,79127200
2017-07-12,33.81401875715488,33.885879068472086,33.570621841307265,33.78388595581055,99538000
2017-07-13,33.72824755234141,34.42135851767679,33.7143395625903,34.25445556640625,100797600
2017-07-14,34.300805579062285,34.61606621390877,34.15244784131849,34.5488395690918,80528400
2017-07-17,34.49785125121931,34.98001133617501,34.43989894381205,34.66938781738281,95174000
2017-07-18,34.58593139686089,34.80151578882803,34.46307280573411,34.78992462158203,71475200
2017-07-19,34.88263740187665,35.10053855320192,34.75977884415098,35.007816314697266,83692000
2017-07-20,35.119081002512814,35.17471646360507,34.81541162711118,34.850181579589844,68974800
2017-07-21,34.76907043902721,34.87338389337596,34.5117620318318,34.83397674560547,105010400
2017-07-24,34.905828766334864,35.336994007540355,34.74819667551784,35.255859375,85972800
2017-07-25,35.18862732055471,35.66151639854561,35.18862732055471,35.40652847290039,75415600
2017-07-26,35.547945210835245,35.68239144541838,35.480718556415695,35.57344436645508,63124000
2017-07-27,35.640663606834835,35.69629908680656,34.14549501172972,34.90119171142578,129905200
2017-07-28,34.745873414237366,34.824687676468045,34.583607716372164,34.65546798706055,68854800
2017-07-31,34.748198462467116,34.847878260060725,34.337898715784476,34.47698211669922,79383600
2017-08-01,34.56274861002519,34.82237374815517,34.40279971702467,34.78296661376953,141474400
2017-08-02,36.92256997140216,37.03152058096427,36.19932638207736,36.42649841308594,279747200
2017-08-03,36.40563382968727,36.442724148827494,35.93506145911916,36.062557220458984,108389200
2017-08-04,36.17846647449858,36.4867696228177,36.09037783947713,36.25264358520508,82239600
2017-08-07,36.40795538755274,36.83912067658337,36.31754993358477,36.813621520996094,87481200
2017-08-08,36.76493656452155,37.513679209267366,36.68843911232736,37.10801315307617,144823600
2017-08-09,36.91794763309008,37.3838865871829,36.883177653141004,37.335205078125,104526000
2017-08-10,37.211852254669694,37.235125628594886,35.985422861011024,36.145999908447266,163217200
2017-08-11,36.44387563364396,36.90233333918181,36.32053458098837,36.64866638183594,105028400
2017-08-14,37.07687333211494,37.283993550032726,36.94422150945071,37.20021438598633,88490800
2017-08-15,37.388722159631754,37.74710868888899,37.26770700451105,37.607479095458984,117862000
2017-08-16,37.68661240067874,37.819260725474734,37.27004233022452,37.45621871948242,110686400
2017-08-17,37.356148903045394,37.400366192505885,36.732458566635856,36.73711395263672,111762400
2017-08-18,36.73710711923103,37.11876702687097,36.47180698283519,36.65332794189453,109712400
2017-08-21,36.65333306156558,36.744093553772515,36.09713341937052,36.585845947265625,105474000
2017-08-22,36.82320209730548,37.23511656863084,36.77433299537892,37.18391799926758,86418400
2017-08-23,37.01870047325585,37.34450642241073,36.974483190652286,37.230472564697266,77596400
2017-08-24,37.3351870546406,37.40733308128609,36.89767681666691,37.06523513793945,79275600
2017-08-25,37.153664881637,37.36544046820543,37.06523389078698,37.202537536621094,101920400
2017-08-28,37.26770353118173,37.7005619774075,37.21883086987419,37.57722091674805,103864000
2017-08-29,37.25840821357058,37.96121882682648,37.23513483389173,37.912349700927734,118067600
2017-08-30,38.11946690294969,38.14041081234952,37.84253004193339,38.01474380493164,109078400
2017-08-31,38.08223261794667,38.28702698837684,38.04499663222864,38.166011810302734,107140400
2017-09-01,38.35217482019203,38.38475540858457,38.0798934276935,38.177635192871094,66364400
2017-09-05,38.10781838765025,38.22417813845223,37.36544260937073,37.71917724609375,117874000
2017-09-06,37.86578749703174,37.93094866622109,37.35613127650131,37.67961120605469,86606800
2017-09-07,37.721508469706514,37.75641853046921,37.318904669575105,37.528350830078125,87714000
2017-09-08,37.43526530665827,37.50275241073847,36.8930283529123,36.91630172729492,114446000
2017-09-11,37.35147850579891,37.712194428986784,37.20951947348694,37.584197998046875,126323200
2017-09-12,37.842523774144745,38.15669656718192,36.94888161090867,37.435264587402344,286856000
2017-09-13,37.20487366489882,37.22582112336586,36.74874533126742,37.1536750793457,179629600
2017-09-14,37.00008275522042,37.095495072519725,36.790633028350605,36.8348503112793,95042800
2017-09-15,36.87906749256494,37.46086636945778,36.769689019627606,37.20720291137695,196458400
2017-09-18,37.26071475190585,37.35147520381836,36.76967652463116,36.92559814453125,113077600
2017-09-19,37.12109233670527,37.18160168941418,36.872084276845705,36.939571380615234,83242400
2017-09-20,36.74639958997587,36.830178733686836,35.79923327873233,36.320526123046875,211805600
2017-09-21,36.25770863694524,36.25770863694524,35.54791325936947,35.69685363769531,150046800
2017-09-22,35.26631743173562,35.436205252199564,35.03825327745074,35.34777069091797,186581600
2017-09-25,34.90561584850853,35.333819081929974,34.712458144612896,35.03593826293945,177549200
2017-09-26,35.32216180134491,35.820181338200065,35.30121790073832,35.6386604309082,146640000
2017-09-27,35.79225487357351,36.00635635792153,35.73174553926787,35.8923225402832,102016800
2017-09-28,35.813223764961826,35.903984278738385,35.53628683674062,35.6712646484375,88022000
2017-09-29,35.65496147322591,35.869063019024054,35.373369273795674,35.86673355102539,105199200
2017-10-02,35.89929777019427,35.94351502978198,35.54091141267024,35.79457473754883,74795200
2017-10-03,35.84112586321539,36.092463327925294,35.817856045808476,35.950504302978516,64921200
2017-10-04,35.7527063895629,35.80623089295552,35.480424936193586,35.717796325683594,80655200
2017-10-05,35.88068889393125,36.17391772096055,35.85043777523499,36.16228103637695,85135200
2017-10-06,36.06454810196169,36.185563259409385,35.9691322364545,36.1413459777832,69630400
2017-10-09,36.26003987536403,36.474141478688125,36.18557145078224,36.26702117919922,65051600
2017-10-10,36.31821895815477,36.7696955347829,36.0948101384129,36.280982971191406,62468000
2017-10-11,36.29727319397591,36.53231869152107,36.24607460227,36.4322509765625,67622400
2017-10-12,36.38568677747613,36.62305805550064,36.24139830636388,36.30423355102539,64500400
2017-10-13,36.4741319138063,36.602128368918095,36.39966350875292,36.53464126586914,65576800
2017-10-16,36.74641564414448,37.23512812114188,36.68823575645519,37.20720291137695,96486000
2017-10-17,37.18392066080533,37.43758405834157,37.05592422823548,37.34449768066406,75989200
2017-10-18,37.33287127406661,37.40036193482916,37.142043081984205,37.17927551269531,65496800
2017-10-19,36.47878226217081,36.55558012463436,36.07617851442355,36.29958724975586,170336800
2017-10-20,36.446198284130546,36.71149835205078,36.294932040963324,36.36241912841797,95896400
2017-10-23,36.5113617276158,36.69753803534452,36.18788176895651,36.34380340576172,87937200
2017-10-24,36.37172829609713,36.634702461664304,36.35078439380002,36.56023406982422,71028800
2017-10-25,36.516014127370845,36.66495445117733,36.13435432567814,36.399654388427734,84828400
2017-10-26,36.59048245733048,36.73011556425382,36.485759402646686,36.63237380981445,68002000
2017-10-27,37.069888165313095,38.07291220866558,36.9325845104359,37.944915771484375,177816800
2017-10-30,38.14039934956485,39.113168722330684,38.100837460026646,38.79899597167969,178803200
2017-10-31,39.073612806807134,39.480872037882925,38.85020401718745,39.33891296386719,144187200
2017-11-01,39.532072978746015,39.548365053447924,38.5406888698743,38.83856964111328,134551200
2017-11-02,38.77106950931524,39.21323513193892,38.463878069668525,39.122474670410156,165573600
2017-11-03,40.493210104237434,40.553715921428555,39.82297652480665,40.14413070678711,237594400
2017-11-06,40.11386628257354,40.72359389676432,39.9626000008153,40.5513801574707,140105200
2017-11-07,40.47226308755724,40.78410647310993,40.40012058578211,40.68170928955078,97446000
2017-11-08,40.6467947443134,41.01449203491211,40.569996871813196,41.01449203491211,97638000
2017-11-09,40.75151861425842,40.981912236223316,40.293060838370266,40.93071365356445,117930400
2017-11-10,40.89801520924075,40.96107636396165,40.70182890986884,40.795249938964844,100582000
2017-11-13,40.52198417452118,40.75554027927347,40.49862713853262,40.63175582885742,67928400
2017-11-14,40.41455034592742,40.51731561124466,39.980135810403205,40.01750564575195,99130000
2017-11-15,39.697530772448054,39.77927683331214,39.32617742716253,39.48966598510742,116632400
2017-11-16,39.98013765358011,40.1412919576405,39.774610677253996,39.961456298828125,94550000
2017-11-17,39.94743157799027,40.02917763400583,39.620454481494164,39.739566802978516,87598000
2017-11-20,39.77227671695763,39.8353378776979,39.60178171888046,39.69987487792969,65049600
2017-11-21,39.886715563706446,40.568699035095165,39.886715563706446,40.43790817260742,100525200
2017-11-22,40.4892886753747,40.87232056555196,40.416886849149655,40.862979888916016,102355600
2017-11-24,40.89568937216065,40.989110420539795,40.790586238003414,40.865325927734375,56106800
2017-11-27,40.88399017228039,40.89099656917598,40.484607730318324,40.65977478027344,82867200
2017-11-28,40.70882756081835,40.84195268013187,40.138950125958594,40.42155456542969,105715200
2017-11-29,40.31878402349336,40.38651371324103,39.041232082418645,39.58308029174805,166665600
2017-11-30,39.80497431661484,40.204356915053424,39.34019984279144,40.136627197265625,166108800
2017-12-01,39.69285874389665,40.094575523647414,39.35420310942091,39.949771881103516,159037200
2017-12-04,40.283757966117385,40.31645567986797,39.61812517252679,39.65782928466797,130169600
2017-12-05,39.48499753144079,40.05954716131824,39.33084963515859,39.620460510253906,109400800
2017-12-06,39.120655316755084,39.75125621208925,38.877758487629464,39.473323822021484,114240000
2017-12-07,39.47799730892554,39.807312348742876,39.44997171022931,39.54573059082031,102693200
2017-12-08,39.818992712967784,39.938105076725485,39.428954336656226,39.55740737915039,93420800
2017-12-11,39.517688913732236,40.379511438557756,39.4219300634665,40.328128814697266,141095200
2017-12-12,40.20668875490006,40.26274351240947,40.045538009155386,40.10158920288086,77636800
2017-12-13,40.28843523854579,40.53133206264366,40.171657165390585,40.234718322753906,95273600
2017-12-14,40.26507611326917,40.43557465717094,40.08990901260741,40.22303771972656,81906000
2017-12-15,40.552347608549645,40.67846633705121,40.27908739364348,40.63175582885742,160677200
2017-12-18,40.84429321069244,41.386141526801474,40.83962109068416,41.2039680480957,117684400
2017-12-19,40.87932873423201,40.963409082730685,40.659785404053046,40.76488494873047,109745600
2017-12-20,40.84197048913824,40.97042710854728,40.463610595410444,40.720523834228516,93902400
2017-12-21,40.678470385039326,41.11055064734147,40.66212330924727,40.874656677246094,83799600
2017-12-22,40.79758272735407,40.97041554503167,40.75554433493134,40.874656677246094,65397600
2017-12-26,39.8913710033041,40.0478531171881,39.62978582392859,39.83765411376953,132742000
2017-12-27,39.72789130008167,39.88670772653053,39.63680456990471,39.844669342041016,85992800
2017-12-28,39.93809837655512,40.136622513297105,39.81664819065001,39.956783294677734,65920800
2017-12-29,39.82599339127674,39.8423404676631,39.52236970108952,39.52470397949219,103999600
2018-01-02,39.741910383069516,40.24172033918654,39.5317077360136,40.23237609863281,102223600
2018-01-03,40.2954475107096,40.767231992876575,40.162322341077946,40.225379943847656,118071600
2018-01-04,40.29776859795569,40.514977627745246,40.19033478588271,40.41221237182617,89738400
2018-01-05,40.50795619241494,40.95871759498492,40.416869488260375,40.8723030090332,94640000
2018-01-08,40.720523834228516,41.014803355596285,40.62242709665456,40.720523834228516,82271200
2018-01-09,40.767218198682784,40.886330527395515,40.500964385725915,40.71583557128906,86336000
2018-01-10,40.442577393297114,40.708831219637595,40.405207559899,40.70649337768555,95839600
2018-01-11,40.77656694044623,40.98676961148585,40.753213463964485,40.937721252441406,74670800
2018-01-12,41.147902443525,41.423500430770005,41.024118024338264,41.36043930053711,101672400
2018-01-16,41.54963996826612,41.89763993406561,41.13858240438722,41.15026092529297,118263600
2018-01-17,41.14090924173439,41.86493464152241,40.88867176747151,41.82990264892578,137547200
2018-01-18,41.89296655774629,42.06346511753635,41.631384803459454,41.86727523803711,124773600
2018-01-19,41.71545572653174,41.942005431691854,41.43518911550599,41.680423736572266,129700400
2018-01-22,41.40950695127393,41.52161290769802,41.24601835570046,41.339439392089844,108434400
2018-01-23,41.40949318777898,41.90930305028433,41.297387268616134,41.3487663269043,130756400
2018-01-24,41.397829918542136,41.40950843945654,40.451926745023115,40.690155029296875,204420400
2018-01-25,40.75788422729664,40.86064950797437,39.828331707702596,39.96379470825195,166116000
2018-01-26,40.171656622698116,40.171656622698116,39.71855713477156,40.057212829589844,156572000
2018-01-29,39.741899547890576,39.741899547890576,39.02021218646074,39.22807693481445,202561600
2018-01-30,38.66053916545118,39.0902815143299,38.46668718373474,38.99686050415039,184192800
2018-01-31,38.97351439091905,39.34019926438187,38.88709975409863,39.104305267333984,129915600
2018-02-01,39.043573419865425,39.38222905740429,38.947814562060074,39.18604278564453,188923200
2018-02-02,38.77032242534317,38.95716806545105,37.39234251164283,37.48576354980469,346375200
2018-02-05,37.15877200388936,38.275169728621044,36.434746764466965,36.549190521240234,290954000
2018-02-06,36.16148950479251,38.23780298295915,35.96763752424812,38.0766487121582,272975200
2018-02-07,38.09067214468713,38.163073981925415,37.151778975373574,37.26154708862305,206434400
2018-02-08,37.436719025694984,37.602545483781824,36.208214785398454,36.23624038696289,217562000
2018-02-09,36.83421586241189,37.02651078400794,35.23252394126466,36.679439544677734,282690400
2018-02-12,37.1695747743934,38.433574681948436,36.937410211584435,38.156856536865234,243278000
2018-02-13,37.97863336270872,38.63525757586731,37.90828012945707,38.53910827636719,130196800
2018-02-14,38.23423149837837,39.28951884398535,38.19671289005219,39.24965286254883,162579600
2018-02-15,39.8171706769248,40.591048937964494,39.63191065718639,40.56760025024414,204588800
2018-02-16,40.419861757422765,40.99675390725299,40.2815026814743,40.436275482177734,160704400
2018-02-20,40.3471710450307,40.865432606579574,40.19942960756967,40.300270080566406,135722000
2018-02-21,40.53008115148343,40.83259536786897,40.10327420960197,40.117347717285156,149886400
2018-02-22,40.28853879540828,40.79273036100625,40.267433900844,40.452693939208984,123967600
2018-02-23,40.72707628005614,41.191401942979354,40.69658904083861,41.156227111816406,135249600
2018-02-26,41.35554477448778,42.06844851198474,41.32271375193818,41.96995544433594,152648800
2018-02-27,42.00045256808782,42.32407170138227,41.78001411689453,41.83395004272461,155712400
2018-02-28,42.03797312163821,42.3569046783453,41.7542199707697,41.770633697509766,151128400
2018-03-01,41.86910966865419,42.15990124440952,40.49020331894779,41.0389518737793,195208000
2018-03-02,40.52304520982578,41.34382446752006,40.44096585273092,41.32271957397461,153816000
2018-03-05,41.08822345141196,41.6815294909769,40.92641206274614,41.465782165527344,113605600
2018-03-06,41.7213870796777,41.80111907072272,41.30396244619029,41.43059539794922,95154000
2018-03-07,41.02488510072984,41.23828852566568,40.86776495945233,41.045989990234375,126814000
2018-03-08,41.1515203805562,41.5361138952039,41.055374685629104,41.49390411376953,95096400
2018-03-09,41.73310572752255,42.21150116628257,41.599434256238936,42.206809997558594,128740800
2018-03-12,42.27951549540932,42.77198453917445,42.260757973375576,42.614864349365234,128828400
2018-03-13,42.818878501558245,43.03228195752703,42.03327768092932,42.2044677734375,126774000
2018-03-14,42.28654947219528,42.333450428842454,41.69793119458534,41.845672607421875,117473600
2018-03-15,41.85975314669296,42.26779908740857,41.758916243258284,41.894927978515625,90975200
2018-03-16,41.894914950049724,42.005134159904195,41.653371637810366,41.74717712402344,157618800
2018-03-19,41.58301411063388,41.61818892484768,40.72471286068983,41.10930633544922,133787200
2018-03-20,41.095245361328125,41.46107782208997,41.02489213926311,41.095245361328125,78597600
2018-03-21,41.04833949755598,41.06006563057241,40.16189823187742,40.16424560546875,148219600
2018-03-22,39.86641624239975,40.49489685145433,39.538106010552305,39.59673309326172,165963200
2018-03-23,39.488854909752405,39.847652344438224,38.67980194091797,38.67980194091797,164115200
2018-03-26,39.41381799919569,40.593394650495185,39.03156826403004,40.51600646972656,150164800
2018-03-27,40.72941236810116,41.074139961517155,39.144137060144445,39.47713851928711,163690400
2018-03-28,39.221511717270985,39.87110068605554,38.73842520975568,39.04093933105469,166674000
2018-03-29,39.35284108524669,40.27680444981325,39.13943765265633,39.34580612182617,153594000
2018-04-02,39.07848515925107,39.617855271190315,38.56960228868381,39.08786392211914,150347200
2018-04-03,39.31299121384488,39.57329570203977,38.66574926566696,39.48887252807617,121112000
2018-04-04,38.66574745331124,40.33778996897688,38.63995138530053,40.243988037109375,138422000
2018-04-05,40.47144865181492,40.858385971022656,40.35419448498673,40.523040771484375,107732800
2018-04-06,40.09388303423708,40.44798926753627,39.444294062420795,39.486507415771484,140021200
2018-04-09,39.83828875541759,40.59105872724588,39.83125378957353,39.87815475463867,116070800
2018-04-10,40.569939661507654,40.804447983250476,40.225212142280675,40.62856674194336,113634400
2018-04-11,40.389369381678115,40.78568903885256,40.26508025086536,40.43861770629883,89726400
2018-04-12,40.666090195176274,41.0389575795323,40.579319680183765,40.8372802734375,91557200
2018-04-13,40.98737310695765,41.23595140956656,40.7692820378696,40.97564697265625,100497200
2018-04-16,41.046002393482574,41.318032979230495,40.999101432084586,41.231266021728516,86313600
2018-04-17,41.388385056399805,41.962929868710894,41.369623956700956,41.79877471923828,106421600
2018-04-18,41.697940162079504,41.93479594830305,41.479849056526675,41.70497512817383,83018000
2018-04-19,40.748166767939104,41.13041649685922,40.490209747905006,40.523040771484375,139235200
2018-04-20,40.00713405885561,40.15252812029606,38.794722494438965,38.86273193359375,261964400
2018-04-23,39.12302762705238,39.144132519307874,38.48047347353814,38.750160217285156,146062000
2018-04-24,38.85099935886724,39.00577573441421,37.80743787824953,38.210792541503906,134768000
2018-04-25,38.135753093228,38.79237729841982,38.08650833536919,38.377296447753906,113528400
2018-04-26,38.48751117244882,38.86506977787231,38.311629901195275,38.510963439941406,111852000
2018-04-27,38.459379210220455,38.53676741485826,37.66908701419298,38.065406799316406,142623200
2018-04-30,38.02083978086763,39.223865178378034,37.95283035577987,38.75484848022461,169709600
2018-05-01,39.02453693116686,39.67881367917698,38.75719754468878,39.655364990234375,214277600
2018-05-02,41.09290629028131,41.68386846538951,40.75756099293259,41.40715026855469,266157600
2018-05-03,41.24533319861876,41.6252356123869,40.90764057379652,41.48218536376953,136272800
2018-05-04,41.80112655585403,43.20817709910858,41.78236545254622,43.109683990478516,224805200
2018-05-07,43.426265045362086,44.01019226637602,43.32542814804816,43.42157745361328,169805600
2018-05-08,43.38170505375531,43.67014934958215,43.072152284915745,43.63028335571289,113611200
2018-05-09,43.74754114603787,43.946871131806425,43.43564455597334,43.93749237060547,92844800
2018-05-10,44.026604958155126,44.64335957002789,44.00549648424058,44.56597137451172,111957200
2018-05-11,44.60835414714242,44.742537519239406,44.12811022399601,44.396480560302734,104848800
2018-05-14,44.49533983182012,44.61775540501517,44.22461674459871,44.292884826660156,83115200
2018-05-15,43.97038598693953,44.03865768488934,43.57489435565079,43.89034652709961,94780800
2018-05-16,43.80324373110744,44.36587995221293,43.786763117547984,44.29996109008789,76732400
2018-05-17,44.2575790253715,44.47180540297354,43.87150241585593,44.019813537597656,69176000
2018-05-18,44.066886380624,44.21284104716232,43.81734959249926,43.85972213745117,73190800
2018-05-21,44.25756888940936,44.55654389780449,44.00097001699767,44.170467376708984,73603200
2018-05-22,44.34703725408873,44.46474358200202,43.970375567921366,44.05983352661133,60962800
2018-05-23,43.86914143424903,44.37527711033402,43.73024526395209,44.34231948852539,80233600
2018-05-24,44.43884309966214,44.455320115837665,43.83618734256598,44.292884826660156,92936000
2018-05-25,44.31171578071335,44.64600126495954,44.17517603214325,44.39411163330078,69844000
2018-05-29,44.16341457064285,44.43413768126005,43.991560749846364,44.23403549194336,90056400
2018-05-30,44.19166457691975,44.25757983398438,43.970376103011894,44.13987350463867,74762000
2018-05-31,44.073961577958656,44.31172708804303,43.81971545630675,43.9915657043457,109931200
2018-06-01,44.25522977936332,44.78961396182632,44.198729444569345,44.784908294677734,93770000
2018-06-04,45.114485036645306,45.5335193121076,45.04621694120785,45.15921401977539,105064800
2018-06-05,45.45111740448041,45.65592523952757,45.28397285957056,45.50761413574219,86264000
2018-06-06,45.582948159321724,45.68888312315127,45.18039098623548,45.665340423583984,83734400
2018-06-07,45.703001816706276,45.717125997905555,45.279258420171836,45.54292297363281,85388800
2018-06-08,45.0038250576677,45.199217941279684,44.67424886369031,45.12859344482422,106627200
2018-06-11,45.04620392089214,45.19215858819263,44.77783369179471,45.01795196533203,73234000
2018-06-12,45.05563482605106,45.34283859669024,44.999134487001314,45.26515197753906,67644400
2018-06-13,45.29809849342999,45.406389885336665,44.83198248503108,44.8931884765625,86553600
2018-06-14,45.093296099183995,45.09800535821275,44.78019682784647,44.9167366027832,86440400
2018-06-15,44.73547539936942,44.76608020005466,44.318793911730104,44.4553337097168,246876800
2018-06-18,44.22932676017291,44.54477882716092,44.06924430139088,44.43178176879883,73939600
2018-06-19,43.584294155203395,43.864435759517136,43.186446235941816,43.71377182006836,134314000
2018-06-20,43.869146633345196,44.06924522085797,43.72318835479916,43.904457092285156,82514800
2018-06-21,44.08101301559192,44.33996833397004,43.53721043910938,43.65962600708008,102847600
2018-06-22,43.81500332493383,43.82206541739633,43.48071777729794,43.532508850097656,108801600
2018-06-25,43.174684615472465,43.53251289934205,42.54613318305983,42.885128021240234,126652400
2018-06-26,43.07815364344223,43.91151267999617,42.97221509809014,43.417144775390625,98276800
2018-06-27,43.60548157163157,44.08807819397724,43.32298712678173,43.35359191894531,101141200
2018-06-28,43.339475808988986,43.836196707291755,43.268851286592344,43.66905212402344,69460800
2018-06-29,43.85500986376897,44.06688335029261,43.059317751239284,43.57722473144531,90950800
2018-07-02,43.27355401169523,44.092789008299924,43.179386798681435,44.064537048339844,70925200
2018-07-03,44.208145997523516,44.245812888772036,43.207642098451544,43.29710006713867,55819200
2018-07-05,43.61254637039309,43.883273073933445,43.381842978525576,43.645503997802734,66416800
2018-07-06,43.65020826050607,44.35879896476578,43.59841719591709,44.250511169433594,69940800
2018-07-09,44.61069456513132,44.88847975166625,44.56361275630815,44.86494064331055,79026400
2018-07-10,44.89554734134358,45.02973068179138,44.770775334103476,44.81079864501953,63756400
2018-07-11,44.375290498082336,44.67661844327326,44.165773355065014,44.22933578491211,75326000
2018-07-12,44.617755838512124,45.060332735978456,44.56596477212301,44.97087478637695,72164400
2018-07-13,44.98264693253363,45.16155924279147,44.94027079014177,45.041500091552734,50055600
2018-07-16,45.086224977091796,45.352238789090364,44.8272696640545,44.942623138427734,60172400
2018-07-17,44.66956228993262,45.16863609199618,44.5400845793653,45.06976318359375,62138000
2018-07-18,45.14743759156633,45.152146850343286,44.71192275355339,44.822566986083984,65573600
2018-07-19,44.65542428942272,45.32870458400602,44.65542428942272,45.17097854614258,81147200
2018-07-20,45.147433688320305,45.30045046027843,44.76841921206279,45.0673942565918,82704800
2018-07-23,44.88847483529713,45.18980628140824,44.624813861075204,45.1074104309082,63957600
2018-07-24,45.305168915828304,45.59001983518572,45.211005281986324,45.43464660644531,74791600
2018-07-25,45.44876576568423,45.87015642198545,45.30045464627953,45.863094329833984,66839600
2018-07-26,45.813657492271,46.131466017243845,45.578244834398404,45.7194938659668,76304000
2018-07-27,45.903121250990715,45.95020307009098,44.75195335224335,44.95911407470703,96096000
2018-07-30,45.17569090930291,45.24631543024671,44.50947619991051,44.70722198486328,84118000
2018-07-31,44.799033061459376,45.23219152416159,44.57303531146427,44.79667663574219,157492000
2018-08-01,46.87772303025375,47.49685586882303,46.44927027493961,47.43564987182617,271742800
2018-08-02,47.21906796740019,49.05528728580015,47.16492406575627,48.822227478027344,249616000
2018-08-03,48.737484162224085,49.14004140332828,48.372593809947276,48.96348190307617,133789600
2018-08-06,48.965830589860516,49.26009639869382,48.74689855230227,49.21772384643555,101701600
2018-08-07,49.27658070828396,49.318953263723905,48.67392126916684,48.756317138671875,102349600
2018-08-08,48.50678163593179,48.921106644226434,48.146600536240406,48.789276123046875,90102000
2018-08-09,49.32601330988609,49.384866473630254,48.77750139273708,49.172996520996094,93970400
2018-08-10,48.986371143415944,49.39742705887133,48.82336614927484,49.02653121948242,98444800
2018-08-13,49.44703165810567,49.83446227625625,49.06668789966988,49.34308624267578,103563600
2018-08-14,49.647826708477496,49.742320557502325,49.19897191383636,49.550968170166016,82992000
2018-08-15,49.42578014355335,49.784863388699996,49.215528189132144,49.666744232177734,115230400
2018-08-16,50.02345234024838,50.510102586734064,49.95730591478682,50.39434814453125,114001600
2018-08-17,50.422699965777916,51.488133330022386,50.35655353456642,51.400726318359375,141708000
2018-08-20,51.523571270388054,51.778705445399396,50.81721750232455,50.89990234375,121150800
2018-08-21,51.216456087953674,51.308588866242836,50.5620750907815,50.80067443847656,104639200
2018-08-22,50.57861771807685,51.11251493875671,50.51719345762094,50.803043365478516,76072400
2018-08-23,50.708539549833304,51.27551351969438,50.696730520954475,50.906982421875,75532800
2018-08-24,51.16921107177788,51.24007966949176,50.81721474938912,51.06526565551758,73905600
2018-08-27,51.299148521610604,51.674770181024684,51.10543497828409,51.48577880859375,82100400
2018-08-28,51.738537694761895,52.09998192790679,51.71727711744975,51.90154266357422,91107200
2018-08-29,52.00785590995711,52.796894504886076,51.83304188973848,52.67641067504883,109019200
2018-08-30,52.7401827486312,53.92373493613474,52.53937881923874,53.16068649291992,195175200
2018-08-31,53.510332089543624,54.06785458062129,53.389851863123376,53.77492141723633,173360400
2018-09-04,53.95917744010946,54.141078290113896,53.53867365991013,53.947364807128906,109560400
2018-09-05,54.09621034438831,54.25685066029417,53.177243489180974,53.59538269042969,133332000
2018-09-06,53.44418099923575,53.70877030386008,52.27952809791721,52.70475769042969,137160000
2018-09-07,52.40946516440661,53.2410213353136,52.140153662691596,52.27953338623047,150479200
2018-09-10,52.19685074383668,52.40946737291451,51.13850418781404,51.57790756225586,158066000
2018-09-11,51.50230096312733,52.98824161403199,51.15975621240195,52.881935119628906,142996000
2018-09-12,53.13943004010964,53.15360375769151,51.93461357971818,52.225189208984375,197114800
2018-09-13,52.80398111284486,53.94501243257914,52.579555468815734,53.48670959472656,166825600
2018-09-14,53.33080132741378,53.58830023391945,52.56775255472815,52.87958526611328,127997200
2018-09-17,52.48031892002024,52.66931021620188,51.32747886225964,51.47158432006836,148780400
2018-09-18,51.450326714380196,52.4094570342222,51.29204751995925,51.556636810302734,126286800
2018-09-19,51.61806869997937,51.88265444324082,50.86210685872496,51.58735656738281,108495200
2018-09-20,52.029126706870315,52.51105127333453,51.77162420931718,51.979515075683594,106435200
2018-09-21,52.1566749925256,52.293693595499825,51.332202290127185,51.419612884521484,384986800
2018-09-24,51.221183555265625,52.27007844864043,51.17629770710372,52.1590461730957,110773600
2018-09-25,51.913350939817505,52.63860403474346,51.90153830739901,52.48977279663086,98217600
2018-09-26,52.20863952270076,52.858294539385945,51.91570287202758,52.07162094116211,95938800
2018-09-27,52.8748569192973,53.49380009871501,52.80870688036114,53.14180374145508,120724800
2018-09-28,53.10399333061653,53.35204420798232,52.922092477963226,53.32842254638672,91717600
2018-10-01,53.85051643777683,54.197787005703184,53.47253734395038,53.6875114440918,94403200
2018-10-02,53.68515137317123,54.33480667031632,53.53868478695852,54.16471481323242,99152800
2018-10-03,54.34661210049897,55.15454651217673,54.28282676137159,54.823814392089844,114619200
2018-10-04,54.51907334874778,54.88996920159424,53.562307534511866,53.85997009277344,128168000
2018-10-05,53.852883335249984,53.95918984709933,52.10944356396356,52.98588562011719,134322000
2018-10-08,52.49450599592842,53.1063622318355,52.01966478038702,52.863037109375,118655600
2018-10-09,52.83233398045599,53.68988017453058,52.503962883215074,53.59538269042969,107564000
2018-10-10,53.26227633927173,53.47252823327348,51.03927358720979,51.11250686645508,167962400
2018-10-11,50.67783525382728,51.854300842204054,50.15811177498409,50.66129684448242,212497600
2018-10-12,52.07163159044692,52.652779237568915,51.2258982722889,52.47087478637695,161351600
2018-10-15,52.24645722479021,52.4047364348411,51.32749048871511,51.348751068115234,123164000
2018-10-16,51.71964012658048,52.67877048262682,51.20700353895954,52.48032760620117,116736000
2018-10-17,52.51577998085467,52.59610014563129,51.8165129579428,52.25355529785156,91541600
2018-10-18,51.466858241479144,51.9109872441686,50.3187403595104,51.03218078613281,130325200
2018-10-19,51.51411986825671,52.27008165957751,51.36528859514771,51.809417724609375,132314800
2018-10-22,51.922800092090434,52.766172321422964,51.72199975513701,52.1259651184082,115168400
2018-10-23,50.98731991789476,52.74020791873141,50.720369447710155,52.61736297607422,155071200
2018-10-24,52.58666000751433,52.97172608039861,50.682575811367386,50.81250762939453,163702000
2018-10-25,51.431433794182205,52.298427786327714,51.20464347576049,51.9251708984375,119423200
2018-10-26,51.003845416593705,52.017309700274836,50.24079674850228,51.09834289550781,189033600
2018-10-29,51.78107675703257,51.89919591433966,48.68635339370277,50.13922119140625,183742000
2018-10-30,49.88171486371628,50.83375491022731,49.43758931750265,50.38962936401367,146640000
2018-10-31,51.23535517923457,52.07872389622704,51.17393092438422,51.70310592651367,153435600
2018-11-01,51.7479932575457,52.52994134683256,51.218818240233645,52.49686813354492,233292800
2018-11-02,49.503735922442594,50.4723107785911,48.53043168631862,49.01472091674805,365314800
2018-11-05,48.26347923934601,48.28473981849687,46.81533749201692,47.62327194213867,264654800
2018-11-06,47.70124044834841,48.362708455674046,47.64690664485731,48.138282775878906,127531600
2018-11-07,48.65799732372377,49.62421099408189,48.223319767020705,49.59822463989258,133697600
2018-11-08,49.77839945640611,49.81158807286182,49.01268833706429,49.42517852783203,101450400
2018-11-09,48.72819972871447,48.83724645780114,47.94589272105692,48.472171783447266,137463200
2018-11-12,47.17544617439907,47.376950783365466,45.940348730689024,46.030433654785156,204542000
2018-11-13,45.42829839038313,46.74399267153785,45.385625249664386,45.570533752441406,187531600
2018-11-14,45.96642905840981,46.10392577764723,44.0770401608399,44.283287048339844,243204000
2018-11-15,44.660218236508925,45.50890268674513,44.30699369850852,45.37614822387695,185915200
2018-11-16,45.160412515171664,46.22008232656418,44.913869072574464,45.87871170043945,147713200
2018-11-19,45.04187095116867,45.20781396279465,43.85418923515305,44.06043243408203,167701200
2018-11-20,42.28485054583868,43.019745978740524,41.60685143343039,41.9553337097168,271300800
2018-11-21,42.60725469548126,42.73527050896908,41.85339745914007,41.907920837402344,124496800
2018-11-23,41.47171992481934,41.865244596069026,40.798463202121155,40.843502044677734,94496000
2018-11-26,41.30578126736825,41.47409365729359,40.36226968529681,41.3958625793457,179994000
2018-11-27,40.658587651286105,41.43141370833802,40.509240737589266,41.30577087402344,165549600
2018-11-28,41.896057768030154,42.97706227069224,41.46934451243013,42.89409255981445,184250000
2018-11-29,43.30184364075627,43.335032251064035,42.12601187203321,42.564579010009766,167080000
2018-11-30,42.73999242509973,42.749476949868594,41.9671700516089,42.334617614746094,158126000
2018-12-03,43.72854972102165,43.84233870656651,42.95809660695572,43.81389236450195,163210000
2018-12-04,42.896466554735234,43.237837196394814,41.787015586628954,41.88658142089844,165377200
2018-12-06,40.717864151099256,41.43379409773715,40.40020118769581,41.41957092285156,172393600
2018-12-07,41.127973766354074,41.36503626254481,39.89761883235829,39.94266128540039,169126400
2018-12-10,39.11532135314505,40.32196888310216,38.71942732261499,40.205810546875,248104000
2018-12-11,40.69415597889754,40.724971648959276,39.589443688075356,39.97585678100586,189126800
2018-12-12,40.39545486304984,40.75579093217634,40.06831102170334,40.087276458740234,142510800
2018-12-13,40.41678260253434,40.90987298384693,40.19394329761279,40.52582931518555,127594400
2018-12-14,40.063579718645556,40.08254516087098,39.18170655024852,39.22911834716797,162814800
2018-12-17,39.221995872633826,39.909479397667184,38.57718548508604,38.86403274536133,177151600
2018-12-18,39.20541046417102,39.7150935619969,38.97071720878755,39.36898422241211,135366000
2018-12-19,39.35239665605946,39.6961367467661,37.714293011444084,38.14100646972656,196189200
2018-12-20,38.02482772479942,38.43020623587975,36.815811012529885,37.17851638793945,259092000
2018-12-21,37.185627752379936,37.4938097578085,35.47166671241152,35.7324333190918,382978400
2018-12-24,35.120816354489186,35.926831218245276,34.75099934452627,34.80789566040039,148676800
2018-12-26,35.15637725808617,37.273344115545655,34.781817991073616,37.25912094116211,234330000
2018-12-27,36.94383752216425,37.16430763790138,35.57598882070777,37.01732635498047,212468400
2018-12-28,37.337352040383294,37.57915685691389,36.6380182335606,37.03628158569336,169165600
2018-12-31,37.5815191228161,37.778281438629776,37.095540257713566,37.39424133300781,140014000
2019-01-02,36.71861339400552,37.657382560104914,36.56215126344113,37.436912536621094,148158800
2019-01-03,34.132268116287044,34.54475829394252,33.66288523639479,33.70792770385742,365248800
2019-01-04,34.262650244247524,35.21564271315385,34.0895955946681,35.14689254760742,234428400
2019-01-07,35.25120757867321,35.282026873927535,34.58743158120101,35.068668365478516,219111200
2019-01-08,35.45508514779309,35.990848988279154,35.20854161265746,35.73719024658203,164101200
2019-01-09,35.865187861824275,36.63327174603661,35.47166681895574,36.34405517578125,180396400
2019-01-10,36.152042085783165,36.50052435461603,35.7632596139456,36.46022415161133,143122800
2019-01-11,36.242130268194934,36.43651971289026,35.91735205698948,36.10226058959961,108092800
2019-01-14,35.7608918481196,35.860457698224735,35.37447868293772,35.55938720703125,129756800
2019-01-15,35.62338698103528,36.36302090848889,35.571232935659744,36.28716278076172,114843600
2019-01-16,36.28952853333001,36.95330426774839,36.270563098942425,36.730464935302734,122278800
2019-01-17,36.555034216780754,37.37527200094984,36.33219490361918,36.94855880737305,119284800
2019-01-18,37.33734824404253,37.42743316241718,36.977012187831065,37.1761474609375,135004000
2019-01-22,37.0789469631182,37.154805083090615,36.18047805104972,36.34168243408203,121576000
2019-01-23,36.54318608659887,36.777879284107165,35.96238363485609,36.48866271972656,92522400
2019-01-24,36.53370666750917,36.62141864613615,35.97186962856401,36.19944763183594,101766000
2019-01-25,36.85849200758815,37.486710067491146,36.583502140932886,37.39899444580078,134142000
2019-01-28,36.93197130900929,37.05998710557618,36.4270305613809,37.05287551879883,104768400
2019-01-29,37.0410207847248,37.4866995043385,36.53370710874869,36.66883087158203,166348800
2019-01-30,38.70045837079162,39.38793826706386,37.984528510908085,39.174583435058594,244439200
2019-01-31,39.37845305142474,40.06356354968348,39.01100544334011,39.45668411254883,162958400
2019-02-01,39.5799703464604,40.058834158429015,39.33579255869984,39.47566223144531,130672400
2019-02-04,39.68665383227482,40.69416996092624,39.6558345343367,40.59697341918945,125982000
2019-02-05,40.9786252386463,41.504904295289336,40.85772466190439,41.29154586791992,144406400
2019-02-06,41.402963748878,41.621064429829325,40.976254147130874,41.30577087402344,112958400
2019-02-07,40.86959266251732,41.23467110889792,40.38124426294569,40.52348327636719,126966800
2019-02-08,40.23300342725837,40.630595236659246,40.09729654588435,40.571075439453125,95280000
2019-02-11,40.723459438398876,40.761552993076776,40.29491603027586,40.3377685546875,83973600
2019-02-12,40.4972827563848,40.71155263291125,40.40204887463883,40.68536376953125,89134000
2019-02-13,40.80439672497733,41.0639021987999,40.45441998648978,40.516319274902344,89960800
2019-02-14,40.40443489478929,40.77345486056133,40.325868299005165,40.6639404296875,87342800
2019-02-15,40.771069644079475,40.87820457497819,40.41395078588315,40.573463439941406,98507200
2019-02-19,40.40443569287842,40.81631182485076,40.35205796132108,40.694889068603516,75891200
2019-02-20,40.756786158494805,41.26389610818391,40.70917103649229,40.95677185058594,104457600
2019-02-21,40.90201766804449,41.03772095743167,40.54489877740289,40.72583770751953,68998800
2019-02-22,40.84963867860566,41.18771078203653,40.80202355455081,41.18056869506836,75652800
2019-02-25,41.463889012500914,41.8710025541568,41.413890764380966,41.480552673339844,87493600
2019-02-26,41.356767416374055,41.73531272866193,41.2282025270066,41.50437545776367,68280800
2019-02-27,41.237710498215094,41.663870778026364,41.12342983703562,41.63291931152344,111341600
2019-02-28,41.5019750987165,41.64244097925039,41.16866198112314,41.223419189453125,112861600
2019-03-01,41.4924477730699,41.69957553997126,41.16151778980415,41.65672302246094,103544800
2019-03-04,41.82814027721426,42.31858290715454,41.41864371317076,41.866233825683594,109744800
2019-03-05,41.8876791654991,41.90196334448179,41.55436591375929,41.79006576538086,78949600
2019-03-06,41.58530531623897,41.780532059793444,41.41150846773898,41.54959487915039,83241600
2019-03-07,41.394854982505024,41.530561954309434,40.95441036936287,41.068687438964844,99185600
2019-03-08,40.54966580330091,41.204383840899425,40.35443904470858,41.166290283203125,95997600
2019-03-11,41.78052922098767,42.64475443502301,41.747198271035906,42.592376708984375,128044000
2019-03-12,42.85426604222394,43.48993721924746,42.704274948579794,43.070919036865234,129870400
2019-03-13,43.38994425600369,43.63992820049974,43.07329841068218,43.261383056640625,124130000
2019-03-14,43.78277116143453,43.83038991608697,43.46374584894839,43.7422981262207,94318000
2019-03-15,44.0089593533073,44.59939499066683,43.74469118922754,44.311317443847656,156171600
2019-03-18,44.23513929773824,44.85176387742304,44.23275617949558,44.763675689697266,104879200
2019-03-19,44.84223009997764,44.99460068115345,44.263695608787415,44.4089241027832,126585600
2019-03-20,44.337498406840204,45.11363909902574,43.98037952623001,44.796993255615234,124140800
2019-03-21,45.23982042355803,46.74209992048173,45.18982218227039,46.44688034057617,204136800
2019-03-22,46.50640878224067,47.065896580642246,45.42076777434819,45.485050201416016,169630800
2019-03-25,45.59455842593482,45.70645597035694,44.42559200356954,44.935081481933594,175381200
2019-03-26,45.63027370922542,45.920730708925866,43.944672043567564,44.4708251953125,199202000
2019-03-27,44.93747338395038,45.17793219861992,44.41369958630055,44.870811462402344,119393600
2019-03-28,44.98507795541089,45.13030645740991,44.647005823321656,44.930320739746094,83121600
2019-03-29,45.194583813551674,45.254103625195796,44.88745955109944,45.22315216064453,94256000
2019-04-01,45.625507499441596,45.6350290710456,44.84937044927723,45.530277252197266,111448000
2019-04-02,45.494572070792294,46.296901773379574,45.48505049732856,46.19214630126953,91062800
2019-04-03,46.00881734488018,46.782574945764324,45.98500796557863,46.508785247802734,93087200
2019-04-04,46.37545960019598,46.75162528431652,45.98263025616197,46.5897331237793,76457200
2019-04-05,46.770674624732635,46.92542833904499,46.64687237984307,46.90161895751953,74106400
2019-04-08,46.76353008781775,47.67061153128953,46.744483310155175,47.63966369628906,103526800
2019-04-09,47.69204147441901,48.294381741495606,47.43253230720783,47.4968147277832,143072800
2019-04-10,47.30159525642969,47.79204168336263,47.182555602211416,47.76346969604492,86781200
2019-04-11,47.81822423539419,47.853934673821236,47.24445230598995,47.36587142944336,83603200
2019-04-12,47.42538360127354,47.64917866679961,46.71352900287141,47.34681701660156,111042800
2019-04-15,47.27777178072152,47.58013340626442,47.14206488204458,47.43252182006836,70146400
2019-04-16,47.48729988834569,47.94202860106376,47.273026333647394,47.43730163574219,102785600
2019-04-17,47.50633845193266,48.420565658052794,47.28492646285772,48.361045837402344,115627200
2019-04-18,48.35865206262389,48.603873379039385,48.21580670422305,48.53483200073242,96783200
2019-04-22,48.28961717719952,48.79196456564161,48.172957030939074,48.69435119628906,77758000
2019-04-23,48.67054028599068,49.46096515519979,48.544358571646036,49.39668273925781,93292000
2019-04-24,49.36812218144555,49.63476982624294,49.29431818210354,49.32050704956055,70162400
2019-04-25,49.24193312050334,49.46334508558559,48.83481599293768,48.87290954589844,74172800
2019-04-26,48.78244041242512,48.80624979227358,48.12058034001254,48.63959503173828,74596400
2019-04-29,48.66339973624621,49.03718592161168,48.53483853310215,48.71339797973633,88818800
2019-04-30,48.34438091958181,48.42532700777185,47.40396843365186,47.77537155151367,186139600
2019-05-01,49.96808228138352,51.260851075448706,49.81332856402731,50.120452880859375,259309200
2019-05-02,49.95855246647943,50.62755462484601,49.55143895467689,49.79427719116211,127985200
2019-05-03,50.208532189593264,50.4347067473906,50.05139901490421,50.41328048706055,83569600
2019-05-06,48.63721289375776,49.720474308259035,48.44913186725117,49.634765625,129772400
2019-05-07,49.01576096722364,49.38240144232554,47.8134599345925,48.29676055908203,155054800
2019-05-08,48.06819518356875,48.88718831771538,48.03248475211498,48.3062744140625,105358000
2019-05-09,47.71107867635127,48.01581981569588,46.82066463565413,47.78726577758789,139634400
2019-05-10,47.182612149934656,47.52437848755979,46.07128168416476,47.12525177001953,164834800
2019-05-13,44.86195219842517,45.284972600550695,43.70043119652004,44.386348724365234,229722400
2019-05-14,44.55126706777633,45.3375626885166,44.31227095065522,45.08900833129883,146118800
2019-05-15,44.51780099992997,45.82749850185416,44.458051979718945,45.62913131713867,106178800
2019-05-16,45.38775397079813,45.99958345378855,45.132026372240446,45.428382873535156,132125600
2019-05-17,44.67554149512822,45.624356352136516,44.63491259367641,45.170265197753906,131516400
2019-05-20,43.86055981831974,44.058926994173994,43.08621123813103,43.757789611816406,154449200
2019-05-21,44.26686007189899,44.93126897024765,44.14258107279463,44.596675872802734,113459200
2019-05-22,44.13301433164852,44.38396092978839,43.62873248755831,43.68370056152344,118994400
2019-05-23,42.97149717862801,43.148351949089296,42.495893652579475,42.93803787231445,146118800
2019-05-24,43.06709266530931,43.53074564161301,42.68947842323507,42.773128509521484,94858800
2019-05-28,42.76119471607767,43.16031788625752,42.519809894867244,42.59628677368164,111792800
2019-05-29,42.163693385388605,42.86395388562777,42.0633154565731,42.393131256103516,113924800
2019-05-30,42.52936411007904,42.83527888995401,42.22344933020406,42.613014221191406,84873600
2019-05-31,42.118281900211706,42.53891737233829,41.8219290686219,41.84104919433594,108174400
2019-06-03,41.96771001391318,42.52217898232048,40.6938605637744,41.41801834106445,161584400
2019-06-04,41.92947891959907,42.978671716588416,41.70960293183085,42.93326187133789,123872000
2019-06-05,44.04220496698027,44.211893817789964,43.29175729153441,43.62635040283203,119093600
2019-06-06,43.755401877552906,44.32660235130905,43.533133631324745,44.26685333251953,90105200
2019-06-07,44.57516459850568,45.86813447046718,44.39830980535762,45.44511032104492,122737600
2019-06-10,45.84184325115213,46.692668818811526,45.79643340678976,46.02587127685547,104883600
2019-06-11,46.57077316439083,46.843228531405956,46.26963943667638,46.55882263183594,107731600
2019-06-12,46.35329940510195,46.836072616312435,46.21946215370694,46.41065979003906,73012800
2019-06-13,46.532533465970424,47.03203437023856,46.26963998062483,46.401084899902344,86698400
2019-06-14,45.779700067531756,46.26725046842475,45.48095496613412,46.06410598754883,75046000
2019-06-17,46.102347467348565,46.59468250985322,45.927881330772394,46.33895492553711,58676400
2019-06-18,46.85517906323825,47.868520040364245,46.65442324476505,47.428768157958984,106204000
2019-06-19,47.72273967725771,47.77054181487059,47.156320085097796,47.290157318115234,84496800
2019-06-20,47.88764204137815,47.94500241181626,47.32839210507154,47.67015838623047,86056000
2019-06-21,47.51242178135948,48.002364478306184,47.35707214014717,47.50764083862305,191202400
2019-06-24,47.45027316848795,47.83744924119532,47.36184579881311,47.459835052490234,72881600
2019-06-25,47.4239923880106,47.622359580324556,46.67354481128587,46.7404670715332,84281200
2019-06-26,47.266261076876305,48.03582883274254,47.16588314960564,47.75142288208008,104270000
2019-06-27,47.86853220087833,48.174450595474106,47.69645834618091,47.73708724975586,83598800
2019-06-28,47.483729174608754,47.6797076683665,47.094168128112976,47.302093505859375,124442400
2019-07-01,48.55683497285938,48.87231156085323,47.95456380737443,48.16966247558594,109012000
2019-07-02,48.136202478362335,48.547276037358415,48.12425194472356,48.45167541503906,67740800
2019-07-03,48.58312083486759,48.86035715139442,48.44211402874797,48.853187561035156,45448000
2019-07-05,48.59985894410412,49.013321180685026,48.49230778045325,48.81017303466797,69062000
2019-07-08,47.99280233879046,48.133809151047075,47.419213204341766,47.80399703979492,101354400
2019-07-09,47.60801937002413,48.16009974250935,47.514811042809626,48.09557342529297,82312000
2019-07-10,48.24137007294178,48.69068031541606,48.17205915336362,48.57118225097656,71588400
2019-07-11,48.59030547775813,48.84842175102384,48.207913835239545,48.217472076416016,80767200
2019-07-12,48.38476154708042,48.75520624546054,48.32501251981883,48.58790969848633,70380800
2019-07-15,48.77670972449391,49.20212246066729,48.75520095224477,49.04438781738281,67789600
2019-07-16,48.89620741100897,49.259482475783514,48.63570255755212,48.874698638916016,67467200
2019-07-17,48.76714621164611,49.01570050660049,48.580729578732715,48.599849700927734,56430000
2019-07-18,48.75520876999739,49.20452264524316,48.68350920421264,49.15194320678711,74162400
2019-07-19,49.18301120924729,49.35270006344837,48.36325624678891,48.4182243347168,83717200
2019-07-22,48.67155480779176,49.52716129222279,48.661996568281346,49.52477264404297,89111600
2019-07-23,49.821129303572306,49.92867682071002,49.54150065350668,49.91194534301758,73420800
2019-07-24,49.63231510960469,49.98602828414967,49.512817070534965,49.87131118774414,59966400
2019-07-25,49.92389603495717,50.00754613010088,49.40766357491906,49.47697448730469,55638400
2019-07-26,49.58691415556109,50.12465542771981,49.50565634966482,49.64905548095703,70475600
2019-07-29,49.8211257312173,50.34213544864626,49.816344788392115,50.11269760131836,86693600
2019-07-30,49.89282495285342,50.22742168380975,49.546281334227054,49.897605895996094,135742800
2019-07-31,51.72353753914433,52.906567550868054,50.49987862645295,50.91572952270508,277125600
2019-08-01,51.1212623066255,52.10831732750633,49.41005306995918,49.8139533996582,216071600
2019-08-02,49.12086968695259,49.335964725004594,48.18878632633897,48.759986877441406,163448400
2019-08-05,47.31883830566207,47.47657295728015,46.02586855255384,46.20750427246094,209572000
2019-08-06,46.917325530412754,47.33796101580563,46.37480334238874,47.08223342895508,143299200
2019-08-07,46.70222514662527,47.6940574258256,46.3222222523882,47.56977844238281,133457600
2019-08-08,47.84702769205936,48.64288529572493,47.653441397317536,48.61898422241211,108038000
2019-08-09,48.292707715938555,48.64296573649967,47.810498015760096,48.21833801269531,98478800
2019-08-12,47.88966009001431,48.47262901521788,47.7769048588154,48.095977783203125,89927600
2019-08-13,48.225533277199396,50.893266254855526,48.09598298618555,50.13277053833008,188874000
2019-08-14,48.7389331847721,49.5258185877482,48.60218604759379,48.64057159423828,146189600
2019-08-15,48.81090128055658,49.213938506270125,47.90166247767573,48.39826583862305,108909600
2019-08-16,49.00761940403555,49.69854452652455,48.90206099247231,49.54020690917969,110481600
2019-08-19,50.52861579041757,51.034813742319905,50.387073206778055,50.463844299316406,97654400
2019-08-20,50.591002591455386,51.183566301926334,50.45665681526969,50.466251373291016,107537200
2019-08-21,51.0971858421528,51.25551979787076,50.76371922258588,51.01321792602539,86141600
2019-08-22,51.14516837923141,51.44504857878068,50.559801644007706,50.97003936767578,89014800
2019-08-23,50.243117416600434,50.87166869175943,48.22072746939714,48.61417007446289,187272000
2019-08-26,49.38666288108543,49.70573580378424,49.19473885065766,49.537803649902344,104174400
2019-08-27,49.86647298576687,50.03200742242358,48.8276876557246,48.97882843017578,103493200
2019-08-28,48.964449124006386,49.35309276008955,48.77732413917764,49.30751037597656,63755200
2019-08-29,50.02001470468099,50.21673786254846,49.57859195226925,50.142364501953125,83962000
2019-08-30,50.418258218749706,50.4878288131881,49.70814030749895,50.07759475708008,84573600
2019-09-03,49.52341086109975,49.65535887288814,48.99322475097742,49.34828186035156,80092000
2019-09-04,49.9936342340931,50.255128923822014,49.7369386531672,50.1855583190918,76752400
2019-09-05,50.859690039390394,51.33230160289125,50.74213566439076,51.16676712036133,95654800
2019-09-06,51.35148311214848,51.4402464746383,50.982028677859134,51.161956787109375,77449200
2019-09-09,51.54100725454967,51.92485536288293,50.63657123511484,51.380271911621094,109237600
2019-09-10,51.305897723756836,52.00641734866052,50.790105305142255,51.98722457885742,127111600
2019-09-11,52.31589898333976,53.66895822314736,52.234328791439815,53.640167236328125,177158400
2019-09-12,53.93044792976908,54.31909144012457,53.46503334244901,53.52021026611328,128906800
2019-09-13,52.77891845703125,52.96844114444219,52.0640050410945,52.47903823852539,159053200
2019-09-16,52.23432561778829,52.81009773078232,52.19354235463961,52.75491714477539,84632400
2019-09-17,52.76931167349986,52.97562936245172,52.567789431266945,52.94683837890625,73274800
2019-09-18,53.03320563124097,53.46263606774207,52.64456211762363,53.443443298339844,101360000
2019-09-19,53.261116540529656,53.68094878345625,52.867673899298595,53.009220123291016,88242400
2019-09-20,53.10998544062051,53.39307059939063,52.17195927300286,52.23433303833008,221652400
2019-09-23,52.52700920101302,52.74052373300916,52.21513309590776,52.471832275390625,76662000
2019-09-24,53.02600459584214,53.37626620352909,52.104773701458775,52.22232437133789,124763200
2019-09-25,52.43104739925435,53.13876383787783,52.092781703491944,53.02600860595703,87613600
2019-09-26,52.77891493348246,53.00442542844722,52.498227506977486,52.752525329589844,75334000
2019-09-27,52.90846232712596,53.00922529663117,52.1263760760949,52.49583053588867,101408000
2019-09-30,52.99482339997101,53.8776725443419,52.968433797976715,53.73133087158203,103909600
2019-10-01,53.995234000823245,54.75093068188669,53.78651488097034,53.88007736206055,139223200
2019-10-02,53.5130199648798,53.63777114984615,52.28231048438784,52.529415130615234,138449200
2019-10-03,52.40227619631664,53.00923723120128,51.61059521124103,52.975650787353516,114426000
2019-10-04,54.13196864675856,54.57579275889607,53.71213641227853,54.460636138916016,138478800
2019-10-07,54.283118305032474,55.161164797015786,54.17995760700077,54.47264099121094,122306000
2019-10-08,54.17516269518079,54.712545705751026,53.817704155676886,53.834495544433594,111820000
2019-10-09,54.46543884277344,54.64776467881045,54.13197222093732,54.46543884277344,74770400
2019-10-10,54.68135673321952,55.28351855399068,54.530219592534166,55.19955062866211,113013600
2019-10-11,55.88567662071718,57.010827782874266,55.73213809572937,56.66776657104492,166795600
2019-10-14,56.35348195750364,57.128374978236515,56.298305029368485,56.58618927001953,96427600
2019-10-15,56.71094972289009,57.01322767590327,56.34869572407409,56.454254150390625,87360000
2019-10-16,55.98643327019431,56.4350565436216,55.945650001818564,56.22633743286133,73903200
2019-10-17,56.39907017958543,56.653368012877294,56.02242253800609,56.44465255737305,67585200
2019-10-18,56.279116685052266,56.99643144981467,56.20714470406706,56.71574401855469,97433600
2019-10-21,56.98203358379018,57.81450126035305,56.93405348688718,57.699344635009766,87247200
2019-10-22,57.85528613606384,58.10478484329185,57.48583169226944,57.56740188598633,82293600
2019-10-23,58.08079626535233,58.35428685033186,57.869679441632414,58.33988952636719,75828800
2019-10-24,58.65896114841544,58.72853540039477,58.011220689350694,58.43585205078125,69275200
2019-10-25,58.33509915752011,59.19155514531401,58.2679262824244,59.15557098388672,73477200
2019-10-28,59.35708964228901,59.796114715182654,59.18915745445604,59.74813461303711,96572800
2019-10-29,59.72893318688571,59.9160581205968,58.19354817678271,58.366275787353516,142839600
2019-10-30,58.718945163935885,58.84849546974143,57.86728826237409,58.35908889770508,124522000
2019-10-31,59.313902865640614,59.77691611414118,56.91965683308477,59.67855453491211,139162000
2019-11-01,59.86567872270404,61.398666062574364,59.77451763685892,61.37228012084961,151125200
2019-11-04,61.73453884355642,61.859293701624026,61.26673008968638,61.775325775146484,103272000
2019-11-05,61.667361337070204,61.940855593414504,61.49223598607557,61.68655776977539,79897600
2019-11-06,61.60019639769865,61.77292770781891,61.26433199504674,61.71295166015625,75864400
2019-11-07,62.25916234332588,62.64657149210632,62.107567778293316,62.425193786621094,94940400
2019-11-08,62.247149446607565,62.668242301002806,61.804401269465195,62.5960578918457,69986400
2019-11-11,62.15328330493137,63.156690344064025,62.148473460221936,63.09172439575195,81821200
2019-11-12,62.93532441370302,63.23370373676255,62.78373717264483,63.03398132324219,87388800
2019-11-13,62.83425855316897,63.71253625362745,62.819821674837314,63.637943267822266,102734400
2019-11-14,63.464698561953334,63.73660536483951,63.06766968889383,63.197608947753906,89182800
2019-11-15,63.447842302165945,63.95315502891984,63.28662806062503,63.94834518432617,100206400
2019-11-18,63.95795114190618,64.35017001866998,63.58017648237061,64.27076721191406,86703200
2019-11-19,64.46329144370087,64.48735535838527,63.85932904179426,64.07588958740234,76167200
2019-11-20,63.89539809731908,64.02532997165318,62.65858529465471,63.32992935180664,106234400
2019-11-21,63.450248664199975,63.527250234635154,62.84627906996454,63.04600143432617,121395200
2019-11-22,63.18557447069228,63.32754201730535,62.764481676352055,62.99066925048828,65325200
2019-11-25,63.214444588644916,64.11197639359949,63.16872535757396,64.09513092041016,84020400
2019-11-26,64.23228059826994,64.28521826220536,63.16390763031804,63.594627380371094,105207600
2019-11-27,63.90502379599888,64.48252822045184,63.84005785272113,64.44883728027344,65235600
2019-11-29,64.15046511887911,64.48733780292622,63.98202510521868,64.30686950683594,46617600
2019-12-02,64.31169299395302,64.54750759444755,63.39251319176383,63.5633544921875,94487200
2019-12-03,62.15569257438953,62.4492546568916,61.669633895576865,62.43000793457031,114430400
2019-12-04,62.819815271136704,63.35881158930754,62.72596822827263,62.98102951049805,67181600
2019-12-05,63.47431687853907,63.9796296217953,63.21925558453559,63.905029296875,74424400
2019-12-06,64.36221509760516,65.20921031494399,64.31889712610206,65.1394271850586,106075600
2019-12-09,64.96860578052659,65.16110241589925,63.74382813052384,64.22748565673828,128042400
2019-12-10,64.63170272694757,64.98542081982103,63.9723870058688,64.60282897949219,90420400
2019-12-11,64.68221753912616,65.23324924261333,64.60762459353757,65.15383911132812,78756800
2019-12-12,64.43441949509666,65.58460415390351,64.32373429636719,65.31991577148438,137310400
2019-12-13,65.31990472745893,66.2439016435434,65.19237407521152,66.20780944824219,133587600
2019-12-16,66.6529735938861,67.5649423284178,66.64816374839715,67.34115600585938,128186000
2019-12-17,67.27136424228581,67.80073350823116,67.08607875742219,67.4734878540039,114158400
2019-12-18,67.32670036448889,67.8320130444866,67.16307754415392,67.31226348876953,116028400
2019-12-19,67.25452424857191,67.65877150492523,67.12218375712777,67.37964630126953,98369200
2019-12-20,67.91144131901756,68.01249947600941,67.02834635450061,67.24009704589844,275978000
2019-12-23,67.50236666762733,68.39748978279006,67.46386588013625,68.33733367919922,98572000
2019-12-24,68.5033787375967,68.55150656735154,68.0774760830421,68.40231323242188,48478800
2019-12-26,68.53465994993616,69.77628303549606,68.505786189875,69.75943756103516,93121200
2019-12-27,70.05056661001181,70.73634754482153,69.32869348774332,69.73294067382812,146266000
2019-12-30,69.65111925764718,70.4283385178335,68.63087440798358,70.14680480957031,144114400
2019-12-31,69.76423208192604,70.66657360200388,69.66557519453796,70.65935516357422,100805600
2020-01-02,71.28257523373918,72.33170151465225,71.02992253216576,72.27154541015625,135480400
2020-01-03,71.5015265354796,72.3268663213162,71.34512217138068,71.56890106201172,146322800
2020-01-06,70.69305800640377,72.17770672514841,70.44280652658847,72.13920593261719,118387200
2020-01-07,72.14881244029856,72.40387369288733,71.58094243439095,71.79991149902344,108872000
2020-01-08,71.50393800505775,73.25568310862707,71.50393800505775,72.95490264892578,132079200
2020-01-09,73.9294436077337,74.69703608624071,73.67919950094557,74.5045394897461,170108400
2020-01-10,74.73795456246773,75.23604892918155,74.17248564445511,74.67298126220703,140644800
2020-01-13,74.98820927579929,76.29479831442737,74.87029829848657,76.26832580566406,121532000
2020-01-14,76.20574860255036,76.41509065064128,75.11572039023919,75.23843383789062,161954400
2020-01-15,75.03872116096186,75.91699875877144,74.48528063092401,74.91600036621094,121923600
2020-01-16,75.45744032062662,75.96516186270573,75.09650355031273,75.8544692993164,108829200
2020-01-17,76.10227258526983,76.69661511764261,75.7966822559434,76.6942138671875,137816400
2020-01-21,76.32365494902595,76.76399437532534,76.0373113220916,76.17446899414062,110843200
2020-01-22,76.65811628441689,76.9973975614814,76.3525259473167,76.44637298583984,101832400
2020-01-23,76.49932724037184,76.89394751401544,75.95310504727735,76.81454467773438,104472000
2020-01-24,77.05996684733118,77.80108679471296,76.40305956833261,76.59315490722656,146537600
2020-01-27,74.60802439684696,75.01949019444557,73.36159137429253,74.34093475341797,161940000
2020-01-28,75.21919986278621,76.61481864871986,75.120542963226,76.44397735595703,162234000
2020-01-29,78.07059329235672,78.88871482326161,77.33187458625076,78.04412078857422,216229200
2020-01-30,77.12973907839535,77.98395267078313,76.6990193918119,77.93101501464844,126743200
2020-01-31,77.22358092411761,77.64467359137022,74.18209256314945,74.47565460205078,199588400
2020-02-03,73.22199962473935,75.43333837699004,72.72150411989722,74.27112579345703,173788400
2020-02-04,75.87128624120515,76.91319410520111,75.46703897288427,76.72309875488281,136616400
2020-02-05,77.84681134417079,78.14519062464261,76.74716330264357,77.34872436523438,118826800
2020-02-06,77.61820397472934,78.25585707985009,77.06236227335305,78.25344848632812,105425600
2020-02-07,77.75419304088338,78.00262411427845,76.7001698716179,77.1897964477539,117684000
2020-02-10,75.7787945932457,77.55640411376953,75.69920332307832,77.55640411376953,109348800
2020-02-11,78.05086843646208,78.1232241451145,76.87141886050789,77.08849334716797,94323200
2020-02-12,77.53712126556233,78.92399545470602,77.53712126556233,78.91917419433594,113730400
2020-02-13,78.19315895415963,78.68278545723169,77.99055564537478,78.35717010498047,94747600
2020-02-14,78.32582374819955,78.62491117131455,77.86996808406116,78.37648010253906,80113600
2020-02-18,76.0634053664393,77.12225708916644,75.88250875090567,76.94136047363281,152531200
2020-02-19,77.18256041371585,78.28482562119284,77.18256041371585,78.0556869506836,93984000
2020-02-20,77.81689526489554,78.30410746194534,76.75080805425196,77.2549057006836,100566000
2020-02-21,76.84972470852547,77.29111668555649,74.8912180267307,75.50626373291016,129554000
2020-02-24,71.6977667682717,73.36683527541466,69.76096746559567,71.91966247558594,222195200
2020-02-25,72.58779705787798,72.96888275320897,69.0132775682206,69.48360443115234,230673600
2020-02-26,69.10974593206521,71.84731631381621,69.10251036153399,70.58586120605469,198054800
2020-02-27,67.8000523998572,68.98190880585912,65.8367176160919,65.97178649902344,320605600
2020-02-28,62.04996979820484,67.15125422909904,61.83530222470277,65.93321228027344,426510000
2020-03-02,68.08464913181372,72.70595468778731,66.98479850420505,72.07160949707031,341397200
2020-03-03,73.24383324028676,73.32342450844571,68.93366391267253,69.78267669677734,319475600
2020-03-04,71.4999874378904,73.17870588852956,70.70163100181635,73.01951599121094,219178400
2020-03-05,71.27811119054252,72.25012902949548,70.28680094497189,70.65100860595703,187572800
2020-03-06,68.01712645055636,70.14447238483373,67.83140857783133,69.71273040771484,226176800
2020-03-09,63.61530881776465,67.07405117029745,63.43441220501271,64.19900512695312,286744800
2020-03-10,66.84490987612755,69.08802459436366,64.97081653756358,68.82270812988281,285290000
2020-03-11,66.90522837411211,67.82900397076429,65.57141009124467,66.43247985839844,255598800
2020-03-12,61.731562932317935,65.12277030841098,59.81647050550341,59.871944427490234,418474000
2020-03-13,63.89026420635652,67.51543140756253,61.01038635778413,67.04509735107422,370732000
2020-03-16,58.35725065107087,62.488927074911565,57.88692016083435,58.41996383666992,322423600
2020-03-17,59.69828839419459,62.1343603897057,57.50099755431687,60.988685607910156,324056000
2020-03-18,57.83144203035199,60.29887079269061,57.19227179173887,59.495689392089844,300233600
2020-03-19,59.66934960367585,60.98386423258545,58.51643550459872,59.03982925415039,271857200
2020-03-20,59.618696461531016,60.74025764199119,54.99256896191713,55.29165267944336,401693200
2020-03-23,55.01187186548029,55.11317353712298,51.280577065059646,54.117034912109375,336752800
2020-03-24,57.00896347667582,59.74170869121859,56.512101379550025,59.54634094238281,287531200
2020-03-25,60.47976255514235,62.28872853386047,58.92405254951491,59.21831130981445,303602000
2020-03-26,59.459507077687796,62.392441135780366,59.420914919993635,62.334556579589844,252087200
2020-03-27,60.96215304640848,61.714681710456084,59.587339648494336,59.75376510620117,204216800
2020-03-30,60.477355032834254,61.63026911474741,60.154150297630075,61.45901870727539,167976400
2020-03-31,61.64957210604245,63.3114052959559,60.78126682215682,61.33360290527344,197002000
2020-04-01,59.454689089589124,59.99014337906341,57.67707948194542,58.106407165527344,176218400
2020-04-02,57.96891771690177,59.12906732554458,57.13920472068674,59.07600402832031,165934000
2020-04-03,58.562274267163026,59.26173981825206,57.63849496380713,58.227012634277344,129880000
2020-04-06,60.51594604650854,63.460940873525914,60.14933155714907,63.30657958984375,201820400
2020-04-07,65.31574473463938,65.53282659406987,62.46964050531926,62.5733528137207,202887200
2020-04-08,63.371688404036405,64.48842448399525,63.00748829000569,64.17487335205078,168895200
2020-04-09,64.80923169926753,65.13966834587349,63.84444973045493,64.63797760009766,161834800
2020-04-13,64.7151632715521,66.0152105347314,64.11699578858152,65.90666961669922,131022800
2020-04-14,67.53475049154513,69.524613675671,67.06441624919755,69.23517608642578,194994800
2020-04-15,68.11361434863234,69.0615109892011,67.68670092198845,68.60324096679688,131154400
2020-04-16,69.31475615357093,69.51253820784274,68.10154321976958,69.14833068847656,157125200
2020-04-17,68.66593834588957,69.21104245877268,66.7773737102237,68.21007537841797,215250000
2020-04-20,67.04030517443523,67.9399598531097,66.77498860082595,66.79428100585938,130015200
2020-04-21,66.63749449289608,66.87145442951221,64.02052176535352,64.7296371459961,180991600
2020-04-22,65.99349627232849,67.02822701343717,65.65341709963987,66.59407806396484,116862400
2020-04-23,66.53860187329087,67.95683260093587,66.29740637160167,66.33599853515625,124814400
2020-04-24,66.85940309058712,68.26074851489837,66.81116104086111,68.2510986328125,126161200
2020-04-27,67.96886487593393,68.6297453170771,67.5226592475762,68.29930877685547,117087600
2020-04-28,68.75999295891828,68.94088953934559,67.10057451078693,67.19222259521484,112004800
2020-04-29,68.67558356725064,69.86708968672151,68.47298027123995,69.399169921875,137280800
2020-04-30,69.93702304111527,71.03928789471824,69.54870194183862,70.86321258544922,183064000
2020-05-01,69.04220854800435,72.11745102481503,68.94573182479387,69.72238159179688,240616800
2020-05-04,69.74648724414968,70.83668796153681,69.05907878160424,70.70885467529297,133568000
2020-05-05,71.16712251300002,72.59982394651486,71.02240378382372,71.77011108398438,147751200
2020-05-06,72.4695983843977,73.14012158473827,72.0860984199546,72.51060485839844,142333600
2020-05-07,73.13530790467281,73.6056421260466,72.8338134962802,73.26072692871094,115215200
2020-05-08,73.91855094713767,75.05765488198482,73.59205412028582,75.00444793701172,133838400
2020-05-11,74.51348118277441,76.67801957612704,74.30548775527488,76.18465423583984,145946400
2020-05-12,76.86667320446085,77.31651506334359,75.19308642093533,75.31401062011719,162301200
2020-05-13,75.49297320787404,76.41200151515211,73.33084801811279,74.40465545654297,200622400
2020-05-14,73.64527323216542,74.92223274185808,72.92456220039374,74.86177062988281,158929200
2020-05-15,72.63915105039544,74.46510308161692,72.60528873978969,74.41915130615234,166348400
2020-05-18,75.73967354309555,76.54502554064396,75.05040406447124,76.17257690429688,135178400
2020-05-19,76.18948854925284,77.03353696378241,75.70095751911882,75.7323989868164,101729600
2020-05-20,76.58856613663914,77.27541485579722,76.54986949857867,77.20528411865234,111504800
2020-05-21,77.06742956137252,77.60675427308676,76.3926703052991,76.62968444824219,102688800
2020-05-22,76.3684660434856,77.20526681531915,76.26689384939174,77.12303924560547,81803200
2020-05-26,78.23797358104541,78.41693907225796,76.54503443091458,76.60066223144531,125522000
2020-05-27,76.45796813210207,77.07951300360745,75.72032597361274,76.93440246582031,112945200
2020-05-28,76.61033857840158,78.22347115012118,76.33463515551396,76.96827697753906,133560800
2020-05-29,77.21013148263366,77.66964214375741,76.5377929665144,76.893310546875,153532400
2020-06-01,76.84730286863332,77.95980660501232,76.71670271063722,77.83888244628906,80791200
2020-06-02,77.57287802595609,78.22345084365439,77.13271214546359,78.19926452636719,87642800
2020-06-03,78.5185049118518,78.89095352620157,77.94773883188212,78.62975311279297,104491200
2020-06-04,78.45321130607884,78.75068013452528,77.58013468531132,77.95258331298828,87560400
2020-06-05,78.20166687974158,80.23319158079397,78.17264625811065,80.1727294921875,137250400
2020-06-08,79.87040512918813,80.68059845143807,79.16179134556904,80.64673614501953,95654400
2020-06-09,80.3275083289538,83.58519826731103,80.29606686497368,83.19340515136719,147712400
2020-06-10,84.13904683755014,85.80054396626458,83.70130187626772,85.33377838134766,166651600
2020-06-11,84.4800733592576,84.90330810607846,81.1353128647156,81.23688507080078,201662400
2020-06-12,83.36997815286581,84.11486795424553,80.83057003176687,81.938232421875,200146000
2020-06-15,80.59599753396536,83.60217205472897,80.43395582182912,82.95159912109375,138808800
2020-06-16,85.00002619954361,85.42084738289208,83.3699705447458,85.14997100830078,165428800
2020-06-17,85.89246631024803,85.95292841624997,84.91056229922657,85.03148651123047,114406400
2020-06-18,84.98793725501275,85.48131000026396,84.45828873010188,85.0653305053711,96820400
2020-06-19,85.76912102080368,86.2334658205362,83.47397466183713,84.5792236328125,264476000
2020-06-22,84.97102639518768,86.93483446322153,84.92507460309979,86.79214477539062,135445200
2020-06-23,88.03280774958151,90.05949829570565,87.61440740737248,88.64468383789062,212155600
2020-06-24,88.2746571031473,89.19126451334176,86.7074769720713,87.07992553710938,192623200
2020-06-25,87.23472854623947,88.27467380594872,86.47774180640029,88.23597717285156,137522400
2020-06-26,88.13197433577965,88.35205726047579,85.37731757939976,85.52484893798828,205256800
2020-06-29,85.43293671398446,87.59022742215014,84.95649512979536,87.49590301513672,130646000
2020-06-30,87.08477070075071,88.51168219927229,87.06542607576557,88.2262954711914,140223200
2020-07-01,88.30369462192029,88.84543272516727,88.01106009800148,88.0594253540039,110737200
2020-07-02,88.96394347072363,89.59758515519175,87.94576368111557,88.0594253540039,114041600
2020-07-06,89.48389845748481,90.88178176519018,89.45245698793732,90.4150161743164,118655600
2020-07-07,90.79230361416894,91.56863486785247,90.02322751685155,90.13447570800781,112424400
2020-07-08,91.10914041281748,92.26517560751083,91.02207114050358,92.23373413085938,117092000
2020-07-09,93.12372891516388,93.1769358615014,91.58557654388848,92.63036346435547,125642800
2020-07-10,92.22646456657715,92.85043754869993,91.61700927809584,92.79238891601562,90257200
2020-07-13,94.09354889207897,96.69584034150665,92.15150630871287,92.36433410644531,191649200
2020-07-14,91.74759804361886,94.08385428390145,90.81648768360292,93.8927993774414,170989200
2020-07-15,95.7622883592816,96.01139191075474,93.34380441075506,94.53853607177734,153198000
2020-07-16,93.41395603386725,94.22898406159878,92.7778934824319,93.37525939941406,110577600
2020-07-17,93.82508300436295,93.97986213133798,92.71499243301174,93.18659973144531,92186800
2020-07-20,93.27367496235873,95.28826887148021,92.9302469895083,95.1504135131836,90318000
2020-07-21,95.93883651984883,96.01380892881413,93.58806992037168,93.83717346191406,103433200
2020-07-22,93.53970187859424,94.78038533647508,93.45263999834938,94.10079193115234,89001600
2020-07-23,93.83476371071059,93.91215697447913,89.00989228366163,89.81766510009766,197004400
2020-07-24,88.02071829007306,89.93857411627435,86.23828958165114,89.59514617919922,185438800
2020-07-27,90.65445070078177,91.81048572351438,90.43195431248509,91.71858215332031,121214000
2020-07-28,91.29052545592491,91.46707746354134,90.20704185281049,90.21188354492188,103625600
2020-07-29,90.69316227563066,92.12490824489846,90.65688648684609,91.94110107421875,90329200
2020-07-30,91.11637343156816,93.15757426558149,90.71006994116662,93.05358123779297,158130000
2020-07-31,99.5302890268665,102.94518713128302,97.53745326363413,102.79524230957031,374336800
2020-08-03,104.67199645721692,107.99741233494379,104.37452761502963,105.38545227050781,308151200
2020-08-04,105.57407987592546,107.17753592025956,104.85336899973937,106.08921813964844,173071600
2020-08-05,105.81110781245884,106.79301183705664,105.34675558446708,106.47377014160156,121776800
2020-08-06,106.8050811008857,110.6819103626939,106.2173913049504,110.18853759765625,202428800
2020-08-07,109.7112386108564,110.16673452744945,106.88862644814542,107.68331909179688,198045600
2020-08-10,109.12492193624439,110.26366188327368,106.60516497027935,109.24848937988281,212403600
2020-08-11,108.51438016879983,109.01106042306976,105.7402197597048,105.99946594238281,187902400
2020-08-12,107.08726962586842,109.77905290425319,106.89344508147632,109.52223205566406,165598000
2020-08-13,110.8984466622293,112.46118443380263,110.41145251692377,111.4605484008789,210082000
2020-08-14,111.28609846459923,111.45085012066804,109.55618389407232,111.3612060546875,165565200
2020-08-17,112.48055471705385,112.50478464058327,110.4453668374708,111.0704574584961,119561600
2020-08-18,110.82334618754544,112.42000004225257,110.48899241818317,111.99600219726562,105633600
2020-08-19,112.40302713967982,113.54661008039473,112.04202566230961,112.13651275634766,145538000
2020-08-20,112.17768930590152,114.73863746481582,112.16072762152713,114.62476348876953,126907200
2020-08-21,115.58180736652324,121.01382862104187,115.56969610018756,120.53168487548828,338054800
2020-08-24,124.72563018161648,124.81043862781013,120.11253870845955,121.97328186035156,345937600
2020-08-25,120.84906568793242,121.31667291273054,119.25482982936344,120.97262573242188,211495600
2020-08-26,122.285815910586,123.07324042466944,121.22218355631982,122.61774444580078,163022400
2020-08-27,123.218587014397,123.55051548073467,120.01073632402604,121.15190124511719,155552400
2020-08-28,122.1234863946809,122.54021598651187,120.73277587733193,120.95568084716797,187630000
2020-08-31,123.64260037932992,126.9570498293378,122.11136090455392,125.05753326416016,225702700
2020-09-01,128.66275103381622,130.6398007655306,126.50157751038662,130.03892517089844,151948100
2020-09-02,133.3436531705274,133.7216162836471,123.08048843223483,127.34468841552734,200119000
2020-09-03,122.99329113592864,124.86372013453284,116.78111381462604,117.14938354492188,257599600
2020-09-04,116.36438893039704,119.88235689314044,107.46770259236347,117.22692108154297,332607200
2020-09-08,110.4332424909772,115.3176975867679,109.20244081478072,109.33811950683594,231366600
2020-09-09,113.64110336417085,115.46307981230207,111.70282771529025,113.69924926757812,176940500
2020-09-10,116.64538870680133,116.78106736367609,109.02796745571418,109.98741149902344,182274400
2020-09-11,111.0341102013086,111.67374465663826,106.60515104021346,108.54342651367188,180860300
2020-09-14,111.17948084192356,112.3521366002866,109.31873818703018,111.79972839355469,140150100
2020-09-15,114.6780774740645,115.16264637332723,110.10374588199468,111.97418212890625,184642000
2020-09-16,111.67375141580924,112.41998426492623,108.58219948246469,108.66941833496094,154679000
2020-09-17,106.33380115819288,108.73725877422822,105.35496990474392,106.93466186523438,178011000
2020-09-18,106.99282230683487,107.45800434374442,102.81583306003789,103.54268646240234,287104900
2020-09-21,101.31366904715068,106.78929923364105,99.91810821399545,106.68269348144531,195713800
2020-09-22,109.20245128230411,109.37689638794417,105.79108936459673,108.35929870605469,183055400
2020-09-23,108.17513727625399,108.65001261108696,103.47481418784108,103.81401824951172,150718700
2020-09-24,101.9242082877403,106.84742948908296,101.75945665626949,104.88008117675781,167743300
2020-09-25,105.08361720977464,108.96986205260443,104.3470703746047,108.8147964477539,149981400
2020-09-28,111.46055396966348,111.76098435804984,109.29937316015781,111.41209411621094,137672400
2020-09-29,111.01471850800384,111.75125778339695,110.06496037698288,110.56890869140625,99382200
2020-09-30,110.27818485285505,113.64109400987672,110.11343321080598,112.23583984375,142675200
2020-10-01,114.00938127075119,114.0869140768239,112.25524404848423,113.18561553955078,116120400
2020-10-02,109.40599713343762,111.80946282239636,108.75667639513172,109.531982421875,144712000
2020-10-05,110.39449286426901,113.04992842651572,110.04560265679896,112.90455627441406,106243800
2020-10-06,112.12922867288654,112.53627212533412,108.78570657319916,109.6676254272461,161498200
2020-10-07,111.08258643963451,111.9838849635665,110.60770355491991,111.52838897705078,96849000
2020-10-08,112.66227875286972,112.80765091391855,111.05350632008391,111.42178344726562,83477200
2020-10-09,111.72220118579409,113.38911933685253,111.37331099631979,113.36004638671875,100506900
2020-10-12,116.35467592893329,121.31666387202866,115.59874966676792,120.56073760986328,240226800
2020-10-13,121.40389774875266,121.52019695499536,115.95734765025159,117.36259460449219,262330500
2020-10-14,117.26567529237093,119.23302386837867,115.92826777316701,117.44981384277344,150712000
2020-10-15,115.05602954812115,117.45948691649245,114.50362135189651,116.98461151123047,112559200
2020-10-16,117.53704016435405,117.79871153091253,115.1432684327753,115.34678649902344,115393800
2020-10-19,116.25776062422946,116.703563090536,112.09047284235501,112.40059661865234,120639300
2020-10-20,112.613816705773,115.30802617540574,112.06140841970505,113.88339233398438,124423700
2020-10-21,113.0693210528945,115.04636332670981,112.8561095242572,113.26315307617188,89946000
2020-10-22,113.82523521136082,114.39703037608496,111.05350042518317,112.17770385742188,101988000
2020-10-23,112.7979355425483,112.95300112257948,110.75305441797342,111.4896011352539,82572600
2020-10-26,110.49140153597219,112.95301241046303,109.39627110087882,111.49930572509766,111850700
2020-10-27,111.92572886201872,113.66048651064561,111.0050508568626,113.00147247314453,92276800
2020-10-28,111.49931413026005,111.86758385649746,107.67121513386326,107.76812744140625,143937800
2020-10-29,108.90201751002611,113.32128352260756,108.7372584642391,111.76097106933594,146129200
2020-10-30,107.63243577844652,108.53373417860142,104.39551925367714,105.50033569335938,190272600
2020-11-02,105.74261950243951,107.26416545991421,104.00786205893465,105.4131088256836,122866900
2020-11-03,106.27564420820605,108.0491605877784,105.37434584740238,107.03157043457031,107624400
2020-11-04,110.6173826820644,112.02262946819745,108.88262521463015,111.40238189697266,138235500
2020-11-05,114.30981274924889,115.92827866732904,113.26314943296055,115.35648345947266,126387100
2020-11-06,114.8662386135022,115.72054874493433,112.74016234873251,115.2254409790039,114457900
2020-11-09,116.98257616030648,118.4290806298261,112.66247568801708,112.92459106445312,154515300
2020-11-10,112.1770700305599,114.15751541071181,110.79851455087879,112.58480834960938,138023400
2020-11-11,113.76921682470609,116.13798799149323,113.04110938515558,116.0020751953125,112295000
2020-11-12,116.12826014557999,117.011693129965,115.10890698767624,115.730224609375,103162300
2020-11-13,115.95353941713333,116.17682155137521,114.42936813634326,115.77879333496094,81581900
2020-11-16,115.44869936969526,117.45827535475047,114.70117908437909,116.78842163085938,91183000
2020-11-17,116.06033956537965,117.14764203542704,115.48755780845748,115.9050064086914,74271000
2020-11-18,115.14776544105797,116.32244455787598,114.55557079610209,114.5846939086914,76322100
2020-11-19,114.15752657877456,115.58461824175113,113.40029608169101,115.1768798828125,74113000
2020-11-20,115.17687350645622,115.3030761134196,113.86628176431465,113.9148178100586,73604300
2020-11-23,113.75947798730789,114.18663661435309,110.42960050653552,110.52667999267578,127959300
2020-11-24,110.5849439032423,112.46830981108012,109.3034679028236,111.80815887451172,113874200
2020-11-25,112.17707422528561,113.34204301090116,111.80816176471099,112.64305877685547,76499200
2020-11-27,113.1673088628538,114.060452186272,112.82752688184597,113.18672180175781,46691300
2020-11-30,113.5556043160892,117.43884286036615,113.40027121910705,115.57489013671875,169410200
2020-12-01,117.47770289816154,119.86589425816237,116.50689304092421,119.13778686523438,127728200
2020-12-02,118.45818803529019,119.76878696381533,117.36117581756076,119.48725128173828,89004200
2020-12-03,119.91442821402666,120.16684084637635,118.64266969338425,119.35136413574219,78967600
2020-12-04,119.02126995710454,119.27368255768253,117.9727936839563,118.68148803710938,78260400
2020-12-07,118.73976473634818,120.93379733643137,118.68151850844873,120.13773345947266,86712000
2020-12-08,120.73962584742733,121.33182045894168,119.4969829958177,120.74932861328125,82225500
2020-12-09,120.89494675486756,122.27349493369557,117.46798924542293,118.2252197265625,115089200
2020-12-10,116.9825990804487,120.25423128130693,116.64281707898084,119.64261627197266,81312200
2020-12-11,118.85623544540636,119.17660443365664,117.03111582087004,118.83682250976562,86939800
2020-12-14,119.021283489644,119.74939086099992,117.99222744160214,118.2252197265625,79184500
2020-12-15,120.71048072938689,124.16656847506606,120.50661157074111,124.14714813232422,157243700
2020-12-16,123.69088274191743,124.62285187377786,122.86568846942772,124.0792007446289,98208600
2020-12-17,125.13738869029768,125.79754711737371,124.30249159373241,124.94322967529297,94359800
2020-12-18,125.19562621191656,125.33153897823031,122.43852279521552,122.96276092529297,192541500
2020-12-21,121.3706547348561,124.56462030770652,119.84648343417716,124.48695373535156,121251600
2020-12-22,127.76824227054828,130.48651190519737,125.86544908228059,128.03036499023438,168904800
2020-12-23,128.30220615943512,128.5643140977905,126.96248410987832,127.13723754882812,88223700
2020-12-24,127.48674690488681,129.56427923315684,127.27316756907929,128.11776733398438,54930100
2020-12-28,130.07879843395568,133.33100207588342,129.61279910731304,132.69998168945312,124486200
2020-12-29,134.02027253990548,134.73866218637744,130.41856229053343,130.93309020996094,121047300
2020-12-30,131.6224031061202,132.02043870547348,129.50602990016534,129.8166961669922,96452100
2020-12-31,130.16618225748783,130.80692029298538,127.87507049302144,128.81675720214844,99116600
2021-01-04,129.62252069116946,129.70989001259753,123.05984477192808,125.63249206542969,143301900
2021-01-05,125.12767890789046,127.89449286005866,124.68109986637585,127.185791015625,97664900
2021-01-06,123.99185085104371,127.22464983650838,122.69096163664166,122.904541015625,155088000
2021-01-07,124.61315591365346,127.78770834669253,124.1277509770645,127.09842681884766,109578200
2021-01-08,128.56433221406948,128.75850602101508,126.42855365810287,128.1954345703125,105158200
2021-01-11,125.41891868730954,126.37030813032683,124.74905756448756,125.21504211425781,100384500
2021-01-12,124.74907540981043,125.90434159113998,123.15694772474198,125.04032135009766,91951100
2021-01-13,125.00148312714683,127.61296424812167,124.73937510775554,127.0693130493164,88636800
2021-01-14,126.98194787763325,127.17610691023913,125.0014872302532,125.1471176147461,90221800
2021-01-15,125.02087645693894,126.41884484513,123.29283631414191,123.42874908447266,111598500
2021-01-19,124.0500664749991,124.95292722948219,123.23458985463955,124.0986099243164,90757300
2021-01-20,124.90437114467832,128.62257382285637,124.79758149233558,128.17599487304688,104319500
2021-01-21,129.89436203777117,135.59301116722563,129.69048544958548,132.87474060058594,120150900
2021-01-22,132.30193097010215,135.76772834904443,131.0787162081466,135.010498046875,114459400
2021-01-25,138.89382988874982,140.85485593249834,132.5544253137455,138.74819946289062,157611700
2021-01-26,139.40825291905207,140.08781661999487,137.24333702503608,138.98109436035156,98390600
2021-01-27,139.2432124060488,140.08782682258447,136.31137810940206,137.9132080078125,140843800
2021-01-28,135.4474245519407,137.84532659995853,132.70973305547886,133.08834838867188,142621100
2021-01-29,131.86509178375854,132.7485322226158,126.40914566020653,128.10806274414062,177523800
2021-02-01,129.84578061037203,131.42820495734406,127.10809049941766,130.22439575195312,106239800
2021-02-02,131.76801136085197,132.33108282824628,130.68070911395654,131.04962158203125,83305400
2021-02-03,131.79713965825755,131.80685723730443,129.70990440998943,130.0302734375,89880900
2021-02-04,132.32141349051977,133.3892956632412,130.66132177818676,133.3795928955078,84183100
2021-02-05,133.54003004858623,133.60808059176276,132.09135608071085,132.9663848876953,75693800
2021-02-08,132.2565886683768,133.16079860710033,131.1773789685877,133.1121826171875,71297200
2021-02-09,132.83021630146237,134.05527394815869,132.08158644572234,132.2371368408203,76774200
2021-02-10,132.6940833002521,133.1899455543724,130.67178006992634,131.6343231201172,73046600
2021-02-11,132.13022184665593,132.60663492557896,130.05931666495545,131.381591796875,64280000
2021-02-12,130.62321880046613,131.7704791984505,129.98152323777,131.6149139404297,60145100
2021-02-16,131.731578673249,132.23714344471992,129.10646349095452,129.49537658691406,80576300
2021-02-17,127.6092169957538,128.5523110624879,125.87859413495782,127.21058654785156,97918500
2021-02-18,125.6160684389903,126.39387989777283,123.87572846648807,126.11193084716797,96856700
2021-02-19,126.62722545179416,127.08418911907316,125.22716781889845,126.2674789428711,87668800
2021-02-22,124.45906002205308,126.1216319880877,122.11591609767342,122.50482177734375,103916400
2021-02-23,120.32695270389084,123.19511800076138,115.10591153263685,122.36869812011719,158273000
2021-02-24,121.47422557501572,122.07702231944482,118.83940058972168,121.87284851074219,111039900
2021-02-25,121.22144033722896,122.9520628532438,117.19628243074794,117.63379669189453,148199500
2021-02-26,119.18940971098537,121.38672049171518,117.83796822554648,117.89630889892578,164560400
2021-03-01,120.31723727022785,124.38128647028813,119.38386807729292,124.24517059326172,116307900
2021-03-02,124.84797657824923,125.14937496490815,121.54228933610958,121.64923858642578,102260900
2021-03-03,121.34785010485119,122.2228861788261,118.46023476961403,118.67413330078125,112966300
2021-03-04,118.37271017337518,120.17139052818686,115.32953762534804,116.79764556884766,178155000
2021-03-05,117.62408266255089,118.55745188502343,114.30867068121566,118.05187225341797,153766600
2021-03-08,117.57547079483327,117.6435287378886,112.98639972664601,113.13224029541016,154376600
2021-03-09,115.72817884872909,118.67412730069942,115.49483838005335,117.73103332519531,129525800
2021-03-10,118.31440509060741,118.78108606530098,116.13653581616963,116.65184020996094,111943300
2021-03-11,119.14080190524842,119.79221465640565,117.89630965893046,118.57688903808594,103026500
2021-03-12,117.06016987865702,117.80880722667213,115.8545688924242,117.67269134521484,88105100
2021-03-15,118.0421413761026,120.56029230814386,117.07959821769512,120.55056762695312,92403800
2021-03-16,122.21313740579694,123.69097746560344,121.26032630464678,122.08674621582031,115227900
2021-03-17,120.60890560077927,122.3686945512962,118.94633378896354,121.29920959472656,111932600
2021-03-18,119.47137236768086,119.7630534964986,116.98238776140393,117.18656158447266,121229700
2021-03-19,116.5740372845451,118.0615946863235,116.36013878430732,116.66153717041016,185549500
2021-03-22,116.99209444423333,120.43389711306004,116.9240365136813,119.96720886230469,111912300
2021-03-23,119.90887946918929,120.79363259482143,118.75188719483505,119.14079284667969,95467100
2021-03-24,119.41302514045037,119.49080775473756,116.73930897083474,116.75875091552734,88530500
2021-03-25,116.22401168427893,118.28520644839449,115.69899016650163,117.24488067626953,98844700
2021-03-26,117.0115497729694,118.11020888610055,115.62121696029041,117.84769439697266,94071200
2021-03-29,118.275494892758,119.17969748186921,117.381016985914,118.022705078125,80819200
2021-03-30,116.77821710252674,117.06017355662125,115.56289139578807,116.57404327392578,85671900
2021-03-31,118.27549692418452,120.0936193981419,117.78936665110342,118.76162719726562,118323800
2021-04-01,120.22973104227312,120.73530321344647,119.09218067605553,119.5880355834961,75089100
2021-04-05,120.43392024929994,122.66039785902176,119.65610882120376,122.40760803222656,88651200
2021-04-06,122.99094078154718,123.60346216405839,122.16452092387894,122.708984375,80171300
2021-04-07,122.33954801322936,124.37156902257611,121.66868585332091,124.35212707519531,83466700
2021-04-08,125.37299788690146,126.77305548532095,124.9549329616751,126.74388885498047,88844600
2021-04-09,126.19939309739704,129.34950705430177,125.8785454100243,129.3106231689453,106686700
2021-04-12,128.84394117481807,129.16478885922183,127.00636977178947,127.59944915771484,91420000
2021-04-13,128.76618458654,130.9246041100814,128.27032223067465,130.7009735107422,91266500
2021-04-14,131.19681975522676,131.255153005102,128.00780685424039,128.36753845214844,87222800
2021-04-15,130.10789773924117,131.2551579244961,129.93288314753977,130.76902770996094,89347100
2021-04-16,130.57456189416538,130.93429345955573,129.58285222938275,130.43844604492188,84922400
2021-04-19,129.80647084298718,131.71210761044756,129.64118836775324,131.09957885742188,94264200
2021-04-20,131.27462375202614,131.7704712922572,128.15366085563892,129.4176025390625,94812300
2021-04-21,128.6884221419856,130.0398638721709,127.65782821133615,129.7967987060547,68847100
2021-04-22,129.349506750087,130.4287163012516,127.76473251290152,128.280029296875,84566500
2021-04-23,128.49395363729542,131.37183646308597,128.49395363729542,130.5940399169922,78657500
2021-04-26,131.08990519751984,131.31352099303626,129.85513001828372,130.9829559326172,66905100
2021-04-27,131.2648602486865,131.65377327736235,130.38983189631728,130.6620635986328,66015800
2021-04-28,130.58431883810096,131.2746303918658,129.38844245381026,129.87457275390625,107760100
2021-04-29,132.68440835234537,133.2677706601101,128.775916495569,129.77734375,151101000
2021-04-30,128.12453127917266,129.85515437362923,127.43423439621051,127.81341552734375,109839500
2021-05-03,128.37731866200218,130.35102187547446,128.17315218733083,128.8634490966797,75135100
2021-05-04,127.55085891033158,127.84254003096058,123.18540387178189,124.30350494384766,137564700
2021-05-05,125.61607050473611,126.83139629296987,124.42019408305968,124.54659271240234,84000900
2021-05-06,124.34238738168023,126.15079239791494,123.60346736850425,126.14107513427734,78128300
2021-05-07,127.43639054602403,127.835683170004,126.10212100699981,126.8130874633789,78973300
2021-05-10,126.03395306208488,126.16055151436144,123.50177596650869,123.54073333740234,88071200
2021-05-11,120.2781205077101,122.97585322059021,119.56716154628263,122.62525177001953,126142800
2021-05-12,120.18072314838845,121.38837175558095,119.06072304066647,119.56715393066406,112172300
2021-05-13,121.32996797634482,122.85900963548862,121.01831640984287,121.70979309082031,105861300
2021-05-14,122.95637735686638,124.55359227820217,122.56681111085221,124.12506866455078,81918000
2021-05-17,123.5115304740433,123.61866139795352,121.90457404574953,122.97587585449219,74244600
2021-05-18,123.25828391420353,123.67706631560182,121.52472197411315,121.5928955078125,63342900
2021-05-19,119.94700386173781,121.66108360866002,119.65482729355216,121.43708801269531,92612000
2021-05-20,121.96300011967811,124.38803886132331,121.83638680726905,123.98873138427734,76857100
2021-05-21,124.48543261389995,124.66073707262268,121.94352167759979,122.15778350830078,79295400
2021-05-24,122.72264972174192,124.60230012567476,122.65447618088876,123.78421020507812,63092900
2021-05-25,124.4854213164092,124.97238470676444,123.02455343641832,123.58942413330078,72009500
2021-05-26,123.64786424977021,124.06664669892854,123.12195088824402,123.54073333740234,56575900
2021-05-27,123.14141426393122,124.3101054887469,121.81689357961606,122.01167297363281,94625600
2021-05-28,122.29412358918856,122.51812660764142,121.30073666690714,121.35916900634766,71311100
2021-06-01,121.81692868180114,122.0798816825308,120.70666946919197,121.03779602050781,67637100
2021-06-02,121.0377893589411,121.97274404282008,120.81379374664016,121.79743957519531,59278900
2021-06-03,121.42732891420592,121.59289214427336,119.91776258501811,120.31707000732422,76229200
2021-06-04,120.83326200560104,122.86874195718396,120.61900017592295,122.60578155517578,75169300
2021-06-07,122.87846962118002,123.0245579005518,121.57343116760482,122.61551666259766,71057600
2021-06-08,123.29723905566723,125.1087231263275,122.91741402757391,123.43358612060547,74403800
2021-06-09,123.89135316418162,124.41726657205889,123.21935146016743,123.81343841552734,56877900
2021-06-10,123.70630923030153,124.84579201187799,122.65448983014099,122.82005310058594,71186400
2021-06-11,123.22907197958327,124.11533537847384,122.81028956380078,124.02767944335938,53522400
2021-06-14,124.4853801533621,127.13441345830013,123.75494645489603,127.07598114013672,96906500
2021-06-15,126.55014933948718,127.19293493618757,126.01449467557019,126.25797271728516,62746300
2021-06-16,126.96887757016792,127.47531587099556,125.10871731225251,126.7546157836914,91815000
2021-06-17,126.41376207268152,129.09201968074376,126.26766637763058,128.35183715820312,96721700
2021-06-18,127.30006525978811,128.07918310097136,126.84232535469681,127.05658721923828,108953300
2021-06-21,126.90076263607253,128.95571797256497,125.83920190461266,128.8485870361328,79663300
2021-06-22,128.68298261560656,130.5821078265205,128.18627804148716,130.48471069335938,74783600
2021-06-23,130.28018657486302,130.81584104082094,129.75426587711715,130.21200561523438,60214200
2021-06-24,130.94245782977737,131.12750347675475,129.46210751467535,129.92959594726562,68711000
2021-06-25,129.97831108103458,130.3970861369589,129.34525932066123,129.63743591308594,70783700
2021-06-28,129.929615432019,131.72161011019884,129.87118308436172,131.2638702392578,62111300
2021-06-29,131.28332301060522,132.9292364481491,130.84506564137368,132.77340698242188,64556100
2021-06-30,132.6176097807272,133.8252661428457,132.32543317658508,133.3870086669922,63261400
2021-07-01,133.03639973908412,133.7473514160783,132.218302275189,133.6889190673828,52485800
2021-07-02,134.30244482687868,136.3476657575281,134.15636398642496,136.3087158203125,78852600
2021-07-06,136.4158617440288,139.41549764354806,136.4158617440288,138.3149871826172,108181800
2021-07-07,139.79530375392193,141.11009072715532,138.9382714107099,140.79844665527344,104911600
2021-07-08,137.88647618396286,140.30177401839643,137.00021261100082,139.503173828125,105575500
2021-07-09,139.02592340594762,141.8502619651795,138.92852627188464,141.32435607910156,99890800
2021-07-12,142.39565084398657,142.50278173643568,140.24329922685985,140.73025512695312,76299700
2021-07-13,140.2725165312551,143.61304176059716,139.8829577523025,141.84051513671875,100827100
2021-07-14,144.23640673596546,145.66805889824494,143.8273505232674,145.25900268554688,127050800
2021-07-15,145.3466279214185,146.08679566961968,143.25270826705687,144.6064453125,106820300
2021-07-16,144.58698895603396,145.85306272785598,142.07429409288326,142.57098388671875,93251400
2021-07-19,139.99983785193092,140.31149679803218,137.97409928442224,138.73374938964844,121434600
2021-07-20,139.71743864780393,143.26247815428886,139.23048258998614,142.33724975585938,96350000
2021-07-21,141.7334095777614,142.31776271135624,140.85689473808662,141.60679626464844,74993500
2021-07-22,142.13271101540525,144.33374665171397,142.00609770767423,142.97027587890625,77338200
2021-07-23,143.7007109713398,144.84018616778306,143.0871416883638,144.68435668945312,71447400
2021-07-26,144.40193160847764,145.92123190033908,143.84679465375743,145.1031494140625,72434100
2021-07-27,145.22973937162135,145.3174027377309,141.7528815779119,142.94105529785156,104818600
2021-07-28,141.03222113566045,143.135875021886,138.82143631465343,141.19778442382812,118931200
2021-07-29,140.91530189117023,142.72677844865797,140.80817099785102,141.84051513671875,56699500
2021-07-30,140.61339371614585,142.51251879825827,140.35043336301797,142.05477905273438,70440600
2021-08-02,142.5417764502479,143.11638102630255,141.46073341799487,141.72369384765625,62880000
2021-08-03,142.00608912842299,144.17790846415585,141.39251988736964,143.51565551757812,64786600
2021-08-04,143.42802249439222,143.9344460279435,142.4638442773508,143.11636352539062,56368300
2021-08-05,143.14558074057953,143.98314564998552,142.35671440302508,143.22349548339844,46397700
2021-08-06,142.74559073997008,143.48686754429556,142.04332223777357,142.54075622558594,54126800
2021-08-09,142.59926530339968,143.0869508994325,141.936020036627,142.49197387695312,48908700
2021-08-10,142.83336158468475,144.0720871817776,141.7214390067462,142.01405334472656,69023100
2021-08-11,142.45291622735687,143.10641291368987,141.94571921595733,142.26759338378906,48493500
2021-08-12,142.58950812317931,145.37907015513477,142.24812227389452,145.22300720214844,72282600
2021-08-13,145.30105342277125,145.75947909182239,144.61829653790267,145.4278564453125,59375000
2021-08-16,144.88159714502063,147.46633914191412,142.86258697892168,147.39805603027344,103296000
2021-08-17,146.53002087530285,147.94430623200614,145.41809822926902,146.4910125732422,92229700
2021-08-18,146.1106045300614,147.00794422226895,142.55049082276733,142.7553253173828,86326000
2021-08-19,141.45807654722455,144.35493005036025,140.94113102889904,143.08694458007812,86960300
2021-08-20,143.80872432514332,144.84261535990314,143.16497579607238,144.54025268554688,60549600
2021-08-23,144.65728343893502,146.49098584387335,144.24762936861552,146.02281188964844,60131800
2021-08-24,145.7692167650667,147.14449367144724,145.4766024407117,145.93502807617188,48606400
2021-08-25,146.12033978338724,146.6177885615759,144.15984926147306,144.7060546875,58991300
2021-08-26,144.6962977745989,145.44732274946605,143.8769748010463,143.90623474121094,48597200
2021-08-27,143.84772924961433,145.08645474475415,143.21374397198983,144.94015502929688,55802400
2021-08-30,145.33029180641267,149.70971334019745,144.9498976782118,149.34881591796875,90956700
2021-08-31,148.90012052078816,149.0366718472091,147.56385230904914,148.09056091308594,86453100
2021-09-01,149.0659558284964,151.16299758315895,148.5880186674378,148.7538299560547,80313700
2021-09-02,150.08035127222993,150.90942268736845,148.64655451799135,149.8657684326172,71115500
2021-09-03,149.97303195298093,150.82161480012687,149.31953520226918,150.49974060058594,57808700
2021-09-07,151.1532776856572,153.3868712092461,150.58756059759483,152.83091735839844,82278300
2021-09-08,153.113733911437,153.17225378958634,150.18762094012845,151.289794921875,74420200
2021-09-09,151.66046161317462,152.26518694823613,150.15838174591684,150.2754364013672,57305700
2021-09-10,151.1825274626448,151.65070144497142,145.03768627305047,145.30104064941406,140893200
2021-09-13,146.92017826380882,147.69071501388157,145.08647552487224,145.8667755126953,102404300
2021-09-14,146.6470734676716,147.34934195867896,143.29179398463287,144.47198486328125,109296300
2021-09-15,144.9011324843855,145.75946384011283,142.76506733146184,145.35955810546875,83281300
2021-09-16,144.78411725815147,145.30106285331667,143.59416308886955,145.12548828125,68034100
2021-09-17,145.15472586644688,145.15472586644688,142.17007797103764,142.4626922607422,129868800
2021-09-20,140.2583908056045,141.27277037212733,137.79070269716544,139.41957092285156,123478900
2021-09-21,140.3851770808151,141.03868891632874,139.26350609481372,139.89749145507812,75834000
2021-09-22,140.89234513594866,142.82357564689215,140.16081684875996,142.25787353515625,76404300
2021-09-23,143.03815533417017,143.45757261545157,142.05303595354863,143.21372985839844,64838200
2021-09-24,142.07256662788618,143.83798604484667,141.97502355876833,143.30152893066406,53477900
2021-09-27,141.88726170941032,142.36519899589,140.27790504587242,141.7897186279297,74150700
2021-09-28,139.72189529724798,141.18495179250712,138.20031892345534,138.41490173339844,108972300
2021-09-29,138.96112166840754,140.89235227723765,138.53195600356045,139.312255859375,74602000
2021-09-30,140.12180436567434,140.8240726910163,137.80041657451724,138.01499938964844,89056700
2021-10-01,138.40512951469634,139.40001203413104,135.68385115865894,139.13665771484375,94639600
2021-10-04,138.26860229461653,138.7075311976416,134.86456666800945,135.713134765625,98322000
2021-10-05,136.05454682483122,138.73681787676418,135.9277437943665,137.6346435546875,80861100
2021-10-06,136.0350430050937,138.64903107214994,134.962128569818,138.5027313232422,83221100
2021-10-07,139.53657886179528,140.66801284222436,139.2049562794912,139.7609100341797,61732700
2021-10-08,140.48271316225515,140.62901288949595,139.04891630336158,139.3805389404297,58773200
2021-10-11,138.7660308387561,141.24346653207863,138.3173536480232,139.292724609375,64452200
2021-10-12,139.70238912610083,139.72190071402855,137.56632417893402,138.02474975585938,73035900
2021-10-13,137.7614036307742,137.91745167770748,135.7716384818284,137.4395294189453,78762700
2021-10-14,138.6099736345154,140.33638447460456,138.02474508035556,140.21932983398438,69907100
2021-10-15,140.22906604666062,141.331224945668,139.97546011000426,141.272705078125,67940300
2021-10-18,139.91698682828363,143.22349439217342,139.63413574665708,142.94064331054688,85589200
2021-10-19,143.38929207620686,145.4960971069184,142.94062972963636,145.09619140625,76378900
2021-10-20,145.03767215675973,146.06181473584434,144.4719551618084,145.58387756347656,58418800
2021-10-21,145.14498028007083,145.95454013073487,144.2281290062348,145.79847717285156,61421000
2021-10-22,146.0033099939033,146.481232332848,144.97916730862042,145.02793884277344,58883400
2021-10-25,145.0181647887637,145.69117321411855,143.98427382696465,144.97915649414062,50720600
2021-10-26,145.65218915043056,147.1249943659197,145.34006320959406,145.64244079589844,60893400
2021-10-27,145.68139374679356,146.04227620616098,144.83282585239843,145.1839599609375,56094900
2021-10-28,146.13006241630714,149.3975457116094,146.0325193817702,148.8123321533203,100077900
2021-10-29,143.59415144162946,146.24716233667445,142.8041031388741,146.11061096191406,124953200
2021-11-01,145.3205654883688,146.01307072992742,144.1598713388164,145.2913055419922,74588300
2021-11-02,144.99868985144568,147.8370236875447,144.98892661408803,146.3251953125,69122000
2021-11-03,146.6860731609645,148.2271614322934,146.13011931995035,147.7589874267578,54511500
2021-11-04,147.84677558220335,148.6758322133497,146.92992422765454,147.24205017089844,60394600
2021-11-05,148.36537673506885,148.66818076925497,146.5778402798623,147.76953125,65463900
2021-11-08,147.89649723038997,148.0527879681065,146.67550378830177,146.94900512695312,55020900
2021-11-09,146.71454897260128,147.91600218212633,146.57779832196186,147.31039428710938,56787900
2021-11-10,146.5387319232798,146.64617992683026,144.4190894029692,144.48745727539062,65187100
2021-11-11,145.5033467129879,145.96242651484354,144.25303577054234,144.43862915039062,41000000
2021-11-12,144.9856178095641,146.90990439693277,144.05766590459464,146.50942993164062,63804000
2021-11-15,146.88058950641502,148.35555879375588,145.96240025846288,146.51918029785156,59222800
2021-11-16,146.46058703081326,147.97462166575806,145.87450429964008,147.49598693847656,59256200
2021-11-17,147.4960135184774,151.40319268452978,147.48625093625634,149.92823791503906,88807000
2021-11-18,150.1431040324191,154.98799688592075,149.4984160214015,154.20655822753906,137827700
2021-11-19,153.9916731226482,157.28348128204507,152.89766786630707,156.8243865966797,117305600
2021-11-22,157.9281509208038,161.8548695638248,157.26393771700205,157.28347778320312,117467900
2021-11-23,157.3811346832133,158.0453627342285,155.36894027506222,157.66441345214844,96041900
2021-11-24,157.0197711747025,158.37751541168896,155.9355283016625,158.18215942382812,69463600
2021-11-26,155.8671359816053,156.72670517440085,152.7316184657377,153.17117309570312,76959800
2021-11-29,155.67173929364688,157.4495124904144,155.1051966783485,156.5215606689453,88748200
2021-11-30,156.27737994661885,161.67905311784355,156.20899716750552,161.4641571044922,174048100
2021-12-01,163.59354652559932,166.3481143018466,160.7120055934647,160.94644165039062,152052500
2021-12-02,155.0563862894109,160.38967666927002,154.13819694441963,159.9598846435547,136739200
2021-12-03,160.21386222018816,161.13205157338396,156.01364225594332,158.08444213867188,118023100
2021-12-06,160.47759138079394,163.98429560873123,160.4678287996897,161.48370361328125,107497000
2021-12-07,165.15641265166715,167.59839885439817,164.43357936996645,167.20767211914062,120405400
2021-12-08,168.13567063026588,171.87679598965886,166.7388465074218,171.0172119140625,116998900
2021-12-09,170.85116144440897,172.6484600825667,169.8841293433167,170.50927734375,108923700
2021-12-10,171.14419733842757,175.46162790674452,170.63625994665398,175.28579711914062,115402700
2021-12-13,176.91705651666257,177.90362873179458,171.45677755961725,171.6619110107422,153237000
2021-12-14,171.1832561903654,173.6154801461527,168.21380712036787,170.28460693359375,139380400
2021-12-15,171.04649539113694,175.33462289814014,168.31146765189683,175.13926696777344,131063300
2021-12-16,175.11973661793166,176.9365751900634,166.78767978084602,168.26263427734375,150185800
2021-12-17,165.98671202152144,169.44457351876034,165.75229083845704,167.16864013671875,195432700
2021-12-20,164.37503870070495,166.62166987129504,163.57407466179947,165.81092834472656,107499100
2021-12-21,167.5789142050935,169.18085708761444,165.19553249835857,168.97573852539062,91185900
2021-12-22,169.02455200604697,171.7791202742142,168.15520530032774,171.56422424316406,92135300
2021-12-23,171.76934702247985,172.74614168304623,171.2028043307869,172.18936157226562,68356600
2021-12-27,172.9805506410723,176.23327841950962,172.96102548062714,176.14537048339844,74919600
2021-12-28,175.97935346537145,177.1222015844957,174.38717318344425,175.12953186035156,79144300
2021-12-29,175.16859502828655,176.4384311169709,174.00620695259946,175.21743774414062,62348900
2021-12-30,175.30535282655248,176.379833000267,173.95737131856603,174.0648193359375,59773000
2021-12-31,173.9573701608435,175.07091555859822,173.14662874511,173.44944763183594,64062300
2022-01-03,173.70341256103026,178.6362290402615,173.58620196027948,177.78640747070312,104487900
2022-01-04,178.3920304132724,178.69483440178558,174.9634712930882,175.53001403808594,99310400
2022-01-05,175.4420853705736,175.9890879826122,170.587414831676,170.8609161376953,94537600
2022-01-06,168.69248149767625,171.23215427857738,167.6570812562145,168.00872802734375,96904000
2022-01-07,168.8780217142409,170.09901499255682,167.06118311991872,168.1747283935547,86709100
2022-01-10,165.1564129469489,168.4970482896935,164.26752639043735,168.19424438476562,106765600
2022-01-11,168.32126400156088,171.1148824378415,166.85607200254188,171.0172119140625,76138300
2022-01-12,172.03309245435602,173.06849253983535,170.76327115991117,171.456787109375,74805200
2022-01-13,171.7009330010287,172.52143678948505,167.80351764880953,168.19424438476562,84505800
2022-01-14,167.36399798657283,169.74737940608347,167.11979931497876,169.05386352539062,80440800
2022-01-18,167.53003637041928,168.53613361538314,165.47877665458643,165.85972595214844,90956700
2022-01-19,166.05509393247632,167.1100339648471,162.08930995625335,162.37257385253906,94815000
2022-01-20,163.10517370877471,165.74251639966073,160.3701455866801,160.69248962402344,91420500
2022-01-21,160.60457194151562,162.470253269675,158.5337720868401,158.64122009277344,122848900
2022-01-24,156.30669005524535,158.53378075020058,151.11013516388041,157.8695526123047,162294600
2022-01-25,155.2907812885663,158.98306320756222,153.37627246633923,156.0722198486328,115798400
2022-01-26,159.70591419723806,160.575260779249,154.15772812433738,155.9843292236328,108275300
2022-01-27,158.68028043462846,160.03802433796415,154.60704872462142,155.52523803710938,121954600
2022-01-28,161.86465470605705,166.39698147337538,159.0221785798324,166.37744140625,179935700
2022-01-31,166.21138037947398,170.93906288440527,165.576454917367,170.7241668701172,115541600
2022-02-01,169.9720531603827,170.7827946109015,168.3115050264779,170.55813598632812,86213900
2022-02-02,170.69486467196293,171.79864739328102,169.30781806090394,171.7595672607422,84914300
2022-02-03,170.4311395793071,172.15030783567607,168.125903430298,168.88780212402344,89418100
2022-02-04,167.9097269846018,170.27659447810953,166.9316879925936,168.60414123535156,82465400
2022-02-07,169.0638570704662,170.1299162190593,167.19579861278513,167.8902130126953,77251200
2022-02-08,167.9586729996618,171.499185164809,167.66525824555538,170.9906005859375,74829200
2022-02-09,172.18377712176584,172.77059159545334,171.05902326407136,172.40872192382812,71285000
2022-02-10,170.31571564595043,171.62628436106874,167.78259814649985,168.34007263183594,90865900
2022-02-11,168.54550592037077,169.2790353586412,164.34970917619486,164.93653869628906,98670700
2022-02-14,163.69438566255786,165.85585845870224,162.90217644579033,165.17123413085938,86185500
2022-02-15,167.21538330696293,169.15189697697923,166.5111938044669,168.9954071044922,62527400
2022-02-16,168.07601104878276,169.5332796330186,166.31553783336227,168.76063537597656,61177400
2022-02-17,167.27401205002488,168.13469116142224,164.77023455180458,165.17123413085938,69589300
2022-02-18,166.09060878011084,166.7947832093295,162.54032203615824,163.62594604492188,82772700
2022-02-22,161.35690506054718,163.02935867994262,158.58905229899906,160.71141052246094,91162800
2022-02-23,161.90460945584556,162.50121399005073,156.24176881453315,156.55474853515625,90009200
2022-02-24,149.2291965620497,159.27366155009665,148.66193213542687,159.16607666015625,141147500
2022-02-25,160.24192254485857,161.4938113988268,157.3371452242796,161.22975158691406,91974200
2022-02-28,159.47907699118204,161.7872502076219,158.8629074909049,161.49383544921875,95056600
2022-03-01,161.08302534266187,162.94130845487337,158.4129829679633,159.615966796875,83474400
2022-03-02,160.77986315221446,163.68464076398826,159.37148431939156,162.90220642089844,79724800
2022-03-03,164.77025023720336,165.20058983386846,161.91437782369874,162.57943725585938,76678400
2022-03-04,160.87762742530813,161.91434629337496,158.54011500197396,159.58660888671875,83737200
2022-03-07,159.7724409102269,161.39598912291174,155.5473055505203,155.80160522460938,96418800
2022-03-08,155.33216629168248,159.30300237550088,152.37848423515257,153.9824676513672,131148300
2022-03-09,157.9337716080875,159.82139509337992,155.90923815043413,159.37149047851562,91454900
2022-03-10,156.68185579600046,156.86768560681452,152.55452973284972,155.03875732421875,105342000
2022-03-11,155.43974670100266,155.78206635482195,151.1070406596988,151.3319854736328,96970100
2022-03-14,148.1240148231261,150.73537736075448,146.80367102699051,147.31224060058594,108732100
2022-03-15,147.58608092484786,152.15353624322603,147.07751138372214,151.68406677246094,92964300
2022-03-16,153.60105321090987,156.48626575095446,151.06793536575267,156.08526611328125,102300200
2022-03-17,155.12678288189394,157.4642957434988,154.16830873861088,157.09263610839844,75615400
2022-03-18,156.98504839102176,160.86786475806085,156.25151907619613,160.37884521484375,123511700
2022-03-21,159.9191797677464,162.69682236043158,159.4301601813594,161.7481231689453,95811400
2022-03-22,161.875287086074,165.69942451775893,161.28847243159635,165.11260986328125,81532000
2022-03-23,164.30078278901993,168.84865833026834,163.9682381752626,166.47203063964844,98062700
2022-03-24,167.30337650948087,170.31573891650316,166.4720521767643,170.24728393554688,90131400
2022-03-25,170.06147670026667,171.4307257382337,168.95628752581777,170.88302612304688,80546200
2022-03-28,168.38900077447545,171.87081780430975,168.22273590773543,171.74368286132812,90371900
2022-03-29,172.80976906031557,175.07881251217484,172.467449330379,175.02992248535156,100589400
2022-03-30,174.628881866762,175.66560091058673,172.8195035873902,173.8660125732422,92633200
2022-03-31,173.9344990439243,174.12032889178556,170.57004158960083,170.7754364013672,103049300
2022-04-01,170.20814487239906,171.0394840841696,168.16404671715162,170.48199462890625,78751300
2022-04-04,170.73630961524591,174.57022147286082,170.60915974417932,174.5213165283203,76468400
2022-04-05,173.60197924086432,174.38441368133695,170.58961634544698,171.21556091308594,73401800
2022-04-06,168.57483234577828,169.81694627331598,166.3938091700385,168.0564727783203,89058800
2022-04-07,167.40120586506256,169.5528892849942,166.11997680279987,168.35968017578125,77594700
2022-04-08,168.0075484323814,168.0075484323814,165.48420586824818,166.3546600341797,76575500
2022-04-11,165.00495667225465,165.31792137375717,161.8654450981865,162.10995483398438,72246700
2022-04-12,164.33013728303388,166.13950070260202,162.9804385205217,163.97804260253906,79265200
2022-04-13,163.7139749230824,167.28381189911025,163.10759541750994,166.65786743164062,70618900
2022-04-14,166.87299876701744,167.50873303070674,161.41553970406295,161.66004943847656,75329400
2022-04-18,160.32017704396847,162.94132974863555,159.977872292766,161.44493103027344,69023900
2022-04-19,161.39600166868107,164.13451388243473,160.31037777023087,163.72372436523438,67723800
2022-04-20,165.0538477396104,165.17122256165572,162.45227547603122,163.5574493408203,67929800
2022-04-21,165.2005659371102,167.7630232618858,162.2664490283051,162.76524353027344,87227800
2022-04-22,162.80440987833427,164.18343379206294,157.95332893712188,158.23695373535156,84882400
2022-04-25,157.5816959947762,159.58667965590095,154.9801226542558,159.3030548095703,96046400
2022-04-26,158.6868628689345,158.7748828167284,153.2783071958642,153.35655212402344,95623200
2022-04-27,152.48606720314393,156.28084845296394,151.96770771639416,153.13157653808594,88063200
2022-04-28,155.75270471921226,160.90697422827097,155.43972508795935,160.04629516601562,130216800
2022-04-29,158.2858683064252,162.55012002443183,153.7966717400247,154.18788146972656,131747600
2022-05-02,153.26855492396695,154.7551640085493,149.9040971322451,154.49110412597656,123055300
2022-05-03,154.67688255687574,157.18067526746918,152.88708408047324,155.97767639160156,88966500
2022-05-04,156.1635144371754,162.82395888042848,155.76251479077115,162.3740692138672,108256500
2022-05-05,160.25169689963175,160.47664169209344,151.54714080304078,153.32717895507812,130525300
2022-05-06,152.8080631040653,156.16767394547392,151.0156200226824,154.052001953125,116124600
2022-05-09,151.7502087551316,152.63174611813972,148.38082388612466,148.93911743164062,131577900
2022-05-10,152.328132388233,153.52309446613708,149.79127784510368,151.33885192871094,115366700
2022-05-11,150.3495886480442,152.25956414663153,142.81741468212965,143.49325561523438,142689800
2022-05-12,139.8398213340432,143.19941752795359,135.95129962230052,139.63412475585938,182602000
2022-05-13,141.6224448185645,145.06041547307086,140.17282438448345,144.09072875976562,113990900
2022-05-16,142.56276758428663,144.4923369438145,141.22087499257742,142.55296325683594,86643800
2022-05-17,145.80479629477273,146.6961230315545,143.66953086740642,146.177001953125,78336300
2022-05-18,143.8360642275501,144.33559163369299,137.02869370903522,137.92982482910156,109742900
2022-05-19,137.0091561140078,138.7526228149115,133.79647489353653,134.5310821533203,136095600
2022-05-20,136.23535828446418,137.81231576353846,129.88835589129073,134.76614379882812,137426100
2022-05-23,134.9620011760451,140.31973647724712,134.82487512400195,140.17282104492188,117726300
2022-05-24,137.92000924521287,139.0562049598391,134.51143704695141,137.479248046875,104132700
2022-05-25,135.5888849437953,138.87992561613757,135.50073567160547,137.63600158691406,92482700
2022-05-26,134.5702485880299,141.37760590054086,134.32537951243148,140.8291015625,90601500
2022-05-27,142.4060433122878,146.6079896103765,142.27870662441157,146.56881713867188,90978500
2022-05-31,146.01050754614022,147.5678709384086,143.82626511004062,145.78521728515625,103718400
2022-06-01,146.8234927200187,148.625740486996,144.64905411869742,145.65792846679688,74286600
2022-06-02,144.79597858853165,148.16537934399943,143.84588541228797,148.1066131591797,72348100
2022-06-03,143.8850177275583,144.93306421639832,141.49510885340763,142.39622497558594,88570300
2022-06-06,144.01238876362018,145.5207905259265,141.9260996131152,143.14065551757812,71598400
2022-06-07,141.3874111623379,145.94197002029273,141.14254208512267,145.65792846679688,67808200
2022-06-08,145.5305491597089,146.79406665216868,144.43354079753493,144.92327880859375,53950200
2022-06-09,144.06135517233236,144.91349464755012,139.60473566244548,139.7124786376953,69473000
2022-06-10,137.40092646925825,137.87107088214006,134.24701176433422,134.31558227539062,91437900
2022-06-13,130.1429810735186,132.4251621177248,128.74233746263164,129.17330932617188,122207100
2022-06-14,130.39766413988795,131.1420606306549,128.7815195311164,130.03524780273438,84784300
2022-06-15,131.5338494146611,134.52125474775525,129.4475753177957,132.65045166015625,91533000
2022-06-16,129.36920136755154,129.67283655853572,126.39158573948599,127.39065551757812,108123900
2022-06-17,127.40045357119396,130.3486710219844,127.14578023984714,128.85986328125,134520300
2022-06-21,130.68169231513036,134.2469845261448,130.58375367786297,133.08140563964844,81000500
2022-06-22,132.0235937967665,134.93263938077834,131.16166488175563,132.57211303710938,73409200
2022-06-23,134.0119372202921,135.74559928638683,132.84635818263115,135.4321746826172,72433800
2022-06-24,137.0287064173905,138.99746302987265,136.90138468183136,138.75259399414062,89116800
2022-06-27,139.7712426067131,140.5450371291734,138.0767530642211,138.75259399414062,70207900
2022-06-28,139.21294709984699,140.47646473111445,134.50166930718802,134.61920166015625,67083400
2022-06-29,134.63878986432783,137.78289974267364,133.8649953839291,136.37245178222656,66242400
2022-06-30,134.4330767564404,135.53008505921423,131.02450456880948,133.91395568847656,98964500
2022-07-01,133.24794276909347,136.1863715256026,132.87575195629162,136.07862854003906,71051600
2022-07-05,134.94243962271915,138.70362462604172,134.11966825992553,138.65464782714844,73353800
2022-07-06,138.44894003031942,141.16207781793045,138.18447732277275,139.98670959472656,74064300
2022-07-07,140.3491044689141,143.5422056804672,140.33931508968487,143.3463134765625,66253700
2022-07-08,142.27870461467543,144.5217134378149,142.02404618814074,144.0221710205078,64547800
2022-07-11,142.6802818681296,143.63037488194183,140.82907263468897,141.89669799804688,63141600
2022-07-12,142.76844044820817,145.40323372369386,142.07302074051665,142.86639404296875,77588800
2022-07-13,140.0552923046931,143.44427122627144,139.2031379384123,142.5039825439453,71185600
2022-07-14,141.12292146669557,145.8929653987599,140.30995449187216,145.42282104492188,78140700
2022-07-15,146.7059412883577,147.76377735798872,145.1583671279135,147.0879364013672,76259900
2022-07-18,147.64626627696484,148.45923341835072,143.68917356336667,144.0515899658203,81420900
2022-07-19,144.88409097349603,148.1261542059037,143.89482557447934,147.90087890625,82982400
2022-07-20,148.01845513052425,150.56509951384282,147.2838478982926,149.8990478515625,64823400
2022-07-21,151.3290755894941,152.37712231601844,148.82161886422966,152.16163635253906,65086600
2022-07-22,152.20079694797485,153.07253011561605,150.2614383736218,150.92747497558594,66675400
2022-07-25,150.84910958984113,151.85796878260385,149.15462011252404,149.8108673095703,53623900
2022-07-26,149.13504463438227,149.94801169458665,147.70501771546552,148.4886016845703,55138700
2022-07-27,149.44851051465318,154.10102340248645,149.03713222120385,153.5720977783203,78620700
2022-07-28,153.75817384315252,154.40463173955777,151.2409277129022,154.12059020996094,81378700
2022-07-29,157.93074338059327,160.27169083424704,156.22644946059978,159.17466735839844,101786900
2022-08-01,157.70546755749734,160.2325181068246,157.58793518866128,158.19520568847656,67829400
2022-08-02,156.81413161603723,159.07671904499605,156.35377664743476,156.72596740722656,59907000
2022-08-03,157.53893055181024,163.1709180629882,157.45078129075776,162.72036743164062,82507500
2022-08-04,162.6028441618955,163.7586338892835,161.05526991931026,162.40695190429688,55474100
2022-08-05,160.0823608155598,162.67176904705062,159.87637852795464,162.1813507080078,56697000
2022-08-08,163.18178041324063,164.59418751238474,161.0533667864172,161.7105255126953,60276900
2022-08-09,160.8768354992681,162.6423445061743,160.1215870695177,161.75958251953125,63135500
2022-08-10,164.4667081851827,166.0949008724902,163.70165667502752,165.996826171875,70170500
2022-08-11,166.8010905635419,167.71327649760102,164.9669306824805,165.2611846923828,57149200
2022-08-12,166.56571053244468,168.87066800455992,166.15374591104305,168.80201721191406,68039400
2022-08-15,168.2331437531316,170.06730390664768,168.06640328157403,169.8711395263672,54091700
2022-08-16,169.46896318920653,170.38114909928223,168.3704308785935,169.71417236328125,56377100
2022-08-17,169.45915949271176,172.7743773350279,169.26299514755854,171.20504760742188,79542000
2022-08-18,170.42036968678258,171.54832585930868,169.80243780169835,170.8126983642578,62290100
2022-08-19,169.7141510996703,170.41055165199725,168.02711099609633,168.23309326171875,70346300
2022-08-22,166.43814850327874,166.60488891273792,163.93701242863682,164.35877990722656,69026800
2022-08-23,163.87817957003261,165.4769480040651,163.4564120530002,164.02529907226562,54147100
2022-08-24,164.11359750144874,164.88845187937156,163.06409508904346,164.31956481933594,53841500
2022-08-25,165.54560642521002,166.8795448504242,165.12385385508654,166.7716522216797,51218200
2022-08-26,167.30132415112922,167.77212157949262,160.42564926256463,160.4844970703125,78961000
2022-08-29,158.06182659509352,159.7782908024648,156.7573269679059,158.2874298095703,73314000
2022-08-30,159.02305667853338,159.44480926961938,154.6975633016655,155.86476135253906,77906200
2022-08-31,157.23791969354875,157.50274977749038,154.12866933419335,154.20713806152344,87991100
2022-09-01,153.63825654168207,155.38414463005734,151.70600708998924,154.93296813964844,74229900
2022-09-02,156.6886721974106,157.2869832188541,152.00027368828214,152.8241729736328,76957800
2022-09-06,153.47150522336744,154.07961913097643,150.74478065092995,151.5686798095703,73714800
2022-09-07,151.85312983190147,153.6676685648947,150.66631095885003,152.97128295898438,87449600
2022-09-08,151.67660447799875,153.36364499716552,149.75415773532657,151.50006103515625,84923800
2022-09-09,152.49066452851048,154.79563648166842,151.7844609924952,154.354248046875,68028800
2022-09-12,156.53173198406338,161.11223777090294,156.24729591423596,160.2981414794922,104956000
2022-09-13,156.8357585865151,157.46349338077283,150.43089710301157,150.8918914794922,122656600
2022-09-14,151.82370097735972,154.08944624806267,150.66632089509483,152.333740234375,87965400
2022-09-15,151.6863795720259,152.26508456095567,148.47905455230304,149.4500732421875,90481100
2022-09-16,148.31229368839013,148.4496101996778,145.52670665510445,147.8120574951172,162278800
2022-09-19,146.448684995869,151.59807625432504,146.24271772670144,151.5196075439453,81474200
2022-09-20,150.46036632402453,155.050690549917,150.14650631554355,153.89329528808594,107689800
2022-09-21,154.32483969180942,155.69802002410492,150.6565200858437,150.7742156982422,101696800
2022-09-22,149.4599017279835,151.50984684718208,148.0180705759549,149.81300354003906,86652500
2022-09-23,148.2926712627535,148.56730428254153,145.71306650576898,147.54722595214844,96029900
2022-09-26,146.79199294144382,150.82323152103234,146.77237202102398,147.88072204589844,93339400
2022-09-27,149.81299153282302,151.75504386028683,147.0764489671257,148.8517608642578,84442700
2022-09-28,144.81068405296207,147.75319322361267,142.06433916707977,146.96852111816406,146691400
2022-09-29,143.30027345445623,143.9083875278427,137.98412442041132,139.7496337890625,128138200
2022-09-30,138.5725835278908,140.35771319334796,135.35544091221504,135.55160522460938,124925300
2022-10-03,135.56144631438175,140.32831325471835,135.05140704196927,139.72018432617188,114311700
2022-10-04,142.2507447443845,143.41794280659562,141.49549629829846,143.3002471923828,87830100
2022-10-05,141.30910110462898,144.5556670509387,140.26940199469098,143.5944366455078,79471000
2022-10-06,143.0157891213956,144.71263233032042,142.43709909152813,142.64306640625,68402200
2022-10-07,139.80844218113944,140.35772324812106,136.7776606833551,137.4053955078125,85925600
2022-10-10,137.72906494140625,139.17089585032406,135.91452632499212,137.72906494140625,74899000
2022-10-11,137.21903351996755,138.64125855443186,135.57123522583825,136.31666564941406,77033700
2022-10-12,136.4638036366148,137.67022848780448,135.51239091855444,135.68893432617188,70433700
2022-10-13,132.4031824941024,140.8383711075261,131.79505342070354,140.2498779296875,113224000
2022-10-14,141.5445499741852,141.75053227831364,135.5418338120233,135.7281951904297,88598000
2022-10-17,138.36668177725832,140.16160030391146,137.58200918963306,139.68099975585938,85250900
2022-10-18,142.70196183745628,143.88876607092178,137.91547311478982,140.99530029296875,99136600
2022-10-19,138.97476591255997,142.1722884311379,138.78840452952474,141.10317993164062,61758300
2022-10-20,140.2792613677454,143.09425775385319,139.91634163141597,140.6421661376953,64522000
2022-10-21,140.13215438788754,145.01673262152644,139.91636908601356,144.44784545898438,86548600
2022-10-24,144.36937374781388,147.35111109163424,143.20217553886908,146.5860595703125,75981900
2022-10-25,147.21377179556336,149.56778877679034,146.4977652190575,149.420654296875,74732300
2022-10-26,148.06710843299678,149.07736899312695,145.20305222207165,146.4879608154297,88194300
2022-10-27,145.23248644302674,146.1937021462339,141.36798774070627,142.025146484375,109180200
2022-10-28,145.36002058759684,154.48180643716302,144.98731275555542,152.7555389404297,164762400
2022-10-31,150.22494584357278,151.28425122815005,149.00870300208484,150.4014892578125,97943200
2022-11-01,152.10816072803473,152.47106552613408,146.27218522217615,147.76304626464844,80379300
2022-11-02,146.0956414814595,149.2539372421044,142.22133903213634,142.25076293945312,93604600
2022-11-03,139.33766635298934,140.0634909361085,136.09109910411752,136.21861267089844,97918500
2022-11-04,139.59827074317496,140.16810151754257,132.0234836201314,135.95333862304688,140814800
2022-11-07,134.70559929239224,136.70981865595215,133.29084915754692,136.48385620117188,83374600
2022-11-08,137.94772594743225,138.94982808586678,135.07893386231837,137.05368041992188,89908500
2022-11-09,136.07121539704306,136.12034157773797,132.22977893126608,132.50486755371094,74917800
2022-11-10,138.7631880310501,144.29444885253906,137.0536956773793,144.29444885253906,118854000
2022-11-11,143.26287971945007,147.3793904835366,141.83829520447486,147.0748291015625,93979700
2022-11-14,146.35765103704608,147.64467637079764,144.8446482085248,145.67974853515625,73374100
2022-11-15,149.55060713210176,150.89657743758315,145.95478683657723,147.40882873535156,89868300
2022-11-16,146.51481993344615,147.24183349471545,144.70707528826344,146.18077087402344,64218300
2022-11-17,143.8621718356149,148.8236171893066,143.5870831617381,148.0769500732422,80389400
2022-11-18,149.63903422199823,150.022194440957,147.3400729082456,148.6369171142578,74829600
2022-11-21,147.52678083863384,147.73308985978306,145.12956655626695,145.4144744873047,58724100
2022-11-22,145.5323481888436,147.7821833963105,144.353379792247,147.54638671875,51804100
2022-11-23,146.8292506907543,149.16751994949988,146.72117904456323,148.4208526611328,58301400
2022-11-25,145.70918504900035,146.2691965387926,144.5400508786952,145.5126953125,35195900
2022-11-28,142.59478278627932,144.06847835661756,140.86565204725017,141.69091796875,69246000
2022-11-29,141.75967888062996,142.2705641956943,137.88878454429147,138.69439697265625,83763800
2022-11-30,138.92038744793726,146.1120302873751,138.08530213977906,145.4341278076172,111380900
2022-12-01,145.61099111367253,146.51485616417156,144.03904277032873,145.709228515625,71250400
2022-12-02,143.40040769964443,145.4046270438478,143.09583136119605,145.21795654296875,65447400
2022-12-05,145.17867816271277,148.27343309869434,143.21375058654476,144.0586700439453,68826400
2022-12-06,144.49098440956536,144.7169469269184,139.43128592921317,140.4039306640625,64727200
2022-12-07,139.69653991914743,140.85584008868295,137.5449416476374,138.4684600830078,69721100
2022-12-08,139.86352962985669,141.00319109284194,138.62563079391435,140.1484375,62128300
2022-12-09,139.8439200617972,143.01728952780834,138.42916952445157,139.66708374023438,76097000
2022-12-12,140.19757351667832,141.96601125722427,138.58633357333804,141.95619201660156,70462700
2022-12-13,146.87834983755218,147.34010905974955,141.71059523341404,142.9190216064453,93886200
2022-12-14,142.8011107216781,144.0881358235322,138.68458524913544,140.69863891601562,82291200
2022-12-15,138.63543512859985,139.31333739130548,133.64451838807022,134.1062774658203,98931900
2022-12-16,134.29296269794702,135.23611943482993,131.38486361161162,132.15118408203125,160156900
2022-12-19,132.74070852472047,132.829126684755,129.01717664823065,130.0487518310547,79592600
2022-12-20,129.08587408244605,130.91325672721703,127.6121788847663,129.97991943359375,77432800
2022-12-21,130.64802045895354,134.41085828161889,130.42205800232537,133.07470703125,85928000
2022-12-22,131.99396544061912,132.20027436213158,128.0149856225145,129.9111328125,77852100
2022-12-23,128.62415014924704,130.0978457490201,127.3665977700706,129.54766845703125,63814900
2022-12-27,129.07609558176017,129.1055682957193,126.46273834186272,127.74976348876953,69007800
2022-12-28,127.39606774936588,128.73221899747332,123.66271014073895,123.82972717285156,85438400
2022-12-29,125.74553370652504,128.19186635387044,125.49009852746012,127.33712768554688,75703700
2022-12-30,126.15817798931155,127.67116561919678,125.19536018378078,127.6515121459961,77034200
2023-01-03,127.99536673400503,128.60448941700523,121.9925130634904,122.8767318725586,112117500
2023-01-04,124.66484683178275,126.40381217640663,122.88658952629491,124.1441421508789,89113600
2023-01-05,124.90061292758642,125.52938912334946,122.57217865426507,122.8276138305664,80962700
2023-01-06,123.80025205121024,128.0051879622661,122.69989001665523,127.34693908691406,87754700
2023-01-09,128.1820484933381,131.07049435820306,127.61221771125115,127.8676528930664,70790800
2023-01-10,127.9757103650532,128.958174020526,125.87323874198964,128.43746948242188,63896200
2023-01-11,128.94836939344688,131.1687321095965,128.17222961380043,131.1490936279297,69458900
2023-01-12,131.53223946571177,131.90556546211644,129.1350257391296,131.0704803466797,71379600
2023-01-13,129.71469801537842,132.55401787873402,129.35119119619432,132.39682006835938,57809700
2023-01-17,132.4656016206527,134.88245427698436,131.77787992946924,133.55613708496094,63646600
2023-01-18,134.4206645548957,136.17926764063154,132.66204647795638,132.83889770507812,69672800
2023-01-19,131.72873868777404,133.86068318245066,131.4241773301355,132.8978729248047,58280400
2023-01-20,132.90769302903612,135.59964906296133,131.86628386729487,135.4522705078125,80223600
2023-01-23,135.6978953680963,140.80671912517695,135.4817521326256,138.63546752929688,81760300
2023-01-24,137.84947751147084,140.64950501564115,137.83965827143598,140.03054809570312,66435100
2023-01-25,138.41932337339787,139.93231102042415,136.37579688239575,139.372314453125,65799300
2023-01-26,140.6593159193217,141.72037843724186,139.4115829133593,141.4354705810547,54105100
2023-01-27,140.6495420845882,144.64816254873466,140.57094316997566,143.37095642089844,70555800
2023-01-30,142.41794502488958,142.9975950119405,140.34494601130174,140.4923095703125,64015300
2023-01-31,140.19757555057984,141.80881551729502,139.78494257033407,141.7596893310547,65874500
2023-02-01,141.44529588395375,144.0389993752098,138.8417731528238,142.8796844482422,77663600
2023-02-02,146.28885767804982,148.52887400177488,145.57166328269082,148.17520141601562,118339000
2023-02-03,145.43410775063012,154.62014981197694,145.23761799882098,151.7906494140625,154357300
2023-02-06,149.8945101165513,150.41521473457135,148.13589150827315,149.06922912597656,69858300
2023-02-07,147.9983592694092,152.5078649107581,147.9983592694092,151.9380340576172,83322600
2023-02-08,151.18150996746658,151.86923151834947,148.5190269025848,149.25587463378906,64120100
2023-02-09,151.0832773681269,151.62363543992853,147.782198500911,148.22430419921875,56007100
2023-02-10,147.0632167115801,148.91305820143486,146.82706002572684,148.58834838867188,57450700
2023-02-13,148.52933886882354,151.78625678187208,148.49982115470684,151.38284301757812,62199000
2023-02-14,149.68058802933567,151.3041375201495,148.44079888424892,150.74327087402344,61707600
2023-02-15,150.6546952720313,153.00636811059493,150.42838780610393,152.83909606933594,65573800
2023-02-16,151.04823617616265,153.8230205391973,150.89081342197775,151.2450408935547,68167900
2023-02-17,149.90689371085574,150.54646418705764,148.43094798353164,150.1036834716797,59144100
2023-02-21,147.79138776370112,148.87375415444836,146.0300988341385,146.09896850585938,58867200
2023-02-22,146.4826667367167,147.5453493019233,144.80009726904348,146.52203369140625,51011300
2023-02-23,147.68308765173802,147.9290785426287,144.87880050403993,147.004150390625,48394200
2023-02-24,144.75092512234477,144.8296440334222,143.38321594733068,144.3573455810547,55469600
2023-02-27,145.3413038601465,146.7778826433076,145.08546365545737,145.5479278564453,44998500
2023-02-28,144.6919149235558,146.6893607214016,144.47544163386908,145.046142578125,50547000
2023-03-01,144.4754113339038,144.86899086128216,142.68458995191014,142.9797821044922,55479000
2023-03-02,142.0646965175798,144.3573339453376,141.59238308918532,143.57015991210938,52238100
2023-03-03,145.66599039801153,148.6867663889097,144.96738452683869,148.60804748535156,70732300
2023-03-06,151.32377696340643,153.79353555974586,150.99908214162087,151.36314392089844,87558000
2023-03-07,151.23522972088062,151.55993956940895,148.7064506179963,149.16891479492188,56182000
2023-03-08,150.35951315538156,151.00893289820618,149.39523278864294,150.41854858398438,47204800
2023-03-09,151.09748364556307,152.06176399701366,147.82088228318355,148.17510986328125,53833600
2023-03-10,147.80122193638456,148.5195113692859,145.24290982690115,146.11863708496094,68572400
2023-03-13,145.43967499711258,150.68420342446277,145.33143838738883,148.05702209472656,84457100
2023-03-14,148.85403055723415,150.94002884188114,147.6929605728649,150.1430206298828,73695900
2023-03-15,148.76548332238644,150.7924462663543,147.51584514285557,150.53662109375,77167900
2023-03-16,149.71994010489203,153.9509875803486,149.20827470890512,153.35076904296875,76161100
2023-03-17,153.57707174404283,154.22649145558808,151.80593390078133,152.51438903808594,98944600
2023-03-20,152.58327776546486,155.28917828804447,151.67801783277878,154.8759002685547,73641400
2023-03-21,154.7971931327365,156.84382463636302,154.02968755125636,156.7257537841797,73938300
2023-03-22,156.74542384346483,159.53987720924363,155.27931249330243,155.2989959716797,75701800
2023-03-23,156.28299079055427,158.95937384680835,155.15142327717084,156.38137817382812,67622100
2023-03-24,156.31248202721346,157.76874417421377,155.3186840441415,157.68019104003906,59196500
2023-03-27,157.37518971960662,158.19188156427322,155.33837722493854,155.74180603027344,52390300
2023-03-28,155.43680869937373,155.94847423078335,153.47871475266618,155.12193298339844,45992200
2023-03-29,156.8143056879684,158.46737267599337,156.7946372221569,158.19186401367188,51305700
2023-03-30,158.9396863414281,159.8646148025582,158.68386113447403,159.75637817382812,49501700
2023-03-31,159.8350878653574,162.35403288236776,159.31358823359025,162.25563049316406,68749800
2023-04-03,161.63575413574327,163.62335040456196,161.58655293789977,163.50527954101562,56976200
2023-04-04,163.92838412805693,164.16452584406122,162.4622725801105,162.97393798828125,46278300
2023-04-05,162.09819114468434,162.4032175003463,159.2053353608918,161.13389587402344,51511700
2023-04-06,159.8252353547828,162.31467762112032,159.40213812085784,162.0194854736328,45390100
2023-04-10,158.8314373555464,159.43165588378906,157.51292944566782,159.43165588378906,47716900
2023-04-11,159.74652133194326,159.7563555644006,157.93601661540757,158.22137451171875,47644200
2023-04-12,158.6346273017189,159.46115319792995,157.2177171858746,157.5325927734375,50133100
2023-04-13,159.03807402297244,163.14120127307194,158.83143501847854,162.90504455566406,68445600
2023-04-14,161.95058596716467,163.6528540223282,161.19294470872245,162.56065368652344,49386500
2023-04-17,162.44259843625022,162.73779061232008,161.39959909302152,162.58035278320312,41516200
2023-04-18,163.43641422586148,164.72540456754612,162.99361844758067,163.80047607421875,49923000
2023-04-19,163.14117819260926,165.46333303592274,162.88533803142178,164.94183349609375,47720200
2023-04-20,163.4265370188754,165.17799130758831,162.9050374280842,163.97755432128906,52456400
2023-04-21,162.4032359760057,163.78077935638615,161.85221862385353,162.37371826171875,58337300
2023-04-24,162.35403159020615,162.9444158925364,161.26183114076272,162.67874145507812,41949600
2023-04-25,162.54099521393778,163.6430299514636,161.10440134757968,161.14376831054688,48714100
2023-04-26,160.44512426219072,162.62952495549953,160.18929909610858,161.13389587402344,45498800
2023-04-27,162.5409858833323,165.85693915334915,162.5409858833323,165.7093505859375,64902300
2023-04-28,165.78806481489534,167.12625617335198,165.1878463008649,166.95896911621094,55275900
2023-05-01,166.5654112090663,167.71664719399982,165.93567490070697,166.8704376220703,52472900
2023-05-02,167.3623966257795,167.6182368189597,164.85328597063295,165.83724975585938,48425700
2023-05-03,166.78183794919684,168.17906452442512,164.47936662159927,164.76470947265625,65136000
2023-05-04,162.2458317922294,164.3613484965446,161.67513084087508,163.1313934326172,81235400
2023-05-05,168.23811312336284,171.50487988988195,168.02163990321543,170.78659057617188,113453200
2023-05-08,169.71409550111375,171.0621363032094,169.35003364925416,170.71774291992188,55962800
2023-05-09,170.27494492179522,170.7570775926942,168.84820036158354,169.01547241210938,45326900
2023-05-10,170.24541483030967,171.23921282792068,169.14336520388548,170.77674865722656,53724500
2023-05-11,171.0621017201797,171.7902252766967,169.4090348343318,170.9636993408203,49514700
2023-05-12,171.0720697527437,171.50561502670146,168.4905238476374,170.03749084472656,45533100
2023-05-15,170.6188460048669,170.66811525184778,168.95364468701064,169.5448455810547,37266700
2023-05-16,169.46601779285794,170.5991352991019,169.27880367524853,169.5448455810547,42110300
2023-05-17,169.19011716888295,170.39219951568867,167.91903983890595,170.15573120117188,57951600
2023-05-18,170.46119076780954,172.6683237371227,170.04735615510018,172.48110961914062,65496700
2023-05-19,173.80146880445517,173.80146880445517,172.37275062180032,172.5895233154297,55809500
2023-05-22,171.42679729660153,172.1460951955022,170.9045763773169,171.64356994628906,43570900
2023-05-23,170.58927970470205,170.83561089353927,168.76642289336164,169.0423126220703,50747300
2023-05-24,168.57921320123526,169.8896969643689,168.01758589409968,169.31820678710938,45143500
2023-05-25,169.87983433539839,171.34795850917342,169.17039935195018,170.45132446289062,56058300
2023-05-26,170.77653895289623,173.19058223460047,170.56961408423973,172.85556030273438,54835000
2023-05-30,174.36303708824954,176.36324470022126,173.97876111932047,174.6980438232422,55964400
2023-05-31,174.72764675708407,176.71800704198733,174.16600441023556,174.64881896972656,99625300
2023-06-01,175.09224794448755,177.47673261921489,174.33354349143505,177.44717407226562,68901800
2023-06-02,178.37335293714096,179.11234656032465,176.62932377666553,178.29452514648438,61996900
2023-06-05,179.949884959394,182.2358308287415,175.4272324012079,176.94464111328125,121946500
2023-06-06,177.328904296753,177.4766970018392,174.82617090162998,176.58006286621094,64848400
2023-06-07,175.82133042301987,178.550683874029,174.71777164204613,175.21043395996094,61944600
2023-06-08,175.2892595209165,178.1861165677113,174.85572927872582,177.9200897216797,50214900
2023-06-09,178.83646640490514,179.5557493602978,177.97923856717878,178.3043975830078,48900000
2023-06-12,178.60984190485868,181.19138823156914,178.31424143935143,181.0928497314453,54274900
2023-06-13,180.11737806569877,181.4475575367352,179.76266053311636,180.61988830566406,54929100
2023-06-14,180.67901332162722,181.684048880549,179.34883379218707,181.25050354003906,57462900
2023-06-15,181.26036948430115,183.78279874291368,181.08300318978328,183.2802734375,65433200
2023-06-16,183.98970387223915,184.245897953939,181.56581317602513,182.20626831054688,101256200
2023-06-20,181.70373606119196,183.3689372512462,181.70373606119196,182.294921875,49799100
2023-06-21,182.1865534203878,182.68907870149724,179.91045548906328,181.26036071777344,49515700
2023-06-22,181.04356888160584,184.304991288712,180.97458893469445,184.25572204589844,51245300
2023-06-23,182.82700770116728,184.807505007212,182.29492392440986,183.94041442871094,53117000
2023-06-26,184.08825189117624,185.29034946556595,182.51172604562308,182.5511474609375,48088700
2023-06-27,183.16200290295046,185.62531458599346,182.94523027205378,185.30015563964844,50730800
2023-06-28,185.1721116449177,187.11320300977505,184.84696764032918,186.47274780273438,51216800
2023-06-29,186.30522898461155,187.2807060224463,186.16728410364277,186.8077392578125,46347300
2023-06-30,188.81778728912292,191.62595381515632,188.45320690668942,191.12344360351562,85213200
2023-07-03,190.9362564156046,191.03479491877454,188.94589592351636,189.63563537597656,31458200
2023-07-05,188.75866963191964,190.14796610334872,187.82259909124357,188.52218627929688,46920300
2023-07-06,187.05405664400223,189.20207252866174,186.42344937265386,188.99514770507812,45094300
2023-07-07,188.60102706839623,189.84253092683244,187.4481988352347,187.88172912597656,46815000
2023-07-10,186.48257243692333,187.20187038994513,184.29515010539157,185.8421173095703,59922200
2023-07-11,186.3840531601648,186.52199803845542,183.86162393721375,185.3199005126953,46638100
2023-07-12,186.89638625272656,188.88674640306317,185.7041517573503,186.98507690429688,60750200
2023-07-13,187.7043680387378,188.38424453327508,186.99493300399138,187.7437744140625,41342300
2023-07-14,187.4383302857117,188.37438582770977,186.8471444335954,187.89158630371094,41616200
2023-07-17,189.0838026643331,191.4683016532262,188.99512705028692,191.1431427001953,50520200
2023-07-18,190.5125801606121,191.47819437683242,189.5962201627232,190.88699340820312,48288200
2023-07-19,190.26621270882248,195.3209183853995,189.82280454932882,192.2368621826172,80507300
2023-07-20,192.22698907029056,193.5867419459116,189.67500174607378,190.29576110839844,59581200
2023-07-21,191.25155042374644,192.10877819186132,188.4236580132484,189.1232452392578,71951700
2023-07-24,190.57168949200457,192.04967681854123,189.42870901778204,189.92137145996094,45377800
2023-07-25,190.49285737606127,191.58656857428397,190.08887057427083,190.77859497070312,37283200
2023-07-26,190.82783906853456,192.76892999363082,190.4829844332044,191.64566040039062,47471900
2023-07-27,193.1433729163405,194.30604897209747,189.72429463258098,190.38446044921875,47460200
2023-07-28,191.8131810983056,193.74442436278966,191.29096014596897,192.95616149902344,48291400
2023-07-31,193.18277106210203,193.6064685292723,192.394508242959,193.56704711914062,38824100
2023-08-01,193.3601546102926,193.842954166062,192.41423613585215,192.73939514160156,35175100
2023-08-02,192.17775117305615,192.31569604997566,189.03457754647138,189.7538604736328,50389300
2023-08-03,188.75864081398947,189.54688846599797,187.89155035494787,188.364501953125,61235200
2023-08-04,182.79748597555601,184.63019095429203,179.25031019901363,179.3192901611328,115956800
2023-08-07,179.45719031331873,180.44251500174,174.74733950545405,176.22532653808594,97576100
2023-08-08,177.05300588853657,177.62449604499406,174.97397007455905,177.16139221191406,67823000
2023-08-09,178.21570618554995,178.2748232727554,174.41235154839882,175.57504272460938,60378500
2023-08-10,176.8460961883882,178.09746293161143,174.99369573264087,175.35826110839844,54686900
2023-08-11,174.953720563952,176.23636037713308,174.19399178686675,175.4174346923828,52036700
2023-08-14,175.59506357405235,177.29211207450308,174.9438673937282,177.065185546875,43675600
2023-08-15,176.49289504388423,177.08487915778778,174.68731413890805,175.08197021484375,43622600
2023-08-16,174.766254405872,176.1574269074876,174.14465676238186,174.21372985839844,46964900
2023-08-17,174.7761369036864,175.1411945839284,171.1649745274817,171.67803955078125,66062900
2023-08-18,170.0007213782545,172.76335939467492,169.6652621694116,172.1614990234375,61172200
2023-08-21,172.73380105146174,173.77965356611938,171.42154731254445,173.49351501464844,46311900
2023-08-22,174.69719959083847,175.30892111024494,173.89801113995804,174.86492919921875,42038900
2023-08-23,176.1377232252428,179.12728783194132,175.9502562936072,178.70301818847656,52722800
2023-08-24,178.25900483655056,178.6832744289853,173.66118769058747,174.02626037597656,54945800
2023-08-25,175.0129196769248,176.75928869570708,173.47373983758078,176.22650146484375,51449600
2023-08-28,177.68677460091166,178.1801023209798,176.1673318473753,177.7854461669922,43820700
2023-08-29,177.3019791564373,182.43258442181371,177.10465107991652,181.66299438476562,53003900
2023-08-30,182.47204640358012,185.34321714142652,182.27471834075723,185.1458740234375,60813900
2023-08-31,185.33333184264131,186.59624944883035,184.9781353249528,185.36293029785156,60794500
2023-09-01,186.961330634287,187.38558521498553,185.76747101772168,186.93173217773438,45766500
2023-09-05,185.76746926717502,187.44478036173828,185.10641198511868,187.16851806640625,45280000
2023-09-06,185.88587535630464,186.32988234003622,179.04836051297525,180.46914672851562,81755800
2023-09-07,172.84227669356144,175.83185624974686,171.22416252451072,175.19052124023438,112488800
2023-09-08,175.96997548136457,177.83475336123297,175.4174358773743,175.80223083496094,65551300
2023-09-11,177.6670082534011,177.89393473288615,174.9734287303741,176.9664764404297,58953100
2023-09-12,177.09479044187466,177.72624932161176,172.4871113411862,173.94735717773438,90370200
2023-09-13,174.15456487501547,174.93403118667004,171.65832754990635,171.88526916503906,84267900
2023-09-14,171.67803539320033,173.75001770449512,171.26364194197464,173.3948211669922,60895800
2023-09-15,174.12492983939754,174.14466716160445,171.50043808217407,172.67454528808594,109259500
2023-09-18,174.12492516303394,176.9862345995646,173.81906442528665,175.5950469970703,67257600
2023-09-19,175.15107052586188,177.23291401853146,174.7662755227223,176.68038940429688,51826900
2023-09-20,176.8678428874874,177.3019736755132,173.0593524132158,173.14816284179688,58436200
2023-09-21,172.22071489897561,173.9473619674597,171.53992021743218,171.60897827148438,63149100
2023-09-22,172.33906468788402,174.71690737052137,171.72734327191537,172.45745849609375,56725400
2023-09-25,171.87533847239564,174.60837768157924,171.82600269974301,173.73025512695312,46172700
2023-09-26,172.4871029695211,172.8620217812148,169.3692683155077,169.66526794433594,64588900
2023-09-27,170.31646332448594,170.7308568174817,166.79411110643792,168.1556854248047,66921800
2023-09-28,167.08022534636603,169.7343308371659,165.38317681816312,168.41221618652344,56294400
2023-09-29,169.7244661753788,170.76045735672912,168.06687727418498,168.92527770996094,51861100
2023-10-02,168.9351141150612,171.97401410977108,168.64897565996583,171.4313507080078,52164500
2023-10-03,169.96124934298015,171.31297744317223,168.54047825044546,170.09938049316406,49594600
2023-10-04,168.80686354725646,171.88523853747708,168.68846972057472,171.3425750732422,53020300
2023-10-05,171.47084810780015,173.10869980697885,170.3756599300563,172.57591247558594,48527900
2023-10-06,171.48072926712837,175.61481822954005,170.8689926183437,175.12149047851562,57266700
2023-10-09,174.45053908507856,176.66065260372454,173.45402254968238,176.60145568847656,42390800
2023-10-10,175.72333700059065,177.32171396949087,175.57532965392068,176.00946044921875,43698000
2023-10-11,175.82199530812358,177.44998580714199,175.23001108089,177.40065002441406,47551100
2023-10-12,177.6670488234186,179.90674578858014,176.6507798893927,178.2985076904297,56743100
2023-10-13,178.99906076200577,179.50224970831147,175.76283153303223,176.46336364746094,51427100
2023-10-16,174.39134016768617,176.69024903281087,174.15453745424634,176.33505249023438,52517000
2023-10-17,174.2926830064713,176.03906740635364,172.46737941742194,174.7860107421875,57549400
2023-10-18,173.23698998157923,175.2103011579656,172.7732606507149,173.49351501464844,54764400
2023-10-19,173.69083828526382,175.46682130559762,172.8521900917514,173.11859130859375,59302900
2023-10-20,172.9705790235715,173.07911173437196,170.33621055796252,170.57301330566406,64244000
2023-10-23,168.62929981085605,171.68792291287053,167.6623665542272,170.69140625,55980100
2023-10-24,170.74070856198063,171.35243005141567,169.1620540054936,171.12550354003906,43816600
2023-10-25,169.58633193718455,170.75057806188605,168.3727349771656,168.81674194335938,57157000
2023-10-26,168.0964746462511,169.0930062294273,163.459197305812,164.6629180908203,70625300
2023-10-27,164.68267291441106,166.70531969794123,164.60373866788856,165.97518920898438,58499100
2023-10-30,166.76452118815135,168.88582454657922,166.61651382617845,168.01756286621094,51131000
2023-10-31,167.09010101577766,168.61940486913602,165.65943861592592,168.49114990234375,44846000
2023-11-01,168.71806981976965,171.90496247869652,167.849808268541,171.6484375,56934900
2023-11-02,173.17777741023195,175.4076134182441,173.11858048911532,175.20042419433594,77334800
2023-11-03,171.91483559510309,174.46040823420765,171.03671292563865,174.29266357421875,79829200
2023-11-06,174.02625271257716,177.03553909275448,173.85852313161243,176.8382110595703,63841300
2023-11-07,176.7889073081916,180.00541354681909,176.58171810512866,179.39369201660156,70530000
2023-11-08,179.91662978825056,181.00194176498167,179.16676200069597,180.4494171142578,49340300
2023-11-09,180.51847829944086,181.6629871195562,179.3838155582821,179.97581481933594,53763500
2023-11-10,181.75412225306079,184.32281184408907,181.3194195461175,184.15484619140625,66133400
2023-11-13,183.58186108306094,183.7893232540613,181.9912524470517,182.5741424560547,43627500
2023-11-14,185.43917491856425,185.84424013993512,184.05604376632093,185.18231201171875,60108400
2023-11-15,185.58742199648478,187.21754232445392,185.51825788469085,185.7454833984375,53790500
2023-11-16,187.28668991537342,188.65994715340477,186.37775779056014,187.4250030517578,54412900
2023-11-17,187.95851077872672,188.08694980194565,186.29875297867935,187.40525817871094,50922700
2023-11-20,187.60280481288592,189.59847845797387,187.5929306882813,189.14401245117188,46505100
2023-11-21,189.10452557023848,189.21320125507725,187.45464204586924,188.3437957763672,38134500
2023-11-22,189.18356183514956,190.60620477415247,188.53150773289747,189.00572204589844,39617700
2023-11-24,188.57100791556658,188.60064536615056,186.970525284031,187.68185424804688,24048300
2023-11-27,187.6324520630897,188.37341847212542,186.62473352580105,187.50401306152344,40552600
2023-11-28,187.4941619704054,188.77850691885152,187.11873411970524,188.106689453125,38415400
2023-11-29,188.6006511365786,189.77632029571453,186.69390474066958,187.08908081054688,43014200
2023-11-30,187.55341843722022,188.02764780463457,185.92329832735996,187.66209411621094,48794400
2023-12-01,188.03754149609296,189.25272234216075,186.95078459310412,188.93658447265625,45704800
2023-12-04,187.69170901814908,187.76087311237956,185.19218377665425,187.14833068847656,43389500
2023-12-05,187.91895861640964,192.0584780958342,187.88930609245244,191.0902862548828,66628400
2023-12-06,192.1079050949125,192.41416882595195,189.79609331061306,190.00357055664062,41089700
2023-12-07,191.29777821822415,192.6512720749557,191.2582515665674,191.93006896972656,47477700
2023-12-08,191.86091528323507,193.629363703371,191.33730018286,193.3527374267578,53406400
2023-12-11,190.78403090604945,191.15945870925907,189.11438419177532,190.85317993164062,60943700
2023-12-12,190.75440470261375,192.3746507369947,189.4107849369075,192.36477661132812,52696900
2023-12-13,192.74018081786602,195.61513413450965,192.50308121236986,195.57562255859375,70404200
2023-12-14,195.63488831127654,197.2156075489979,193.79729107961322,195.7238006591797,66831600
2023-12-15,195.1507657132062,196.01028180866058,194.6271507268951,195.19029235839844,128538400
2023-12-18,193.7281513997374,194.26165570440122,192.04863040265064,193.5305633544922,55751900
2023-12-19,193.79731295132126,194.5777909959987,193.53056080250687,194.5679168701172,40714100
2023-12-20,194.5283816611859,195.2989855460905,192.4833221435547,192.4833221435547,52242800
2023-12-21,193.73805393325773,194.7062459740887,191.1693639432951,192.33514404296875,46482500
2023-12-22,192.82909873139974,193.0563392932213,190.64572606781581,191.2681427001953,37149600
2023-12-26,191.2779991818499,191.55462542072405,190.50739536284337,190.72474670410156,28919300
2023-12-27,190.17149315937536,191.16932243864449,188.78834689776542,190.8235321044922,48087700
2023-12-28,191.80161980345068,192.3153607227681,190.8433020640508,191.2483673095703,34049900
2023-12-29,191.56450759639273,192.05848519728596,189.42064661751613,190.2110137939453,42672100
2024-01-02,184.89582930034302,186.17030008579113,181.6751004330507,183.40402221679688,82488700
2024-01-03,182.00112426612563,183.6411336613478,181.22063114701328,182.03076171875,58414500
2024-01-04,179.95604798314233,180.88472835710988,178.70135563320858,179.7189483642578,71983600
2024-01-05,179.79801351656843,180.5587283410591,177.99992740412844,178.9977569580078,62379700
2024-01-08,179.89676064456035,183.36449308108033,179.3138706884217,183.32496643066406,59144500
2024-01-09,181.7047275700206,182.9199083051763,180.52905841182087,182.9100341796875,42841800
2024-01-10,182.12956878813148,184.15486512874935,181.7047401626592,183.94740295410156,46792900
2024-01-11,184.29316874581366,184.7970355796361,181.4083411771675,183.3546142578125,49128400
2024-01-12,183.81894667336306,184.49076406507768,182.95943045197853,183.68063354492188,40477800
2024-01-16,179.9659175831278,182.04061439740983,178.75072186869164,181.418212890625,65603000
2024-01-17,179.08665457169852,180.72664884969066,178.12833676151584,180.4796600341797,47317400
2024-01-18,183.84860201119264,186.86186875433015,183.59173905481111,186.35801696777344,78005800
2024-01-19,187.0495648712278,189.63800274105876,186.5457131326349,189.25270080566406,68903000
2024-01-22,189.98376623580117,192.9772689432648,189.94423959032406,191.5546112060547,60133900
2024-01-23,192.67105542323813,193.392258603415,191.49538615178406,192.82911682128906,42355600
2024-01-24,193.06623524024957,194.0146790217886,191.99924163914412,192.15731811523438,53631300
2024-01-25,192.86860899256396,193.9059649333701,190.78402298627717,191.8312530517578,54822100
2024-01-26,191.93004847085402,192.41413683944202,189.6281111952244,190.10232543945312,44594000
2024-01-29,189.6972652775173,189.8849791703456,187.2965414692382,189.42063903808594,47145600
2024-01-30,188.64014902264395,189.48979101081807,185.21194362297624,185.7750701904297,55859400
2024-01-31,184.78712556686926,184.84641553917146,182.129538862794,182.17892456054688,55467800
2024-02-01,181.77388729281213,184.6982263171025,181.6059367135455,184.60931396484375,64885400
2024-02-02,177.6936236133024,185.07365019396582,177.09097033579843,183.61148071289062,102551700
2024-02-05,185.88377376602236,186.97053056814926,183.60159955655655,185.41943359375,69668800
2024-02-06,184.60929974417922,187.02978684421677,184.5203873987695,187.01991271972656,43490800
2024-02-07,188.3437971267345,188.74886241631054,186.33824908078662,187.1286163330078,53439000
2024-02-08,187.1088468471974,187.25703410679802,185.09342474162452,186.05174255371094,40962000
2024-02-09,186.61554504333301,187.94110561883974,185.97256084406592,186.8134002685547,45155200
2024-02-12,186.38808349311134,186.6353875018477,184.77565652599384,185.13177490234375,41781900
2024-02-13,183.76661774979314,184.20187510350613,181.5309804501283,183.0444793701172,56529500
2024-02-14,183.32148884677065,183.52921572281525,180.4725423642709,182.16409301757812,54630500
2024-02-15,181.57057328309747,182.50043860227981,179.3943014199978,181.87722778320312,65434500
2024-02-16,181.4420093207192,182.8565961464917,179.71088120229672,180.34397888183594,49752500
2024-02-20,179.82956623009554,180.46266385305907,178.0588762686663,179.60205078125,53665600
2024-02-21,179.9779444437335,180.91769653606136,178.71174929095213,180.35385131835938,41371400
2024-02-22,181.50132758611662,182.9653779737103,180.49233824441416,182.38172912597656,52292200
2024-02-23,183.01485026342843,183.04452553646294,180.26483093781445,180.5517120361328,45119700
2024-02-26,180.2746995194681,180.78908088671756,178.70183486744935,179.2063446044922,40867400
2024-02-27,179.1470231922399,181.93660445629962,177.6236221032545,180.6605224609375,54318900
2024-02-28,180.54178846123017,181.14521076395337,178.1874648834917,179.4635467529297,48953900
2024-02-29,179.3151930681472,180.60117691942332,177.59395175081718,178.80079650878906,136682600
2024-03-01,177.6137198257161,178.5831471920378,175.46712311031385,177.7225341796875,73563100
2024-03-04,174.25038035125658,174.99229230011673,171.9158301484072,173.2117156982422,81510100
2024-03-05,168.91849794898403,170.1846930657021,167.7907924514621,168.285400390625,95132400
2024-03-06,169.21526961759642,169.39333632878757,166.86093094295472,167.2961883544922,68587700
2024-03-07,167.32585131213037,168.88881413208614,166.67298033709926,167.17747497558594,71765100
2024-03-08,167.1774852017091,171.82679686006907,167.11813466346086,168.88882446289062,76267000
2024-03-11,171.0750384390699,172.49951206887337,170.19463669484975,170.8870849609375,60139500
2024-03-12,171.28273835287425,172.1532532324886,169.16581679091567,171.36187744140625,59825400
2024-03-13,170.90684419661972,171.3223130850131,168.91851047344855,169.28453063964844,52488700
2024-03-14,171.0453430786352,172.43023944819464,170.19461671040915,171.13436889648438,72913500
2024-03-15,169.32407812222547,170.75843811035156,168.4535633292171,170.75843811035156,121752700
2024-03-18,173.67662817447325,175.79354941833483,171.64873273149365,171.84657287597656,75604200
2024-03-19,172.45989598897214,174.70542030322298,171.16402557801365,174.18113708496094,55215200
2024-03-20,173.82504084734046,176.74322509765625,173.2018299224136,176.74322509765625,53423100
2024-03-21,175.14068113790177,175.57593855649498,168.99764365136926,169.5219268798828,106181300
2024-03-22,169.90772263085663,171.18381963278856,168.22605856941686,170.422119140625,71160100
2024-03-25,168.73054337127422,170.0857641639875,167.62261143010488,169.0075225830078,54288300
2024-03-26,168.16668772081567,169.5713723598813,167.7512188918725,167.87982177734375,57388400
2024-03-27,168.5722893771007,171.72789059246503,168.27552158079686,171.44100952148438,60273300
2024-03-28,169.89781453968297,170.37263389978352,168.67118150733492,169.63072204589844,65672700
2024-04-01,169.34385933496506,169.40320986933065,167.65229363436822,168.1963653564453,46240500
2024-04-02,167.25662806803024,167.51381877100314,166.41578850586058,167.0192108154297,49329500
2024-04-03,166.9697692049817,168.83938692190523,166.76204228878962,167.82049560546875,47691700
2024-04-04,168.4535689105981,170.06599565718972,166.9994354248047,166.9994354248047,53704400
2024-04-05,167.76113794678497,168.55251376624304,167.12804031006615,167.75125122070312,42104800
2024-04-08,167.20715459942008,167.37531948329715,166.425680716199,166.63340759277344,37425500
2024-04-09,166.88071513080217,168.2458378687617,166.53449863101693,167.8402557373047,42373800
2024-04-10,166.97966188332379,167.26652787853376,165.30788444762385,165.9706573486328,49709300
2024-04-11,166.5246002673459,173.5678277091418,166.34654865134516,173.15234375,91070300
2024-04-12,172.38075949507746,176.43655077441642,172.33131077483722,174.6460723876953,101670900
2024-04-15,173.46890241983837,174.72521085075485,170.63974431610336,170.82769775390625,73531800
2024-04-16,169.89784277952464,171.88616144450353,166.45537543168857,167.55340576171875,73711200
2024-04-17,167.780901063059,168.80967890645843,166.18826293945312,166.18826293945312,50901200
2024-04-18,166.21796146542746,166.8213838226369,164.7539260277304,165.23863220214844,43122900
2024-04-19,164.41758473594675,164.60552308162337,162.31054999578998,163.2206268310547,68149400
2024-04-22,163.73501821268977,165.45624419964858,162.99310629576294,164.0515594482422,48116400
2024-04-23,163.56685559955991,165.24851961582092,163.14148491226467,165.10012817382812,49537800
2024-04-24,164.74402954196006,167.47427542099652,164.4176015378687,167.19729614257812,48251800
2024-04-25,167.7017887376114,168.7701438382538,166.33666581552853,168.0579071044922,50558300
2024-04-26,168.04802077933093,169.49226770262163,167.35555749623813,167.47427368164062,44838400
2024-04-29,171.50034913417457,174.1316669492416,171.2332717193323,171.6289520263672,68169400
2024-04-30,171.46081207960546,173.1029142716877,168.1667209693098,168.4931640625,65934800
2024-05-01,167.75125295718234,170.84750390177777,167.28632022447192,167.47427368164062,50383100
2024-05-02,170.649650682897,171.54984088638673,169.04712555589578,171.16404724121094,94214900
2024-05-03,184.63712970012278,184.98336128032037,180.69016817589636,181.40240478515625,163224100
2024-05-06,180.383540128798,182.2135806366563,178.47434543693257,179.7504425048828,78569700
2024-05-07,181.4716631656838,182.90602327557747,179.36464345444207,180.4329833984375,77305800
2024-05-08,180.87813197889614,181.09576068278213,179.4932206728727,180.76931762695312,45057100
2024-05-09,180.59127127419717,182.6686309202814,180.1461270912472,182.57960510253906,48983000
2024-05-10,183.1540861312051,183.34229448527321,180.4102525825865,181.32156372070312,50759500
2024-05-13,183.68900761377958,185.3333368917867,182.87674310968822,184.5210723876953,72044800
2024-05-14,185.7394637127145,186.52201273815805,184.53098214319476,185.66021728515625,52393600
2024-05-15,186.13569714479723,188.84981551266446,185.60078753373725,187.92860412597656,70400000
2024-05-16,188.6715262803227,189.29558246787192,187.86917696187996,188.04747009277344,52845200
2024-05-17,187.72056236134898,189.0082902438942,187.3936765447615,188.07716369628906,41282900
2024-05-20,187.54228461702792,190.10782534306233,187.22529890901677,189.2361297607422,44361300
2024-05-21,189.28567056183377,190.91018461353585,189.11727756366656,190.53378295898438,42309400
2024-05-22,190.45453220558076,190.99934196064652,188.47341681604038,189.0974578857422,34648500
2024-05-23,189.1767103485156,189.19652573516206,184.86779330766728,185.1154327392578,51005900
2024-05-24,187.03707622618555,188.78045200186543,186.26442746313117,188.1861114501953,36327000
2024-05-28,189.70171236146703,191.17764887438426,187.31447963213384,188.19607543945312,52280100
2024-05-29,187.81962268312432,190.4346940804733,187.72056087959155,188.49319458007812,53068000
2024-05-30,188.9587703074631,190.36536034504638,188.83000809203267,189.4837646484375,49889100
2024-05-31,189.6323431713606,190.7516780595243,188.1167913020161,190.4346923828125,75158300
2024-06-03,191.07857147290113,193.14884852262287,190.7021698304424,192.19790649414062,50080500
2024-06-04,192.80213237542046,193.47571940906454,191.2073340206378,192.51487731933594,47471400
2024-06-05,193.55494454203196,195.04078090785526,193.02995023528447,194.0205078125,54156800
2024-06-06,193.84224299284628,194.64459232913165,192.33659102362645,192.64366149902344,41181800
2024-06-07,192.81205951087668,195.08044521695948,192.30688050093246,195.03091430664062,53103900
2024-06-10,195.04078477848907,195.4370168860641,190.3356361933404,191.29647827148438,97010200
2024-06-11,191.82145841561143,205.20390023400174,191.80165814772772,205.19398498535156,172373300
2024-06-12,205.4119598660555,218.12081786507656,204.94639650511937,211.0581512451172,198134300
2024-06-13,212.71235034689784,214.70336573665497,209.60200000148347,212.21707153320312,97862700
2024-06-14,211.8307711431916,213.13829945342002,209.30484597389386,210.48361206054688,70122700
2024-06-17,211.35525683635151,216.8825697066646,210.71140048317466,214.6240997314453,93728300
2024-06-18,215.5354139875743,216.56560230529576,210.9887584540523,212.26657104492188,79943300
2024-06-20,211.90998899500866,212.2170745602359,206.87796947703916,207.7001190185547,86172500
2024-06-21,208.40343403997312,209.8892705909824,205.15440599094305,205.53082275390625,241805100
2024-06-24,205.75863496180304,210.69160779538842,204.63929998769706,206.17466735839844,80727000
2024-06-25,207.1751328027417,209.3840873125504,206.64023830581658,207.0959014892578,55549700
2024-06-26,209.5029437835443,212.83121810497767,208.6510635966682,211.23641967773438,66213200
2024-06-27,212.66284034706985,213.70292898101007,210.34493889866226,212.0784149169922,49772700
2024-06-28,213.73260601871965,214.0297763055812,208.3142550307382,208.6312255859375,82542700
2024-07-01,210.08735196554287,215.45617219578955,209.91895899194967,214.70335388183594,60402900
2024-07-02,214.1090169642201,218.29908645117231,213.0689435868198,218.19012451171875,58046200
2024-07-03,217.92265588190668,219.45802307128906,216.96181387179615,219.45802307128906,37369800
2024-07-05,219.55707203955853,224.31175124030364,219.55707203955853,224.20278930664062,60412400
2024-07-08,224.94576620387085,225.69859980203853,221.14202789581427,225.66888427734375,59085900
2024-07-09,225.77778797195694,227.23390886254342,224.23252052432466,226.5207061767578,48076100
2024-07-10,227.13484585734597,230.87915213144032,227.08531495764143,230.78009033203125,62627700
2024-07-11,229.2051258414663,230.19568345608255,223.63819688403007,225.42120361328125,64710600
2024-07-12,226.75843028372813,230.4433055423661,226.5206910327904,228.36312866210938,53046500
2024-07-15,234.2470836578572,234.99000194235262,230.88909361652622,232.1867218017578,62631300
2024-07-16,232.781045805997,234.03905824310993,230.1362587163494,232.60275268554688,43234300
2024-07-17,227.28343626123907,229.27446669281912,224.49997184852458,226.7188262939453,57345900
2024-07-18,228.10562515807683,228.26411801705945,220.17126344980832,222.06321716308594,66034600
2024-07-19,222.6971648700337,224.65846466815103,221.17169771561296,222.1919708251953,49151500
2024-07-22,224.86649525231948,225.62922890399747,220.98351093014816,221.84530639648438,48201800
2024-07-23,222.2514348874799,224.7971755297642,220.577389891536,222.88539123535156,39960300
2024-07-24,221.88490694575157,222.67735606492835,215.0797809310421,216.47645568847656,61777600
2024-07-25,216.86277641061952,218.76466037633443,212.59347540961954,215.43638610839844,51391200
2024-07-26,216.6349653026102,217.41751434744816,213.97036267942912,215.90196228027344,41601300
2024-07-29,214.91139345300462,217.22929471632008,213.71281205128278,216.17930603027344,36311800
2024-07-30,217.1203256536185,218.24956072806748,214.07930652606245,216.7340087890625,41643800
2024-07-31,219.34909118598728,221.70662325926872,218.54674189777583,219.98304748535156,50036300
2024-08-01,222.2514024343897,222.36036437427163,214.97081319041698,216.29815673828125,62501000
2024-08-02,217.08067881945357,223.4697870434651,215.6542886583774,217.7839813232422,105568600
2024-08-05,197.210135996183,211.48407659683002,194.14931622004067,207.2940216064453,119548600
2024-08-06,203.3614702980554,208.00718767754023,199.1714160471065,205.2732391357422,69660500
2024-08-07,204.9463646139573,211.62272838414273,204.441185671316,207.83880615234375,63516400
2024-08-08,211.0977289070064,212.1774330540979,206.85814362500793,211.29583740234375,47161100
2024-08-09,210.09730322074367,214.73310620037486,209.9685258775167,214.19821166992188,42201600
2024-08-12,214.27755355785243,217.68900361003634,213.81145133020567,215.72543334960938,38028100
2024-08-13,217.19312608520667,220.04923895369578,217.19312608520667,219.43438720703125,44155300
2024-08-14,218.7402072098891,221.17979111862692,217.8774142480331,219.8806610107422,41960600
2024-08-15,222.7367590108339,223.48053712623224,220.9120118672479,222.8557586669922,46414000
2024-08-16,222.06237857544772,224.94824111633486,221.79461423345728,224.17471313476562,44340200
2024-08-19,223.84747960195193,224.115243980586,221.18970440160442,224.0160675048828,40687800
2024-08-20,223.8970689622142,225.28544883578485,223.57971634413767,224.63092041015625,30299000
2024-08-21,224.64083485973637,226.08871448701353,223.1830285060583,224.52182006835938,34765500
2024-08-22,225.90027790842765,226.44571820828537,222.04254943445835,222.66732788085938,43695300
2024-08-23,223.78800233294334,226.3267629919777,222.46903376057483,224.9582061767578,38677300
2024-08-26,224.87883517993083,225.39452559231563,222.0326490158817,225.29534912109375,30602200
2024-08-27,224.12514736512034,226.95151036486342,223.02435510684418,226.1383056640625,35934600
2024-08-28,226.0292444010517,227.953153182598,223.80782130021973,224.61111450195312,38052200
2024-08-29,228.19113851748892,230.98773644426686,226.98125820388418,227.88369750976562,51906300
2024-08-30,228.28039594132485,228.4886453526855,225.59287085733376,227.1002655029297,52990800
2024-09-03,226.65401607692846,227.1002799762046,219.33523365285652,220.92196655273438,50190600
2024-09-04,219.82116129878526,219.94016096302124,215.67582978550038,219.01788330078125,43840200
2024-09-05,219.79142381839864,223.60947620664672,219.68233574260833,220.5352020263672,36615400
2024-09-06,222.09215251756703,223.37145940933704,217.94683622588397,218.98812866210938,48423000
2024-09-09,218.98812757352732,219.4343914347755,214.91222272734436,219.07737731933594,67180000
2024-09-10,217.1038662465979,219.6426263973432,214.93203178151688,218.28399658203125,51591000
2024-09-11,219.6228241682371,221.2392917639212,216.08243282408242,220.8128662109375,44587100
2024-09-12,220.65420216028613,221.6954946800681,217.99644195502805,220.92196655273438,37455600
2024-09-13,221.72523244234597,222.18140791181287,220.06908820245332,220.65419006347656,36766600
2024-09-16,214.7436126542421,215.41797935337752,212.14535259122513,214.52545166015625,59357400
2024-09-17,213.96021129330612,215.10066523109435,212.72058086866357,214.9915771484375,45519300
2024-09-18,215.7452565018275,220.86245391858552,215.7353297749969,218.8592071533203,59894900
2024-09-19,223.12352684243388,227.91345980340301,222.7665127356472,226.97132873535156,66781300
2024-09-20,228.06222073119503,231.15633305592988,225.7317097608303,226.30690002441406,318679900
2024-09-23,225.45401003818398,227.54650632766106,223.93670395169437,224.5912322998047,54146000
2024-09-24,226.75314473243895,227.44734973367454,223.85737047004787,225.4837646484375,43556100
2024-09-25,223.06402418257602,225.40444676008957,222.1615848378298,224.49208068847656,42308700
2024-09-26,225.4143769570366,226.60441901953834,223.54005654723983,225.63255310058594,36636700
2024-09-27,226.56473891662026,227.61594290444046,225.41435845997736,225.90028381347656,34026000
2024-09-30,228.13162655878588,231.06707763671875,227.74486252768645,231.06707763671875,54541900
2024-10-01,227.615942887257,227.74485413807125,221.88389405688537,224.33340454101562,63285000
2024-10-02,224.01605029183685,225.48376819979168,221.16986421787885,224.89866638183594,32880600
2024-10-03,223.2722952944607,224.92843958391967,221.46740141968138,223.7978973388672,34044200
2024-10-04,226.00938361911108,226.10856009308668,222.27066963907552,224.91851806640625,37245100
2024-10-07,222.63759275105315,223.81772316941647,219.49389225502094,219.8509063720703,39505400
2024-10-08,222.4392426471427,224.10529834651464,221.39795026893304,223.8970489501953,31855700
2024-10-09,223.36151510273743,227.84402197002447,222.96483950692257,227.63575744628906,33591100
2024-10-10,225.8903660776275,227.59609839600836,225.2854259515482,227.13990783691406,28183500
2024-10-11,227.39777482080956,227.5068628874906,225.4540279414576,225.66229248046875,31759200
2024-10-14,226.80275797652766,229.80762063057296,226.70359663127624,229.38119506835938,39882100
2024-10-15,231.672004479983,235.51982138099225,230.44228590022638,231.91001892089844,64751400
2024-10-16,229.67869350471682,230.19436878170097,227.93328446814013,229.85719299316406,34082200
2024-10-17,231.49351658619665,231.91004568892726,228.6076687095473,230.22413635253906,32993800
2024-10-18,234.2206950473064,234.2206950473064,232.0686987091599,233.0504913330078,46431500
2024-10-21,232.5050605584077,234.8851598599691,232.5050605584077,234.51821899414062,36254500
2024-10-22,231.9496772340994,234.26034966164363,230.67038557078126,233.90333557128906,38846600
2024-10-23,232.13813805749322,233.18934216580075,225.8705597881939,228.84567260742188,52287000
2024-10-24,228.0721400698136,228.9051831435476,226.51517225997247,228.65725708007812,31109500
2024-10-25,227.83413589840254,231.28526239164006,227.6655479946858,229.4902801513672,38802300
2024-10-28,231.38443735420992,232.78272881287972,230.62082086290692,231.46376037597656,36087100
2024-10-29,231.1662580738538,232.38605001867157,230.3927299983884,231.7315216064453,35417200
2024-10-30,230.68031899274527,231.53318522639518,227.64570650368097,228.19114685058594,47070900
2024-10-31,227.43742665071557,227.92336713292326,223.5003599556127,224.035888671875,64370100
2024-11-01,219.13688241025088,223.4805517303345,218.44269248362247,221.060791015625,65276700
2024-11-04,219.15670083339904,220.94175615916865,217.88732075932978,220.16822814941406,44944500
2024-11-05,219.9599772111233,222.0921350198155,219.30544885909725,221.59628295898438,28111300
2024-11-06,220.76327216240406,224.19457534628128,219.35505401685137,220.8723602294922,54561100
2024-11-07,222.7665171269793,225.9895557457087,222.7070172967094,225.59286499023438,42137700
2024-11-08,225.5332770864524,227.0125473442273,224.7787582103861,225.32479858398438,38328800
2024-11-11,223.37892800863307,224.07388164377818,219.90414468405433,222.61447143554688,42005600
2024-11-12,222.9321731823864,223.96467356190874,221.75074442821315,222.61447143554688,40398300
2024-11-13,222.39607398240116,225.0170530189228,221.15507983350162,223.49807739257812,48566200
2024-11-14,223.398802697962,227.22105551450989,223.3789425502784,226.57574462890625,44923900
2024-11-15,224.76882873863602,225.28508648780175,222.65418524957263,223.37892150878906,47923700
2024-11-18,223.6271499370396,228.08480645929455,223.5477244921184,226.377197265625,44633700
2024-11-19,225.34467799276683,228.501774994788,225.02699136706502,226.63531494140625,36211800
2024-11-20,226.41689814964724,228.27342054954684,224.26253412411586,227.35012817382812,35169600
2024-11-21,227.230987838277,228.50176458087773,224.0838286281757,226.8735809326172,42108300
2024-11-22,226.4168797117104,229.05771868234922,226.4168797117104,228.21383666992188,38168300
2024-11-25,229.79238523732437,231.56948199204686,228.0847762696763,231.1922149658203,90152800
2024-11-26,231.6489234928732,233.87279036398945,231.6489234928732,233.366455078125,45986200
2024-11-27,232.78070364946953,233.99191506726265,232.12545514826604,233.2373809814453,33498400
2024-11-29,233.11825362062933,236.0966394139658,232.28430923421996,235.62010192871094,28481400
2024-12-02,235.5605532676808,239.0551819380818,235.45134517492735,237.86383056640625,48137100
2024-12-03,238.08222901174219,241.01097200063165,237.17878168890522,240.90176391601562,38861000
2024-12-04,241.12017980186528,242.35125137710352,239.51185632927692,241.25917053222656,44383900
2024-12-05,242.2321233137982,242.77814859306412,240.38552350615552,241.28895568847656,40033900
2024-12-06,241.15989600483465,242.86750503393802,240.33587413565135,241.09039306640625,36870600
2024-12-09,240.08767817050534,245.45870413211114,240.0082527322972,244.97222900390625,44649200
2024-12-10,245.11119868483894,246.42169557945553,243.57236314301568,245.98486328125,36914800
2024-12-11,246.17352158557497,248.9930565140259,244.48575750906295,244.714111328125,45205800
2024-12-12,245.11120954102955,246.9478867446912,243.90992066775823,246.1735076904297,32777500
2024-12-13,246.03453629863122,247.4939314395242,244.46591792091505,246.34230041503906,33155300
2024-12-16,246.2033097230519,249.56888515433104,245.86574781090837,249.2313232421875,51694800
2024-12-17,248.2782345553336,252.0012166921119,247.98039295462073,251.6537322998047,51356400
2024-12-18,250.34325221557475,252.44797328398425,245.95509905753715,246.2628631591797,56774100
2024-12-19,245.71683140567848,250.184410158509,245.3097817058068,247.99032592773438,60882300
2024-12-20,246.2529371403228,253.16279902630112,243.919877297432,252.65647888183594,147495300
2024-12-23,252.93446477293034,253.80811434244586,251.6239676953758,253.4308624267578,40858800
2024-12-24,253.64927033575188,256.34965954757746,253.45069916161225,256.3397521972656,23234700
2024-12-26,256.32980188696064,258.2260444048055,255.77383898408218,257.15380859375,27237100
2024-12-27,255.9724022209019,256.8361595932908,251.23677948504655,253.74855041503906,42355300
2024-12-30,250.41271721299594,251.67357129905236,248.94338462815534,250.3829345703125,35557500
2024-12-31,250.62123433005314,251.45517870098834,247.63291094425557,248.61578369140625,39480700
2025-01-02,247.13654201152733,247.305330553937,240.07778153574023,242.09315490722656,55740700
2025-01-03,241.60665893554688,242.42074318433572,240.14724866814672,241.60665893554688,40244100
2025-01-06,242.54980162717402,245.54804748087855,241.4477983095151,243.23483276367188,45045600
2025-01-07,241.22939201717418,243.78088314896328,239.61114601786818,240.46495056152344,40856000
2025-01-08,240.17703689438372,241.9541489627904,238.32051453305579,240.951416015625,37628900
2025-01-10,238.28080700459313,238.42973539672147,231.3213170399406,235.14358520507812,61710900
2025-01-13,231.84748509521594,232.9792711307645,228.06493742769467,232.71121215820312,49630700
2025-01-14,233.05868390458076,234.41880854341963,230.7951119565212,231.59927368164062,39435300
2025-01-15,232.94947976770305,237.2383625727966,232.74098609709984,236.1562042236328,39832000
2025-01-16,235.63995285298606,236.29518618874627,226.38709407905125,226.6154327392578,71759100
2025-01-17,230.44764042021458,230.6164138035219,226.833866130533,228.32305908203125,68488300
2025-01-21,222.38612124582832,222.80309340530198,217.79941234276583,221.03591918945312,98070400
2025-01-22,218.2064751614249,222.5052806842356,218.2064751614249,222.21737670898438,64126500
2025-01-23,223.12083531174778,225.3943300272927,220.69841220245485,222.04861450195312,60234800
2025-01-24,223.160517277336,224.00439930767484,219.81480209957203,221.1749267578125,54697900
2025-01-27,222.40601266103107,230.47742834163907,222.36629236472388,228.2039337158203,94863400
2025-01-28,229.1868093297106,238.45951413038736,229.1470890329199,236.5434112548828,75707600
2025-01-29,232.43321505583046,238.1318651456976,232.3240069742682,237.63546752929688,45486100
2025-01-30,236.95044029141235,239.05516137192973,235.50096771104396,235.8782196044922,55658300
2025-01-31,245.4090800423025,245.4090800423025,231.7581442550369,234.29969787597656,100959800
2025-02-03,228.33297872450572,230.15971829856622,224.0738787357251,226.3672332763672,73063300
2025-02-04,225.61269513536308,231.45033539507892,225.0170119929568,231.12271118164062,45067300
2025-02-05,226.88350440739822,230.99367626573292,226.625383087866,230.7951202392578,39620300
2025-02-06,229.62361584180033,232.11554171369926,228.7698112868805,231.5397186279297,29925300
2025-02-07,230.9241838961893,232.31409120281862,225.62264568638093,225.989990234375,39707200
2025-02-10,228.16660736242451,229.1803610121675,225.81108525741098,226.25833129882812,33115600
2025-02-11,226.80497424991785,233.79199753404617,226.7354100570617,231.1979522705078,53718400
2025-02-12,229.78663009476247,235.51142789245534,229.26980470124647,235.42196655273438,45243300
2025-02-13,235.4617298072221,240.85852795215618,234.1299251101732,240.05348205566406,53614100
2025-02-14,239.77519417214083,244.04891051069433,239.51678905976664,243.10472106933594,40896200
2025-02-18,242.65747382373942,243.6811760890431,240.3615975750387,242.97552490234375,48822500
2025-02-19,243.16432390168916,244.50606184870875,241.67349385021794,243.37303161621094,32204200
2025-02-20,243.44262036367402,245.2713683243621,242.79658488378954,244.32717895507812,32316900
2025-02-21,244.44645306890683,247.1697083342209,243.72091995824803,244.0489044189453,53197400
2025-02-24,243.43269920852308,247.33868242018207,242.92582237394555,245.58944702148438,51326400
2025-02-25,246.48393846255715,248.47171215983582,243.41283173998391,245.52980041503906,48013300
2025-02-26,242.83637220684057,243.48239258336395,237.66816369812489,238.89064025878906,44433600
2025-02-27,237.9464210239899,240.97777852441536,235.61078118788154,235.8493194580078,41153600
2025-02-28,235.50146657809572,240.61004395755495,228.79273089598732,240.361572265625,56833400
2025-03-03,240.31189930334125,242.53821134874983,234.66662916873,236.57489013671875,47184000
2025-03-04,236.25684921580154,238.60242278275774,233.24535811530478,234.4877166748047,53798100
2025-03-05,233.98083809185871,235.1039350742086,227.82867612475383,234.29888916015625,47227600
2025-03-06,233.00684447444675,236.4059358119138,231.73467047090975,233.8914031982422,45170400
2025-03-07,233.67273718007357,239.89446338205195,233.32487071745646,237.60853576660156,46273600
2025-03-10,234.10009611136832,234.71631625547707,222.84930513729455,226.08937072753906,72071200
2025-03-11,222.44182022291236,224.45940937640347,216.12069905845206,219.48997497558594,76137400
2025-03-12,218.79428150067332,220.39444016213503,213.5962567862592,215.65359497070312,62547500
2025-03-13,214.62986833256545,215.51442704761877,207.14590135231947,208.398193359375,61368300
2025-03-14,209.9585940343847,212.64208545758027,208.2988048386841,212.18490600585938,60107600
2025-03-17,212.00600336087763,213.9043309003415,208.68642489319868,212.69178771972656,48073400
2025-03-18,212.85081593904235,213.83475423543342,210.19713981325924,211.38980102539062,42432400
2025-03-19,212.91044076829724,217.4226803637017,212.443312738742,213.92420959472656,54385400
2025-03-20,212.6818553101102,216.16045933121794,210.92267131595005,212.7911834716797,48862900
2025-03-21,210.26669685360034,217.5021918152461,209.9884097524224,216.93568420410156,94127800
2025-03-24,219.64898417718916,220.1260455978378,217.24377992596973,219.38063049316406,44299500
2025-03-25,219.4204082670252,222.73005335992565,218.73462390108503,222.38218688964844,34493600
2025-03-26,222.1436424317859,223.64442126802376,219.12223310716143,220.17575073242188,34466100
2025-03-27,220.03661426059983,223.61461307047793,219.21168633594712,222.48158264160156,37094800
2025-03-28,220.31487416588553,222.44179120535847,216.34926057176412,216.5679168701172,39818600
2025-03-31,215.6833836525119,224.24075018814546,214.90815310911736,220.7720947265625,65299300
2025-04-01,218.46626491168394,222.31260214779184,217.5618242432653,221.8256072998047,36412700
2025-04-02,219.96705040499884,223.81338775742097,219.66888130946384,222.52133178710938,35905900
2025-04-03,204.2835010267849,206.22159255986557,200.01973301812973,201.9478759765625,103419000
2025-04-04,192.7047355778497,198.658123727335,186.19477317599058,187.22842407226562,125910900
2025-04-07,176.11674047268428,192.96311894309866,173.55251067175698,180.3507080078125,160466300
2025-04-08,185.55866963100107,189.17641711488596,168.175598539417,171.365966796875,120859500
2025-04-09,170.89883496621582,199.38363475051753,170.83920418374143,197.6343994140625,184395900
2025-04-10,187.9141823452429,193.58926741380884,181.88128226075605,189.25592041015625,121880000
2025-04-11,184.96235041538483,198.32017705332044,184.92258644836306,196.9386749267578,87435900
2025-04-14,210.14743595954587,211.63826622013798,199.9302804535287,201.28196716308594,101352900
2025-04-15,200.6259945192588,202.26590170954893,198.57859009217825,200.90428161621094,51343900
2025-04-16,197.1473909296092,199.47308245703653,191.19400339685228,193.0823974609375,59732400
2025-04-17,195.99445890478637,197.61449911758032,193.23145502579916,195.7758026123047,52164700
2025-04-21,192.08849990403363,192.6152586778503,188.64964501381652,191.9791717529297,46742500
2025-04-22,194.92107095045932,200.35763286451953,194.7719939992729,198.51895141601562,52976400
2025-04-23,204.7406632397287,206.72843666924064,201.56022878561117,203.34922790527344,52929200
2025-04-24,203.6374845300284,207.5534013078127,201.69940812530302,207.09620666503906,47311000
2025-04-25,205.10842646651815,208.46776890662989,204.9394675201618,208.00064086914062,38222300
2025-04-28,208.71623364812058,210.2070638884643,206.1917677806294,208.85537719726562,38743100
2025-04-29,207.41425458581946,210.94255602883885,207.096203506044,209.91885375976562,36827600
2025-04-30,208.0205233254963,212.2743578831654,205.4065960245207,211.20095825195312,52286500
2025-05-01,207.80185982414434,213.2483553954001,207.62295230903422,212.0159454345703,57365700
2025-05-02,204.8301473855031,205.72465469395448,200.92417915168144,204.0946807861328,101010600
2025-05-05,201.85841873478097,202.85230555244996,196.99831280299983,197.6741485595703,69018500
2025-05-06,196.99832434112832,199.42339557924856,195.81559653234874,197.29647827148438,51216500
2025-05-07,197.95242524507105,198.22077891807172,192.0686174137577,195.05027770996094,68536700
2025-05-08,196.51131984408346,198.82707814993435,193.48989516366862,196.28273010253906,50478900
2025-05-09,197.7834732241415,199.31405222350435,196.3323918231404,197.31634521484375,36453900
2025-05-12,209.95526516858178,210.2538252478288,205.75556156059073,209.776123046875,63775800
2025-05-13,209.4178625594749,212.3735786127325,207.99474788922345,211.9058380126953,51909300
2025-05-14,211.40825625105518,212.91100323820055,209.5671634108319,211.30874633789062,49325800
2025-05-15,209.9353730316401,211.93571508448807,208.53215118256114,210.43296813964844,45029500
2025-05-16,211.33859654598928,211.54759317457453,208.76105751069144,210.24388122558594,54737900
2025-05-19,206.90999202317107,208.47243269467637,203.2775387890809,207.7758026123047,46140500
2025-05-20,206.67113760639387,207.46729276724128,204.04383620537516,205.8650360107422,42496600
2025-05-21,204.18318404217405,206.0441849710538,199.7446439816099,201.1179962158203,59211800
2025-05-22,199.7446272097534,201.77480849030061,198.7394754118135,200.39149475097656,46742400
2025-05-23,192.73846975457602,196.74908474491085,192.52948833207407,194.33078002929688,78432900
2025-05-27,197.34620772495165,199.77447409530296,196.48038197740732,199.2470245361328,56288500
2025-05-28,199.6251894151235,201.75489573800118,198.9385057789635,199.4560089111328,45339700
2025-05-29,202.60082660426147,202.82971610271787,197.55520490499057,198.98828125,51396800
2025-05-30,198.41106448584634,200.98861863398105,195.8335255231089,199.8839569091797,70819900
2025-06-02,199.31669015009302,201.15779807678393,199.15745607510846,200.7298583984375,35423300
2025-06-03,200.38154929416936,202.78990771325485,199.99342573046133,202.2923126220703,46381600
2025-06-04,201.93401536371383,205.24800003069532,201.1279138581714,201.84445190429688,43604000
2025-06-05,202.52119947175674,203.76518718349973,199.18730633012683,199.66500854492188,55126100
2025-06-06,202.0236053289331,204.7106157617459,201.07817770068002,202.93917846679688,46607700
2025-06-09,203.40692547634254,205.0091823144686,199.05794913802782,200.48106384277344,72862600
2025-06-10,199.63515466910712,203.36711781582227,199.60530017876516,201.6951904296875,54672600
2025-06-11,202.5211970741936,203.51638723180633,197.45568281643992,197.8238983154297,60989900
2025-06-12,198.12246436103902,198.71956936233477,196.4107360236097,198.24188232421875,43904600
2025-06-13,198.769334334526,199.40625545491926,194.7587190445596,195.50511169433594,51447300
2025-06-16,196.3510290449251,197.73434281232372,195.61458283187793,197.46563720703125,43020700
2025-06-17,196.2514839890114,197.43576263348734,194.27106541566712,194.69898986816406,38856200
2025-06-18,194.9975546383106,196.6197193940347,194.13174409281177,195.6344757080078,45394700
2025-06-20,197.28651411005004,200.72986375748766,195.9131467510872,200.03323364257812,96813500
2025-06-23,200.6602023375907,201.3269779408771,198.00304635957568,200.53082275390625,55814300
2025-06-24,201.61557243039425,202.46149014710028,199.23706853700068,199.3365936279297,54064000
2025-06-25,200.4810436177515,202.6903668657116,199.65503400834336,200.59051513671875,39525700
2025-06-26,200.461158146952,201.66534499125092,198.5006473897771,200.03323364257812,50799100
2025-06-27,200.91895566349635,202.24256049649406,199.03804672932017,200.11285400390625,73188600
2025-06-30,201.03836190454115,206.39248990855162,198.3015889216639,204.18316650390625,91912800
2025-07-01,205.6759415551798,209.17901505124104,205.1484920031366,206.82041931152344,78788900
2025-07-02,207.90517762155153,212.3138626915596,207.13887695509675,211.41819763183594,67941800
2025-07-03,211.12958235725722,213.61755770997246,210.7912213537831,212.52285766601562,34955800
2025-07-07,211.65701970580338,215.18994753990862,207.79569250723537,208.94015502929688,50229000
2025-07-08,209.08947184941582,210.41306148236814,207.44739887083225,208.99989318847656,42848900
2025-07-09,208.52219391164948,210.31353924447487,206.22330706177223,210.12445068359375,48749400
2025-07-10,209.49748097232364,212.45319704499605,209.0197939340788,211.3883514404297,44443600
2025-07-11,209.55718962168862,211.1096837700706,208.85059795908091,210.14434814453125,39765800
2025-07-14,208.92025854176603,209.89555581124029,206.54175471753558,207.61656188964844,38840100
2025-07-15,208.2137043224775,210.8708604550018,207.915144211828,208.10423278808594,42296300
2025-07-16,209.28849593835915,211.37838618562168,207.63647661047767,209.149169921875,47490500
2025-07-17,209.55718424596662,210.7812638030366,208.58188702565155,209.00982666015625,48068100
2025-07-18,209.85573909301036,210.77131219576944,208.69136845628208,210.16424560546875,48974600
2025-07-21,211.07984586548804,214.74213848423943,210.61210526026528,211.4580078125,51377400
2025-07-22,212.1148250502387,213.91611676733493,211.20919838168209,213.36875915527344,46404100
2025-07-23,213.96589762082587,214.11517007989065,211.38835859165647,213.11997985839844,46989300
2025-07-24,212.87116805528336,214.65256693634578,212.50295255730364,212.73184204101562,46022600
2025-07-25,213.6673206036272,214.2047317845148,212.37357038101962,212.8512725830078,40268800
2025-07-28,213.000569237894,213.8166325366559,212.03523347491873,213.02047729492188,37858000
2025-07-29,213.14982178903043,213.7767964509494,209.80599741985404,210.2538299560547,51411700
2025-07-30,210.88077731884883,211.36842593737322,206.72088996610802,208.04449462890625,45512500
2025-07-31,207.48719786288635,208.83069544134486,206.16359315375274,206.57162475585938,80698400
2025-08-01,209.85574027592583,212.5527122409286,200.53081350952442,201.40658569335938,104434500
2025-08-04,203.52634207300898,206.88014336875773,200.70995198839026,202.37193298339844,75109300
2025-08-05,202.42167200915333,204.35234334482283,201.18764593221573,201.94398498535156,44155100
2025-08-06,204.6409599471833,214.3440641251077,204.60114383647723,212.22430419921875,108483100
2025-08-07,217.8272171299369,219.78774287041324,215.5382768294147,218.9716796875,90224800
2025-08-08,219.76783274169614,229.8889142887861,218.19543055331755,228.24685668945312,113854000
2025-08-11,227.08116933177635,228.71513292468896,223.9327956372812,226.34388732910156,61806100
2025-08-12,227.17083074525974,229.95057099439725,226.23430307406312,228.80479431152344,55626200
2025-08-13,230.2195756343437,234.1351043372746,229.58191650034667,232.47125244140625,69878500
2025-08-14,233.19855135713797,234.2546476473393,230.00037411625505,231.9232635498047,51916300
2025-08-15,233.13877413921495,233.41774239633352,228.49592139875156,230.73764038085938,56038700
2025-08-18,230.8472538899505,232.26202593201924,229.26310933608104,230.0402374267578,37476200
2025-08-19,230.4287923573085,232.01293684851592,228.50590285589897,229.71144104003906,39402600
2025-08-20,229.13358225147155,229.6217843388592,224.93908515924198,225.17819213867188,42263900
2025-08-21,225.43724912794482,225.68632903786573,222.9564077521854,224.07228088378906,30621200
2025-08-22,225.33760837029214,228.2468598588307,224.58041092619504,226.9217529296875,42477800
2025-08-25,225.64645413109014,228.45608264282492,225.3973742361901,226.32395935058594,30983100
2025-08-26,226.03502689374838,228.6453946309622,223.86305742355088,228.46604919433594,54575100
2025-08-27,227.76862267507164,230.05018785299507,227.41990473660533,229.64170837402344,31259500
2025-08-28,229.97051505486425,232.55097936868034,228.49595098757067,231.7041015625,38074700
2025-08-29,231.65426265633033,232.52107103838586,230.51845893056873,231.28562927246094,39418400
2025-09-02,228.4062860305561,230.00040359535532,226.13467838242784,228.8745574951172,44075600
2025-09-03,236.33698891571112,237.9709525201245,233.49747185558658,237.59234619140625,66427800
2025-09-04,237.57239985348932,239.0170601981439,235.8687018920251,238.8975067138672,47549400
2025-09-05,239.11668743272676,240.43183651086895,237.61225041390915,238.80783081054688,54870400
2025-09-08,238.41927329094256,239.2661357937392,235.4701607098454,237.00450134277344,48999500
2025-09-09,236.12774389612645,237.90119155812317,232.5011411802574,233.4875030517578,66313900
2025-09-10,231.33545739080094,231.56460664903227,225.118417424808,225.955322265625,83440800
2025-09-11,226.04499474029723,229.60184779162614,225.81583028738913,229.1833953857422,50208600
2025-09-12,228.37638560886936,233.6469097348115,228.17712472443904,233.2085418701172,55824200
2025-09-15,236.1277410783948,237.31336381412066,234.16499028444412,235.82884216308594,42699500
2025-09-16,236.30708253667353,240.33222235518573,235.45026224943368,237.2735137939453,63421100
2025-09-17,238.09051246512186,239.21635855568803,236.85507060288438,238.11044311523438,46508000
2025-09-18,239.0868055705458,240.31227437025743,235.77901734043184,237.00450134277344,44249600
2025-09-19,240.34217704154452,245.3935247988757,239.32594197772087,244.59646606445312,163741300
2025-09-22,247.38616206443075,255.69547916115815,247.2068166293636,255.13751220703125,105517400
2025-09-23,254.9382669065294,256.3928850249964,252.64672876089196,253.49359130859375,60275200
2025-09-24,254.2807025242173,254.79879299943292,250.11607847800005,251.38140869140625,42303700
2025-09-25,252.27808820484515,256.22352044118514,250.7836088309123,255.9246063232422,55202100
2025-09-26,253.16481067495934,256.6519291955366,252.84598111295833,254.51980590820312,46076300
2025-09-29,253.62311772285494,254.06150078407975,252.07881928540593,253.49359130859375,40127700
2025-09-30,253.92202035086734,254.97811672142575,252.17846100632588,253.69287109375,37704300
2025-10-01,254.10134722927504,257.83756097799323,253.9917514638179,254.5098419189453,48713900
2025-10-02,255.63566078088252,257.229778167004,253.21461153357077,256.18365478515625,42630200
2025-10-03,253.73271197999827,258.2858846694617,253.01536064819075,257.07037353515625,49155600
2025-10-06,257.0404730386864,258.11651518827176,254.11130630837613,255.74526977539062,44664100
2025-10-07,255.86484387966763,256.45266881763376,254.48991791397023,255.53607177734375,31955800
2025-10-08,255.57591915435188,257.5685585594684,255.16742442767125,257.1102600097656,36496900
2025-10-09,256.86113993459566,257.0504430809132,252.20832947523735,253.10501098632812,38322000
2025-10-10,254.00171816056968,255.436420799504,243.10197943699816,244.3673095703125,61999100
2025-10-13,248.46219085423505,248.7710475029622,244.6562426215344,246.74851989746094,38142900
2025-10-14,245.69241642712313,247.93413549962378,243.79940008876653,246.8581085205078,35478000
2025-10-15,248.57178982967116,250.89321639065437,246.559219921403,248.42233276367188,33893600
2025-10-16,247.33635013275978,248.1234359576197,244.22783772705108,246.53929138183594,39777000
2025-10-17,247.10719170360767,252.44746537322095,246.35995200283696,251.36146545410156,49147000
2025-10-20,254.94822099113512,263.4069798400544,254.68918336894043,261.27484130859375,90483000
2025-10-21,260.916147926868,264.313600971564,260.8663137101643,261.8028564453125,46695900
2025-10-22,261.6833338430701,261.882609922878,254.4899051977633,257.4988098144531,45015300
2025-10-23,258.98329410338334,259.66078406832133,257.06040475940137,258.6246032714844,32754900
2025-10-24,260.2287466983284,263.1579290692685,258.2261343576155,261.8527526855469,38253700
2025-10-27,263.90514984178776,268.1295353654346,263.67598537979285,267.8206787109375,44888200
2025-10-28,268.00000632210845,268.89671830922975,267.1631014853557,268.0099792480469,41534800
2025-10-29,268.28892986747474,270.4110953948544,266.1269030442272,268.7073974609375,51086700
2025-10-30,270.98894793982623,273.1310593223432,267.49188695276854,270.401123046875,69886500
2025-10-31,275.9705701844509,276.29937269597025,268.16940070155243,269.37493896484375,86167100
2025-11-03,269.424736694289,269.8531467885877,265.2700709373508,268.05975341796875,50194600
2025-11-04,267.3424445625432,270.49081837885313,266.6350661079627,269.0461730957031,49274800
2025-11-05,267.6214146886098,270.7000692568828,265.94760492323326,269.14581298828125,43683100
2025-11-06,266.90407480138714,272.3937751745226,266.90407480138714,268.7771301269531,51204000
2025-11-07,268.80702532983145,271.2878818962731,265.7881780523408,267.48193359375,48227400
2025-11-10,268.22988302493957,272.9869540449525,266.7339548671466,268.6986083984375,41312400
2025-11-11,269.07757258136417,275.16101963639426,269.0675899882029,274.5028076171875,46208300
2025-11-12,274.2535066981436,274.9815360542478,270.9624767916609,272.7276611328125,48398000
2025-11-13,273.36590026791555,275.9488963676571,271.3513946141157,272.2090759277344,49602800
2025-11-14,270.31417782757546,275.21085247368256,268.8681323529343,271.6705017089844,47431300
2025-11-17,268.09027174019775,269.7557213346742,265.00866346949266,266.73394775390625,45018300
2025-11-18,269.2570854665072,269.9751321987233,264.59977951795884,266.7140197753906,45677300
2025-11-19,264.80918960656476,271.47104873805114,264.77927226211665,267.8309631347656,40424500
2025-11-20,270.09480618650156,274.68232536305425,265.1981613886433,265.5272521972656,45823600
2025-11-21,265.2280517805383,272.5879921198442,264.9488130991126,270.75299072265625,59030800
2025-11-24,270.16459800357205,276.24804478801667,270.16459800357205,275.1709899902344,65585800
2025-11-25,274.52277261748515,279.6189174225992,274.50283786370125,276.2181701660156,46914200
2025-11-26,276.2081750495132,278.7712060098946,275.8790842359358,276.79656982421875,33431400
2025-11-28,276.50736791500816,278.242634823177,275.2407959413455,278.0930480957031,20135600
2025-12-01,277.2553332443013,282.65065109438723,275.3904143522869,282.3315124511719,46587700
2025-12-02,282.231773534172,286.619823290159,281.86278279875575,285.4131164550781,53669500
2025-12-03,285.4231155973949,287.8365294074879,282.5309633672564,283.378662109375,43538700
2025-12-04,283.3287830094401,283.95707766942763,277.83373081751637,279.9380187988281,43989100
2025-12-05,279.77845592816414,280.37683325787106,277.2951945750906,278.0232238769531,47265800
2025-12-08,277.374989388386,278.9108174051644,275.4003533668138,277.1356506347656,38211800
2025-12-09,277.4049018876359,279.26982065807096,276.16827776921565,276.42755126953125,32193300
2025-12-10,276.9960211276047,278.9905919368044,275.68957968235776,278.0232238769531,33038300
2025-12-11,278.34237127554803,278.8310314000742,273.0667227973629,277.2752685546875,33248000
2025-12-12,277.14562382282355,278.4620479370953,276.0685689150702,277.52459716796875,39532900
2025-12-15,279.3894873363706,279.3894873363706,272.0993337942639,273.3658752441406,50409100
2025-12-16,272.07941349564567,274.752131096348,271.0522107383373,273.8645324707031,37648600
2025-12-17,274.2634587890498,275.41033087528734,270.9026119684932,271.10205078125,50138700
2025-12-18,272.8672697170699,272.88723490520505,266.22537510199504,271.4511413574219,51630700
2025-12-19,271.4112306527045,273.8545921928022,269.1673383776201,272.9271240234375,144632000
2025-12-22,272.1192896847017,273.13654030849926,269.7756932559407,270.23443603515625,36571800
2025-12-23,270.1048034873943,271.7603010837797,268.8282792538215,271.62066650390625,29642000
2025-12-24,271.60070067851706,274.6823088952694,271.46109654935304,273.06671142578125,17910600
2025-12-26,273.41578359787746,274.6224904749486,272.11929424741834,272.6578369140625,21521800
2025-12-29,271.9497734782625,273.61522314661676,271.6107000753325,273.0168762207031,23715200
2025-12-30,272.0694584675055,273.3360001129787,271.54089836280934,272.3387145996094,22139600
2025-12-31,272.3187639976345,272.9370761103812,271.0123224859311,271.12200927734375,27293600
2026-01-02,271.52092924369913,277.0857683126949,268.2697691424855,270.2743225097656,37838100
2026-01-05,269.9053450243044,270.7729784841199,265.41756056202854,266.5345153808594,45647200
2026-01-06,266.27521573774703,266.82371056256306,261.40845786144683,261.6477966308594,52352100
2026-01-07,262.48552563718374,262.964203143993,259.1047135716701,259.623291015625,48309800
2026-01-08,256.3222864925608,258.58614386359903,255.00587765735156,258.3368225097656,50419300
2026-01-09,258.3767027680543,259.5036402038468,255.52448097015204,258.6659240722656,39997000
2026-01-12,258.4565110528425,260.59068617382866,256.1029014720883,259.5435485839844,45263800
2026-01-13,258.01770778709204,261.0993163539261,257.68861696081353,260.34136962890625,45730800
2026-01-14,258.78557762508564,261.1092696408236,256.0131254420647,259.2543029785156,40019400
2026-01-15,259.9424426175537,260.3313985459844,256.35220896361545,257.5090637207031,39388600
2026-01-16,257.1999111311508,258.1971965798445,254.23797213114116,254.8363494873047,72142800
2026-01-20,252.04394930256512,254.09835490933511,242.75922413209136,246.0303192138672,80267500
2026-01-21,248.02489020045314,250.87712721718017,244.51444112970407,246.9777374267578,54641700
2026-01-22,248.52352576906395,250.31864258405668,247.47637302553753,247.67584228515625,39708300
2026-01-23,246.64863719927277,248.73296007338791,244.0157890837153,247.36666870117188,41689000
2026-01-26,250.7973351598156,255.86354695988197,249.12190294519746,254.7166748046875,55969200
2026-01-27,258.4664593428383,261.23891141767155,257.50904348719195,257.5688781738281,49648300
2026-01-28,256.95060341967536,258.15731035497566,253.8191275531099,255.743896484375,41288000
2026-01-29,257.29964922744847,258.94516415300217,253.7193980705993,257.5788879394531,67253000
2026-01-30,254.47732177254832,261.1890484668085,251.49543285360957,258.775634765625,92443400
2026-02-02,259.3241487899344,269.7557466562268,258.50636737104884,269.2770690917969,73913400
2026-02-03,268.4692659190308,271.1419837262723,266.88355520832346,268.7485046386719,64394700
2026-02-04,271.55083028665655,278.19275421850585,271.55083028665655,275.7394104003906,90545700
2026-02-05,277.37501624935936,278.7412924914769,272.48832346973,275.1610412597656,52977400
2026-02-06,276.3677049075235,280.1474248180158,276.1782182606431,277.364990234375,50453400
2026-02-09,277.41494619870406,277.70443813431814,271.2160169672847,274.13079833984375,44623400
2026-02-10,274.40031021957236,274.87943562430115,272.4537718732244,273.19244384765625,34376900
2026-02-11,274.2106536370846,279.6808719096702,273.9610989943363,275.00921630859375,51931300
2026-02-12,275.09909064411113,275.22886395053104,259.7165366668213,261.2637939453125,81077200
2026-02-13,261.5432690161623,261.7628783299504,254.9949421084194,255.32435607910156,56290700
2026-02-17,257.5903108294174,265.8156532326085,255.08478749757862,263.4099426269531,58469100
2026-02-18,263.13045584681157,266.3447212846438,261.9825104325609,263.8791198730469,34203300
2026-02-19,262.13220471573277,264.00886051677537,259.5867290635135,260.11578369140625,30845300
2026-02-20,258.50868117461044,264.2783836675007,257.7001265171608,264.1086730957031,42070500
2026-02-23,263.0206001676805,268.95002088588865,262.91081074777924,265.705810546875,37308200
2026-02-24,267.38283777638213,274.4003442568012,267.233111068832,271.6552429199219,47014600
2026-02-25,271.29586819299504,274.45024283739696,270.567157599074,273.74151611328125,33714300
2026-02-26,274.4602128097023,275.61811956353745,270.31758130113775,272.4637756347656,32345100
2026-02-27,272.3240124520744,272.3240124520744,262.4217010495403,263.7093811035156,72366500
2026-03-02,261.94253069595567,266.05518620599753,259.73647625260065,264.2484130859375,41827900
2026-03-03,263.0106738027697,265.08695529305965,259.6666350681776,263.2801818847656,38568900
2026-03-04,264.17854815272653,265.67587606267574,260.95432154975975,262.0523376464844,39803100
2026-03-05,260.3254337562426,261.09405110124777,256.79173142961054,259.8263244628906,49658600
2026-03-06,258.16927189629365,258.3090066542827,253.916851068475,257.0013427734375,41120000
2026-03-09,255.2345148744848,260.68477987096253,253.22808575123491,259.41705322265625,38218500
2026-03-10,257.19102845716964,262.01244158439727,256.4922936817907,260.3653564453125,30590800
2026-03-11,260.62486739620806,261.6630231774062,259.08760235948154,260.3453674316406,26218900
2026-03-12,258.1992253881205,258.48871731031414,253.72719511663234,255.30438232421875,40794000
2026-03-13,255.024890934378,255.87336762960538,249.07551643845036,249.6744384765625,36930000
2026-03-16,251.66090222791988,253.43773019062647,249.4348789230203,252.36964416503906,32074200
2026-03-17,252.5093881906664,254.67552076289968,251.7307636559193,253.77711486816406,32361600
2026-03-18,252.1799767808244,254.48585937367065,248.55643828829037,249.49476623535156,35757900
2026-03-19,248.95572868612365,251.38140795985734,246.85947863088072,248.5165252685547,34864100
2026-03-20,247.53824109812177,248.75606899357115,245.56177255944445,247.54823303222656,88331100
2026-03-23,253.51758537106093,254.14646797882926,249.83415620831627,251.04200744628906,40546100
2026-03-24,249.90403139868116,254.37604644028636,249.10545347620703,251.1917266845703,45152300
2026-03-25,253.6473574345128,254.5457480998694,251.15181088451408,252.16998291015625,28476700
2026-03-26,251.67088153367666,256.5421934269488,250.32329549316128,252.43951416015625,41796700
2026-03-27,253.4477020992108,255.03488128462607,247.6281009352486,248.35679626464844,47900000
2026-03-30,249.62453299565456,250.4230956915925,245.07264337813007,246.19065856933594,39446200
2026-03-31,247.46837564153284,255.02488248828539,246.65982101631488,253.337890625,49598100
2026-04-01,253.62737973002484,255.7236296181179,252.8787157917901,255.17462158203125,40059400
2026-04-02,253.74717405681358,255.6737439434535,250.20349485503914,255.464111328125,31289400
2026-04-06,256.053045051996,261.6929736576745,256.003115847535,258.3988342285156,29329900
2026-04-07,255.70368128016966,255.7436185540334,245.2623079794448,253.0484161376953,62148000
2026-04-08,257.98960165960847,259.2872736156141,256.0730086009651,258.43878173828125,41032800
2026-04-09,258.5386040524215,260.65482250105316,255.6138310165902,260.02593994140625,28121600
2026-04-10,259.5168819122501,261.7229364827484,258.5585701252562,260.0159912109375,31291500
2026-04-13,259.2673359057164,259.71651601158027,256.2027973984465,258.73828125,36234700
2026-04-14,258.78816168339415,261.4633801130582,256.73183388682423,258.368896484375,48370700
2026-04-15,257.7001261657452,266.08515659729386,257.35074355126085,265.95538330078125,49913500
2026-04-16,266.3246925362851,266.6840670491935,260.804545264895,262.9307556152344,43323100
2026-04-17,266.4844323486072,271.8149160854778,266.24486962975914,269.7486267089844,61436200
2026-04-20,269.84841238867654,273.7913879220191,269.80850557942483,272.5635681152344,36590200
2026-04-21,271.0163536236942,272.3140256362382,264.9272139873882,265.69586181640625,50209800
2026-04-22,267.3429346055621,273.2523721409737,266.39461467279705,272.68341064453125,43249200
2026-04-23,274.56001085217736,275.2787294551341,271.1660737405759,272.9429016113281,33399600
2026-04-24,272.2741016414235,272.5735550213531,269.16962610782736,270.5771179199219,38157100
2026-04-27,265.6159889280984,267.88193422863776,264.59781690250213,267.1332702636719,41466800
2026-04-28,271.8548539018017,272.7432830913257,268.181416710472,270.2277526855469,40018900
2026-04-29,267.07336249706583,270.55716597281076,266.56429174844374,269.688720703125,30047900
2026-04-30,270.018146234023,275.50834883767226,267.6623648300734,270.86663818359375,91848200
2026-05-01,278.36321169794013,286.7083346607987,277.87409435408995,279.6409606933594,79915400
2026-05-04,279.16182884121525,280.13010214166496,274.3703610857382,276.33685302734375,46668400
2026-05-05,276.43668191704,284.0630869835518,276.00745521106614,283.67376708984375,49311700
2026-05-06,281.4177950537395,287.5168959460148,280.5693031693742,286.9978332519531,58336100
2026-05-07,288.75467457606095,291.60959552514373,285.2709015174152,286.9279479980469,45224300
2026-05-08,289.49338424193445,294.2349225642168,289.48339230776435,292.7974853515625,52692800
2026-05-11,291.72841688276577,293.6267735875138,289.979924827367,292.42779541015625,42247300
2026-05-12,292.3078994315659,295.0155556946294,292.3078994315659,294.54595947265625,45748100
2026-05-13,293.24708951115105,300.6607090744109,293.24708951115105,298.6124572753906,52684300
2026-05-14,299.5616620172475,300.1911240450107,295.12548538387824,297.9530334472656,35324900
2026-05-15,297.643304079477,302.93875555297063,296.26448829773227,299.9713134765625,54862800
2026-05-18,299.98126929450746,300.4009207908792,294.6558756451712,297.5833435058594,34483000
2026-05-19,296.7140952726279,300.2510533099592,296.09463441963413,298.7123718261719,42243600
2026-05-20,297.9230626302997,302.5390768782648,297.82314269813475,301.98956298828125,38229800
2026-05-21,300.80056674721834,305.27671719779084,300.1411318265125,304.7271728515625,42965100
2026-05-22,305.85620846339293,311.13165741506583,305.57645096183757,308.55389404296875,43670200
2026-05-26,309.29325163060713,311.5513139598484,307.4048960873393,308.0643005371094,48000500
2026-05-27,308.0643052358437,312.9900803339556,308.0343323058515,310.5821533203125,50430900
2026-05-28,310.412282475935,312.5304508120942,309.30325358892543,312.24072265625,48220400
2026-05-29,311.5113496628706,314.7285763294451,309.2632884033746,311.7911071777344,70026800
2026-06-01,309.363197507879,310.67206624496237,304.7571540774977,306.0460510253906,48849900
2026-06-02,307.1950545511415,315.1781903378333,306.42572903356995,314.92840576171875,44534700
2026-06-03,313.9092501546009,316.6668815001487,308.5838566628498,309.9926452636719,50836700
2026-06-04,312.96009909963743,313.26982953176514,309.38316692864953,310.9618225097656,44869100
2026-06-05,312.5903972939029,314.8984348439246,306.8853260765596,307.0751647949219,65310500
2026-06-08,308.4739595974908,317.1265012321255,300.9105055796523,301.2801818847656,77949100
2026-06-09,300.0212482417878,300.4908444635933,287.5320194610898,290.29962158203125,70108800
2026-06-10,290.4894628291428,294.4960172141002,287.1323727394638,291.3287353515625,52793300
2026-06-11,293.4668864344149,296.7440586571729,289.3404406054596,295.375244140625,42572500
2026-06-12,295.7749221682621,296.88398158337014,289.3704417369658,290.879150390625,38742100
2026-06-15,293.8665449684006,297.5233947188816,291.4486474146935,296.1645812988281,45732600
2026-06-16,294.99559499590845,300.2210994929347,293.71669913987887,298.9821472167969,39874400
2026-06-17,300.59074812548096,301.8096980081642,294.10632015937927,295.6949768066406,42745100
2026-06-18,297.8530937792582,300.31099586682666,295.3652492546472,297.7532043457031,85962200
2026-06-22,297.05381866220307,302.1594314563154,296.5043047694293,296.75408935546875,44879900
2026-06-23,297.2836155142734,301.3800886038737,293.9264950024863,294.04638671875,52010900
2026-06-24,295.1054570720635,299.4417438827621,292.68755959702736,292.8274230957031,53081900
2026-06-25,287.1523472601469,288.55113481081804,273.5141152813601,274.91290283203125,107013700
2026-06-26,274.7630284991681,285.70360492137456,273.9737007161028,283.53546142578125,261775500
2026-06-29,286.4829438934296,288.12151489662153,279.6088673150861,281.4972229003906,66427000
2026-06-30,280.9277417485351,289.69017405322865,280.45814550695326,289.11065673828125,65100200
2026-07-01,293.1871503157195,296.33442991747245,288.95081360688545,294.1263427734375,50164200
2026-07-02,293.866538367699,309.15337194761725,293.4269150966668,308.3640441894531,75352800
2026-07-06,307.0951430290638,313.9292760509671,306.7354678654279,312.3905944824219,53590000
2026-07-07,315.0183186077797,315.20815732134815,309.88273318392555,310.3923034667969,42490000
2026-07-08,311.6412289475945,314.5487250421545,306.7854009831778,313.1199645996094,41323500
2026-07-09,310.24243869469103,316.2572401947346,307.8944576262147,315.947509765625,48124500
2026-07-10,314.4488202226986,316.6369356310425,311.9010296470402,315.0483093261719,34132300
2026-07-13,316.7468014245228,323.171283634363,315.5078797345754,317.03656005859375,43257800
2026-07-14,313.48965629761443,315.91755515351207,311.64124426456783,314.58868408203125,36336800
2026-07-15,317.34631234952286,328.44675508114506,317.0465830462295,327.2178039550781,60957600
2026-07-16,327.72736328456057,334.3915986652446,326.50841333986017,332.97283935546875,62970600
2026-07-17,331.693929977533,334.7013154010385,328.71648699084636,333.452392578125,63407100
2026-07-20,333.2226134619852,333.4224228207836,323.4010672140761,326.3085632324219,53468000
2026-07-21,322.85156758462244,329.3159936819017,321.94234806189104,327.45758056640625,41338900
2026-07-22,327.58746619388995,328.7164973399543,323.0613709608057,325.60919189453125,38755900
2026-07-23,321.4527900194849,323.0214140443725,319.0748358849152,321.3828430175781,40840800
2026-07-24,321.5127284115298,334.0818750563203,321.3428614810286,332.7330322265625,47489400
2026-07-27,334.2517370375488,339.277401491225,333.73216560461384,336.61968994140625,49604300
2026-07-28,339.73698155301014,342.59453283396704,335.31080637618777,339.78692626953125,51859000
2026-07-29,339.43727163464206,344.2730974331505,337.0593175600121,337.8985900878906,56090800
2026-07-30,332.8129674612056,334.4615395264105,329.30598233808786,333.1426696777344,74817800
2026-07-31,304.54735603914753,310.4222943774597,299.7415030462749,308.6438293457031,132489100
2026-08-03,309.313234694189,311.5313230344714,302.29929450581176,303.1585693359375,75052000
2026-08-04,302.46913991298527,310.1525156602479,301.0603512911937,309.1134033203125,68001000
2026-08-05,309.09342362565195,311.4414048335362,305.40663118634393,310.7320251464844,49438800
2026-08-06,314.06913775686996,316.0174696892129,308.96355554648414,312.14080810546875,46139900
2026-08-07,311.1816431226555,314.53873325457766,310.47223295908327,313.05999755859375,34437200
2026-08-10,306.8299865722656,308.260009765625,304.6099853515625,308.260009765625,44812500
2026-08-11,307.75,309.9700012207031,302.7900085449219,304.9100036621094,37476700
2026-08-12,305.1000061035156,305.6600036621094,300.57000732421875,302.25,41657800
2026-08-13,304.2099914550781,306.0,302.04998779296875,305.260009765625,40349300
2026-08-14,306.0,307.489990234375,304.29998779296875,305.92999267578125,28229400
2026-08-17,306.2099914550781,307.6600036621094,302.94000244140625,305.5899963378906,38169300
2026-08-18,307.5799865722656,311.489990234375,305.739990234375,310.0299987792969,53424500
2026-08-19,310.1400146484375,319.2799987792969,309.6000061035156,316.8299865722656,50505600
2026-08-20,317.4599914550781,320.2799987792969,310.6499938964844,311.29998779296875,40959200
2026-08-21,312.04998779296875,312.3800048828125,307.010009765625,309.3500061035156,46876800
2026-08-24,311.4700012207031,313.3599853515625,309.9700012207031,310.3399963378906,34673600
2026-08-25,310.7900085449219,313.5899963378906,308.2099914550781,309.8999938964844,25869800
2026-08-26,310.29998779296875,315.42999267578125,308.79998779296875,313.45001220703125,34024500
2026-08-27,310.54998779296875,315.3999938964844,309.3999938964844,314.5799865722656,32419200
2026-08-28,316.8500061035156,322.3699951171875,315.45001220703125,319.70001220703125,38649400
2026-08-31,319.6000061035156,321.239990234375,312.79998779296875,316.8500061035156,41242700
2026-09-01,316.9800109863281,327.29998779296875,314.7300109863281,325.1300048828125,53167400
2026-09-02,326.8699951171875,328.3999938964844,323.5299987792969,324.9599914550781,33776400
2026-09-03,324.8699951171875,330.80999755859375,324.1099853515625,328.2099914550781,37225800
2026-09-04,328.30999755859375,328.92999267578125,317.8599853515625,319.9700012207031,39606900
2026-09-08,317.1000061035156,320.70001220703125,314.8999938964844,316.2200012207031,35477100
2026-09-09,315.489990234375,319.1499938964844,309.8999938964844,315.3399963378906,65640000
2026-09-10,316.6700134277344,326.739990234375,316.510009765625,326.57000732421875,70011900
2026-09-11,327.45001220703125,336.2200012207031,326.29998779296875,332.2699890136719,50716900
2026-09-14,334.7900085449219,335.5,331.3399963378906,333.0799865722656,39269100
2026-09-15,330.1400146484375,331.7799987792969,328.3500061035156,331.3399963378906,31748200
2026-09-16,332.5299987792969,335.4800109863281,330.70001220703125,332.4100036621094,35981000
2026-09-17,334.7699890136719,338.3399963378906,330.17999267578125,337.0,36700200
2026-09-18,337.9100036621094,338.489990234375,332.5299987792969,336.1300048828125,86588200
2026-09-21,335.2799987792969,339.6400146484375,333.04998779296875,338.9800109863281,34999200
2026-09-22,340.1400146484375,345.3399963378906,338.75,339.75,40711800
2026-09-23,341.0799865722656,341.79998779296875,335.5,337.0199890136719,31658800
2026-09-24,336.7200012207031,338.9100036621094,334.29998779296875,335.9200134277344,24733100
2026-09-25,336.0400085449219,341.6700134277344,334.5299987792969,341.07000732421875,30002500
2026-09-28,340.3699951171875,342.989990234375,338.0400085449219,338.3999938964844,32820800
2026-09-29,336.9700012207031,337.0899963378906,328.70001220703125,329.3999938964844,38478000
2026-09-30,330.79998779296875,339.5,330.1400146484375,333.0199890136719,49988600
2026-10-01,330.0,332.4800109863281,325.80999755859375,330.32000732421875,36306300
2026-10-02,333.260009765625,334.5400085449219,330.6099853515625,333.69000244140625,33278600
2026-10-05,332.82000732421875,336.2099914550781,331.6499938964844,332.8900146484375,34400900
2026-10-06,332.2799987792969,334.3800048828125,330.6199951171875,333.6300048828125,30449000
2026-10-07,336.9599914550781,338.6700134277344,332.7799987792969,336.6700134277344,34147900
2026-10-08,336.82000732421875,341.57000732421875,335.8999938964844,340.4200134277344,35332400
2026-10-09,331.70001220703125,338.6099853515625,330.70001220703125,336.6400146484375,37855000
